ISO-10303-21;
HEADER;
FILE_DESCRIPTION (( 'STEP AP214' ),
    '1' );
FILE_NAME ('Car chassis.STEP',
    '2022-09-05T23:11:33',
    ( '' ),
    ( '' ),
    'SwSTEP 2.0',
    'SolidWorks 2021',
    '' );
FILE_SCHEMA (( 'AUTOMOTIVE_DESIGN' ));
ENDSEC;

DATA;
#1 = VECTOR ( 'NONE', #2757, 1000.000000000000000 ) ;
#2 = CARTESIAN_POINT ( 'NONE',  ( 31.49999999999998579, 3.000000000000000000, 51.00000000000001421 ) ) ;
#3 = ADVANCED_FACE ( 'NONE', ( #42 ), #1640, .F. ) ;
#4 = DIRECTION ( 'NONE',  ( -0.000000000000000000, -1.000000000000000000, -0.000000000000000000 ) ) ;
#5 = ORIENTED_EDGE ( 'NONE', *, *, #1229, .F. ) ;
#6 = DIRECTION ( 'NONE',  ( 1.000000000000000000, 0.000000000000000000, -1.321694076934710205E-15 ) ) ;
#7 = CARTESIAN_POINT ( 'NONE',  ( -7.564959519297359869E-15, 0.000000000000000000, -29.00000000000000000 ) ) ;
#8 = VECTOR ( 'NONE', #1407, 1000.000000000000000 ) ;
#9 = VERTEX_POINT ( 'NONE', #2929 ) ;
#10 = DIRECTION ( 'NONE',  ( -1.000000000000000000, 0.000000000000000000, 0.000000000000000000 ) ) ;
#11 = ORIENTED_EDGE ( 'NONE', *, *, #2755, .F. ) ;
#12 = FACE_OUTER_BOUND ( 'NONE', #2485, .T. ) ;
#13 = DIRECTION ( 'NONE',  ( -1.000000000000000000, 0.000000000000000000, -3.304235192336771568E-16 ) ) ;
#14 = ORIENTED_EDGE ( 'NONE', *, *, #1548, .F. ) ;
#15 = CIRCLE ( 'NONE', #2368, 2.000000000000001776 ) ;
#16 = DIRECTION ( 'NONE',  ( 0.000000000000000000, 0.000000000000000000, -1.000000000000000000 ) ) ;
#17 = VECTOR ( 'NONE', #383, 1000.000000000000000 ) ;
#18 = DIRECTION ( 'NONE',  ( 0.000000000000000000, 0.000000000000000000, -1.000000000000000000 ) ) ;
#19 = VERTEX_POINT ( 'NONE', #1593 ) ;
#20 = DIRECTION ( 'NONE',  ( 1.000000000000000000, -0.000000000000000000, 0.000000000000000000 ) ) ;
#21 = VECTOR ( 'NONE', #905, 1000.000000000000000 ) ;
#22 = ADVANCED_FACE ( 'NONE', ( #3860 ), #3236, .T. ) ;
#23 = CARTESIAN_POINT ( 'NONE',  ( -164.4999999999999716, 3.000000000000000000, 75.00000000000000000 ) ) ;
#24 = EDGE_CURVE ( 'NONE', #2039, #665, #585, .T. ) ;
#25 = DIRECTION ( 'NONE',  ( -1.000000000000000000, 0.000000000000000000, 4.336808689942059151E-16 ) ) ;
#26 = VECTOR ( 'NONE', #3060, 1000.000000000000000 ) ;
#27 = ORIENTED_EDGE ( 'NONE', *, *, #80, .F. ) ;
#28 = CARTESIAN_POINT ( 'NONE',  ( 0.000000000000000000, 3.000000000000000000, 48.00000000000000000 ) ) ;
#29 = CARTESIAN_POINT ( 'NONE',  ( 55.15000000000004832, 3.000000000000000000, 14.74999999999998401 ) ) ;
#30 = VERTEX_POINT ( 'NONE', #607 ) ;
#31 = FACE_OUTER_BOUND ( 'NONE', #2437, .T. ) ;
#32 = ORIENTED_EDGE ( 'NONE', *, *, #1508, .T. ) ;
#33 = ORIENTED_EDGE ( 'NONE', *, *, #814, .T. ) ;
#34 = LINE ( 'NONE', #995, #1832 ) ;
#35 = CARTESIAN_POINT ( 'NONE',  ( 5.947623346206188427E-15, 0.000000000000000000, -18.00000000000000000 ) ) ;
#36 = ORIENTED_EDGE ( 'NONE', *, *, #3004, .F. ) ;
#37 = DIRECTION ( 'NONE',  ( -1.000000000000000000, 0.000000000000000000, 0.000000000000000000 ) ) ;
#38 = CARTESIAN_POINT ( 'NONE',  ( -31.49999999999998579, 0.000000000000000000, 0.000000000000000000 ) ) ;
#39 = VERTEX_POINT ( 'NONE', #4116 ) ;
#40 = EDGE_CURVE ( 'NONE', #3877, #4030, #3299, .T. ) ;
#41 = CARTESIAN_POINT ( 'NONE',  ( -8.591011500075604892E-15, 3.000000000000000000, 26.00000000000000000 ) ) ;
#42 = FACE_OUTER_BOUND ( 'NONE', #1614, .T. ) ;
#43 = PLANE ( 'NONE',  #156 ) ;
#44 = ADVANCED_FACE ( 'NONE', ( #2910 ), #2612, .T. ) ;
#45 = ORIENTED_EDGE ( 'NONE', *, *, #1988, .T. ) ;
#46 = LINE ( 'NONE', #2616, #2494 ) ;
#47 = EDGE_CURVE ( 'NONE', #253, #4030, #2550, .T. ) ;
#48 = ORIENTED_EDGE ( 'NONE', *, *, #3335, .T. ) ;
#49 = CARTESIAN_POINT ( 'NONE',  ( 44.79999999999999005, 3.000000000000000000, 0.000000000000000000 ) ) ;
#50 = ORIENTED_EDGE ( 'NONE', *, *, #1886, .F. ) ;
#51 = EDGE_CURVE ( 'NONE', #2676, #195, #1867, .T. ) ;
#52 = EDGE_LOOP ( 'NONE', ( #3030, #3284, #3442, #3543 ) ) ;
#53 = AXIS2_PLACEMENT_3D ( 'NONE', #1512, #1529, #1910 ) ;
#54 = CARTESIAN_POINT ( 'NONE',  ( -63.14999999999994174, 3.000000000000000000, 14.74999999999999822 ) ) ;
#55 = DIRECTION ( 'NONE',  ( -1.000000000000000000, 0.000000000000000000, -2.608606730792192854E-16 ) ) ;
#56 = ORIENTED_EDGE ( 'NONE', *, *, #3203, .T. ) ;
#57 = DIRECTION ( 'NONE',  ( 0.000000000000000000, 1.000000000000000000, -0.000000000000000000 ) ) ;
#58 = VECTOR ( 'NONE', #1315, 1000.000000000000000 ) ;
#59 = CARTESIAN_POINT ( 'NONE',  ( 55.15000000000004832, 3.000000000000000000, 0.000000000000000000 ) ) ;
#60 = ORIENTED_EDGE ( 'NONE', *, *, #381, .T. ) ;
#61 = FACE_OUTER_BOUND ( 'NONE', #2534, .T. ) ;
#62 = UNCERTAINTY_MEASURE_WITH_UNIT (LENGTH_MEASURE( 1.000000000000000082E-05 ), #3712, 'distance_accuracy_value', 'NONE');
#63 = EDGE_CURVE ( 'NONE', #2474, #855, #1889, .T. ) ;
#64 = CARTESIAN_POINT ( 'NONE',  ( -2.457524924300475350E-14, 3.000000000000000000, -51.00000000000000000 ) ) ;
#65 = CARTESIAN_POINT ( 'NONE',  ( 44.79999999999996163, 3.000000000000000000, 51.00000000000002132 ) ) ;
#66 = LINE ( 'NONE', #3279, #2032 ) ;
#67 = VECTOR ( 'NONE', #3772, 1000.000000000000000 ) ;
#68 = ORIENTED_EDGE ( 'NONE', *, *, #3007, .F. ) ;
#69 = DIRECTION ( 'NONE',  ( -0.000000000000000000, -1.000000000000000000, -0.000000000000000000 ) ) ;
#70 = VECTOR ( 'NONE', #1244, 1000.000000000000000 ) ;
#71 = ORIENTED_EDGE ( 'NONE', *, *, #252, .F. ) ;
#72 = CIRCLE ( 'NONE', #2083, 2.999999999999988898 ) ;
#73 = FACE_BOUND ( 'NONE', #2681, .T. ) ;
#74 = ORIENTED_EDGE ( 'NONE', *, *, #2629, .T. ) ;
#75 = VERTEX_POINT ( 'NONE', #4135 ) ;
#76 = DIRECTION ( 'NONE',  ( 0.000000000000000000, 0.000000000000000000, -1.000000000000000000 ) ) ;
#77 = AXIS2_PLACEMENT_3D ( 'NONE', #1493, #2059, #4051 ) ;
#78 = EDGE_CURVE ( 'NONE', #2474, #3518, #2845, .T. ) ;
#79 = DIRECTION ( 'NONE',  ( 1.000000000000000000, 0.000000000000000000, -9.637352644315594010E-17 ) ) ;
#80 = EDGE_CURVE ( 'NONE', #3791, #2722, #334, .T. ) ;
#81 = ORIENTED_EDGE ( 'NONE', *, *, #3114, .T. ) ;
#82 = CARTESIAN_POINT ( 'NONE',  ( 55.15000000000004832, 3.000000000000000000, 0.000000000000000000 ) ) ;
#83 = EDGE_CURVE ( 'NONE', #2594, #2180, #1912, .T. ) ;
#84 = DIRECTION ( 'NONE',  ( 0.000000000000000000, 1.000000000000000000, -0.000000000000000000 ) ) ;
#85 = VECTOR ( 'NONE', #293, 1000.000000000000000 ) ;
#86 = ORIENTED_EDGE ( 'NONE', *, *, #307, .T. ) ;
#87 = CARTESIAN_POINT ( 'NONE',  ( 0.000000000000000000, 3.000000000000000000, -26.00000000000000355 ) ) ;
#88 = AXIS2_PLACEMENT_3D ( 'NONE', #1677, #1971, #2114 ) ;
#89 = CARTESIAN_POINT ( 'NONE',  ( 4.915049848600952908E-15, 0.000000000000000000, 50.99999999999999289 ) ) ;
#90 = LINE ( 'NONE', #1048, #2229 ) ;
#91 = CARTESIAN_POINT ( 'NONE',  ( 1.601283208593974469E-14, 3.000000000000000000, 74.99999999999997158 ) ) ;
#92 = AXIS2_PLACEMENT_3D ( 'NONE', #3611, #3341, #1343 ) ;
#93 = ORIENTED_EDGE ( 'NONE', *, *, #4049, .T. ) ;
#94 = FACE_OUTER_BOUND ( 'NONE', #1463, .T. ) ;
#95 = ORIENTED_EDGE ( 'NONE', *, *, #2772, .T. ) ;
#96 = DIRECTION ( 'NONE',  ( -0.000000000000000000, -1.000000000000000000, 0.000000000000000000 ) ) ;
#97 = ORIENTED_EDGE ( 'NONE', *, *, #2358, .T. ) ;
#98 = ORIENTED_EDGE ( 'NONE', *, *, #3337, .F. ) ;
#99 = LINE ( 'NONE', #3621, #2779 ) ;
#100 = CARTESIAN_POINT ( 'NONE',  ( -44.79999999999997584, 3.000000000000000000, 26.00000000000000355 ) ) ;
#101 = VERTEX_POINT ( 'NONE', #2251 ) ;
#102 = EDGE_CURVE ( 'NONE', #3436, #3980, #2529, .T. ) ;
#103 = DIRECTION ( 'NONE',  ( 1.000000000000000000, -0.000000000000000000, 0.000000000000000000 ) ) ;
#104 = EDGE_CURVE ( 'NONE', #2097, #2788, #1128, .T. ) ;
#105 = ORIENTED_EDGE ( 'NONE', *, *, #2844, .F. ) ;
#106 = DIRECTION ( 'NONE',  ( 1.000000000000000000, 0.000000000000000000, 0.000000000000000000 ) ) ;
#107 = PLANE ( 'NONE',  #139 ) ;
#108 = PLANE ( 'NONE',  #4112 ) ;
#109 = DIRECTION ( 'NONE',  ( 0.000000000000000000, 0.000000000000000000, -1.000000000000000000 ) ) ;
#110 = EDGE_LOOP ( 'NONE', ( #2801, #3937 ) ) ;
#111 = CARTESIAN_POINT ( 'NONE',  ( -69.64999999999996305, 0.000000000000000000, -17.99999999999999289 ) ) ;
#112 = ORIENTED_EDGE ( 'NONE', *, *, #1485, .F. ) ;
#113 = CARTESIAN_POINT ( 'NONE',  ( -20.49999999999998934, 3.000000000000000000, 50.99999999999999289 ) ) ;
#114 = ORIENTED_EDGE ( 'NONE', *, *, #2750, .F. ) ;
#115 = ORIENTED_EDGE ( 'NONE', *, *, #2156, .F. ) ;
#116 = CARTESIAN_POINT ( 'NONE',  ( 99.50000000000002842, 0.000000000000000000, 52.99999999999990763 ) ) ;
#117 = EDGE_CURVE ( 'NONE', #2291, #3124, #2366, .T. ) ;
#118 = CARTESIAN_POINT ( 'NONE',  ( 3.198396408832267663E-15, 3.000000000000000000, 14.74999999999999645 ) ) ;
#119 = ORIENTED_EDGE ( 'NONE', *, *, #2924, .F. ) ;
#120 = DIRECTION ( 'NONE',  ( 1.000000000000000000, 0.000000000000000000, -3.202566417187950535E-16 ) ) ;
#121 = ORIENTED_EDGE ( 'NONE', *, *, #2623, .F. ) ;
#122 = VECTOR ( 'NONE', #3381, 1000.000000000000000 ) ;
#123 = EDGE_CURVE ( 'NONE', #4023, #2092, #3484, .T. ) ;
#124 = CARTESIAN_POINT ( 'NONE',  ( 100.0000000000000000, 3.000000000000000000, -10.50000000000004796 ) ) ;
#125 = VECTOR ( 'NONE', #3826, 1000.000000000000000 ) ;
#126 = EDGE_CURVE ( 'NONE', #2214, #1243, #3305, .T. ) ;
#127 = DIRECTION ( 'NONE',  ( 0.000000000000000000, 0.000000000000000000, 1.000000000000000000 ) ) ;
#128 = DIRECTION ( 'NONE',  ( 1.000000000000000000, -0.000000000000000000, 0.000000000000000000 ) ) ;
#129 = CARTESIAN_POINT ( 'NONE',  ( 0.000000000000000000, 0.000000000000000000, 14.74999999999999822 ) ) ;
#130 = ORIENTED_EDGE ( 'NONE', *, *, #3169, .F. ) ;
#131 = CARTESIAN_POINT ( 'NONE',  ( -1.268516541808051705E-14, 3.000000000000000000, 29.24999999999998934 ) ) ;
#132 = ADVANCED_FACE ( 'NONE', ( #1032 ), #3631, .T. ) ;
#133 = VECTOR ( 'NONE', #3682, 1000.000000000000000 ) ;
#134 = VERTEX_POINT ( 'NONE', #3340 ) ;
#135 = DIRECTION ( 'NONE',  ( -1.000000000000000000, 0.000000000000000000, 0.000000000000000000 ) ) ;
#136 = VERTEX_POINT ( 'NONE', #1658 ) ;
#137 = ORIENTED_EDGE ( 'NONE', *, *, #3866, .F. ) ;
#138 = CARTESIAN_POINT ( 'NONE',  ( -55.15000000000001990, 3.000000000000000000, 29.25000000000000000 ) ) ;
#139 = AXIS2_PLACEMENT_3D ( 'NONE', #3962, #1402, #3277 ) ;
#140 = VECTOR ( 'NONE', #69, 1000.000000000000000 ) ;
#141 = LINE ( 'NONE', #3977, #533 ) ;
#142 = VERTEX_POINT ( 'NONE', #3301 ) ;
#143 = CARTESIAN_POINT ( 'NONE',  ( 0.000000000000000000, 3.000000000000000000, -25.99999999999999289 ) ) ;
#144 = ORIENTED_EDGE ( 'NONE', *, *, #3717, .T. ) ;
#145 = DIRECTION ( 'NONE',  ( 0.000000000000000000, 0.000000000000000000, 1.000000000000000000 ) ) ;
#146 = AXIS2_PLACEMENT_3D ( 'NONE', #1862, #3503, #3149 ) ;
#147 = DIRECTION ( 'NONE',  ( -0.000000000000000000, -1.000000000000000000, -0.000000000000000000 ) ) ;
#148 = LINE ( 'NONE', #1426, #617 ) ;
#149 = DIRECTION ( 'NONE',  ( -0.000000000000000000, -1.000000000000000000, -0.000000000000000000 ) ) ;
#150 = VERTEX_POINT ( 'NONE', #2335 ) ;
#151 = DIRECTION ( 'NONE',  ( -1.000000000000000000, 0.000000000000000000, 0.000000000000000000 ) ) ;
#152 = ADVANCED_FACE ( 'NONE', ( #3652 ), #108, .F. ) ;
#153 = AXIS2_PLACEMENT_3D ( 'NONE', #3677, #155, #2677 ) ;
#154 = EDGE_LOOP ( 'NONE', ( #2343, #3532, #660, #45 ) ) ;
#155 = DIRECTION ( 'NONE',  ( -9.637352644315595243E-17, 0.000000000000000000, -1.000000000000000000 ) ) ;
#156 = AXIS2_PLACEMENT_3D ( 'NONE', #3823, #1301, #695 ) ;
#157 = ORIENTED_EDGE ( 'NONE', *, *, #2238, .F. ) ;
#158 = ORIENTED_EDGE ( 'NONE', *, *, #686, .F. ) ;
#159 = LINE ( 'NONE', #1789, #1428 ) ;
#160 = LINE ( 'NONE', #2412, #1069 ) ;
#161 = CYLINDRICAL_SURFACE ( 'NONE', #88, 3.000000000000002665 ) ;
#162 = ORIENTED_EDGE ( 'NONE', *, *, #2522, .F. ) ;
#163 = LINE ( 'NONE', #4020, #3616 ) ;
#164 = LINE ( 'NONE', #2010, #1194 ) ;
#165 = ORIENTED_EDGE ( 'NONE', *, *, #63, .T. ) ;
#166 = LINE ( 'NONE', #2098, #3079 ) ;
#167 = DIRECTION ( 'NONE',  ( 0.000000000000000000, 0.000000000000000000, -1.000000000000000000 ) ) ;
#168 = EDGE_CURVE ( 'NONE', #2760, #3999, #693, .T. ) ;
#169 = DIRECTION ( 'NONE',  ( 0.000000000000000000, 0.000000000000000000, 1.000000000000000000 ) ) ;
#170 = DIRECTION ( 'NONE',  ( 0.000000000000000000, 0.000000000000000000, -1.000000000000000000 ) ) ;
#171 = ORIENTED_EDGE ( 'NONE', *, *, #2589, .T. ) ;
#172 = DIRECTION ( 'NONE',  ( -0.000000000000000000, -1.000000000000000000, -0.000000000000000000 ) ) ;
#173 = ORIENTED_EDGE ( 'NONE', *, *, #2390, .T. ) ;
#174 = PLANE ( 'NONE',  #2578 ) ;
#175 = ORIENTED_EDGE ( 'NONE', *, *, #126, .T. ) ;
#176 = EDGE_LOOP ( 'NONE', ( #3606, #3824, #412, #2817, #901, #3162, #81, #3768, #2450, #2558, #2431, #3354 ) ) ;
#177 = LINE ( 'NONE', #861, #26 ) ;
#178 = EDGE_CURVE ( 'NONE', #1192, #3641, #1383, .T. ) ;
#179 = DIRECTION ( 'NONE',  ( 1.000000000000000000, -0.000000000000000000, 0.000000000000000000 ) ) ;
#180 = ADVANCED_FACE ( 'NONE', ( #3610 ), #2318, .F. ) ;
#181 = DIRECTION ( 'NONE',  ( 0.000000000000000000, 0.000000000000000000, 1.000000000000000000 ) ) ;
#182 = ORIENTED_EDGE ( 'NONE', *, *, #1252, .F. ) ;
#183 = LINE ( 'NONE', #2154, #2752 ) ;
#184 = EDGE_LOOP ( 'NONE', ( #3033, #3491, #1212, #776 ) ) ;
#185 = LINE ( 'NONE', #1065, #853 ) ;
#186 = CARTESIAN_POINT ( 'NONE',  ( -44.80000000000020322, 3.000000000000000000, 2.072416312633628403E-13 ) ) ;
#187 = DIRECTION ( 'NONE',  ( 0.000000000000000000, 0.000000000000000000, 1.000000000000000000 ) ) ;
#188 = EDGE_LOOP ( 'NONE', ( #1564, #1996, #1848, #3067 ) ) ;
#189 = DIRECTION ( 'NONE',  ( 0.000000000000000000, 0.000000000000000000, 1.000000000000000000 ) ) ;
#190 = EDGE_CURVE ( 'NONE', #2784, #360, #3104, .T. ) ;
#191 = VECTOR ( 'NONE', #2667, 1000.000000000000000 ) ;
#192 = VERTEX_POINT ( 'NONE', #3942 ) ;
#193 = PLANE ( 'NONE',  #2776 ) ;
#194 = VECTOR ( 'NONE', #3793, 1000.000000000000000 ) ;
#195 = VERTEX_POINT ( 'NONE', #3963 ) ;
#196 = CARTESIAN_POINT ( 'NONE',  ( -69.64999999999999147, 0.000000000000000000, 17.99999999999999289 ) ) ;
#197 = EDGE_CURVE ( 'NONE', #3498, #1302, #148, .T. ) ;
#198 = DIRECTION ( 'NONE',  ( 0.000000000000000000, 0.000000000000000000, 1.000000000000000000 ) ) ;
#199 = CARTESIAN_POINT ( 'NONE',  ( -2.457524924300475350E-14, 0.000000000000000000, -51.00000000000000000 ) ) ;
#200 = VERTEX_POINT ( 'NONE', #2991 ) ;
#201 = VECTOR ( 'NONE', #3204, 1000.000000000000000 ) ;
#202 = LINE ( 'NONE', #4040, #1674 ) ;
#203 = EDGE_CURVE ( 'NONE', #964, #1577, #2852, .T. ) ;
#204 = EDGE_CURVE ( 'NONE', #3845, #250, #3593, .T. ) ;
#205 = VECTOR ( 'NONE', #1976, 1000.000000000000000 ) ;
#206 = VERTEX_POINT ( 'NONE', #2380 ) ;
#207 = ORIENTED_EDGE ( 'NONE', *, *, #3667, .T. ) ;
#208 = CARTESIAN_POINT ( 'NONE',  ( -63.14999999999994174, 3.000000000000000000, 25.99999999999999289 ) ) ;
#209 = LINE ( 'NONE', #1108, #3024 ) ;
#210 = LINE ( 'NONE', #854, #2698 ) ;
#211 = ORIENTED_EDGE ( 'NONE', *, *, #2800, .T. ) ;
#212 = DIRECTION ( 'NONE',  ( 0.000000000000000000, 0.000000000000000000, -1.000000000000000000 ) ) ;
#213 = ORIENTED_EDGE ( 'NONE', *, *, #3027, .F. ) ;
#214 = DIRECTION ( 'NONE',  ( 0.000000000000000000, 0.000000000000000000, 1.000000000000000000 ) ) ;
#215 = VECTOR ( 'NONE', #2078, 1000.000000000000000 ) ;
#216 = ORIENTED_EDGE ( 'NONE', *, *, #2675, .F. ) ;
#217 = DIRECTION ( 'NONE',  ( 0.000000000000000000, 0.000000000000000000, -1.000000000000000000 ) ) ;
#218 = AXIS2_PLACEMENT_3D ( 'NONE', #1388, #1055, #3015 ) ;
#219 = DIRECTION ( 'NONE',  ( 0.000000000000000000, 0.000000000000000000, -1.000000000000000000 ) ) ;
#220 = CYLINDRICAL_SURFACE ( 'NONE', #1960, 1.999999999999994893 ) ;
#221 = EDGE_CURVE ( 'NONE', #1135, #3641, #2634, .T. ) ;
#222 = EDGE_LOOP ( 'NONE', ( #3117, #2868, #2753, #3205 ) ) ;
#223 = LINE ( 'NONE', #2438, #1333 ) ;
#224 = VECTOR ( 'NONE', #796, 1000.000000000000000 ) ;
#225 = LINE ( 'NONE', #622, #3089 ) ;
#226 = ORIENTED_EDGE ( 'NONE', *, *, #806, .F. ) ;
#227 = AXIS2_PLACEMENT_3D ( 'NONE', #1774, #3993, #1436 ) ;
#228 = EDGE_CURVE ( 'NONE', #2025, #587, #3879, .T. ) ;
#229 = ORIENTED_EDGE ( 'NONE', *, *, #2750, .T. ) ;
#230 = CARTESIAN_POINT ( 'NONE',  ( -95.49999999999997158, 3.000000000000000000, 74.99999999999998579 ) ) ;
#231 = DIRECTION ( 'NONE',  ( 0.000000000000000000, 0.000000000000000000, -1.000000000000000000 ) ) ;
#232 = CARTESIAN_POINT ( 'NONE',  ( -31.49999999999998579, 3.000000000000000000, 0.000000000000000000 ) ) ;
#233 = ADVANCED_FACE ( 'NONE', ( #1342 ), #3258, .F. ) ;
#234 = EDGE_LOOP ( 'NONE', ( #2541, #1818, #3464, #1603 ) ) ;
#235 = FACE_BOUND ( 'NONE', #4090, .T. ) ;
#236 = EDGE_LOOP ( 'NONE', ( #3654, #1433, #4144, #797 ) ) ;
#237 = DIRECTION ( 'NONE',  ( -1.000000000000000000, 0.000000000000000000, -2.608606730792192854E-16 ) ) ;
#238 = ORIENTED_EDGE ( 'NONE', *, *, #3505, .F. ) ;
#239 = CARTESIAN_POINT ( 'NONE',  ( -69.64999999999996305, 3.000000000000000000, -17.99999999999999289 ) ) ;
#240 = CARTESIAN_POINT ( 'NONE',  ( -63.15000000000001279, 3.000000000000000000, -14.74999999999999822 ) ) ;
#241 = LINE ( 'NONE', #4078, #3154 ) ;
#242 = CARTESIAN_POINT ( 'NONE',  ( 48.64999999999999147, 3.000000000000000000, -26.00000000000001776 ) ) ;
#243 = ORIENTED_EDGE ( 'NONE', *, *, #791, .F. ) ;
#244 = FACE_OUTER_BOUND ( 'NONE', #1660, .T. ) ;
#245 = EDGE_CURVE ( 'NONE', #3124, #2414, #712, .T. ) ;
#246 = DIRECTION ( 'NONE',  ( 0.000000000000000000, 1.000000000000000000, -0.000000000000000000 ) ) ;
#247 = ORIENTED_EDGE ( 'NONE', *, *, #636, .F. ) ;
#248 = CARTESIAN_POINT ( 'NONE',  ( -17.49999999999998934, 3.000000000000000000, 53.99999999999999289 ) ) ;
#249 = LINE ( 'NONE', #3985, #3430 ) ;
#250 = VERTEX_POINT ( 'NONE', #1705 ) ;
#251 = FACE_BOUND ( 'NONE', #3142, .T. ) ;
#252 = EDGE_CURVE ( 'NONE', #3146, #3065, #90, .T. ) ;
#253 = VERTEX_POINT ( 'NONE', #731 ) ;
#254 = CARTESIAN_POINT ( 'NONE',  ( 99.49999999999997158, 0.000000000000000000, -51.00000000000006395 ) ) ;
#255 = ORIENTED_EDGE ( 'NONE', *, *, #104, .F. ) ;
#256 = VECTOR ( 'NONE', #537, 1000.000000000000000 ) ;
#257 = DIRECTION ( 'NONE',  ( 0.000000000000000000, 0.000000000000000000, 1.000000000000000000 ) ) ;
#258 = DIRECTION ( 'NONE',  ( 1.000000000000000000, -0.000000000000000000, 0.000000000000000000 ) ) ;
#259 = EDGE_CURVE ( 'NONE', #425, #2226, #2670, .T. ) ;
#260 = AXIS2_PLACEMENT_3D ( 'NONE', #2900, #57, #1969 ) ;
#261 = DIRECTION ( 'NONE',  ( 0.000000000000000000, 0.000000000000000000, 1.000000000000000000 ) ) ;
#262 = DIRECTION ( 'NONE',  ( -0.000000000000000000, -1.000000000000000000, -0.000000000000000000 ) ) ;
#263 = ORIENTED_EDGE ( 'NONE', *, *, #2236, .F. ) ;
#264 = CARTESIAN_POINT ( 'NONE',  ( 3.440534894020669087E-14, 3.000000000000000000, 51.00000000000000711 ) ) ;
#265 = AXIS2_PLACEMENT_3D ( 'NONE', #951, #3514, #651 ) ;
#266 = DIRECTION ( 'NONE',  ( -0.000000000000000000, -1.000000000000000000, -0.000000000000000000 ) ) ;
#267 = CIRCLE ( 'NONE', #1606, 2.999999999999988898 ) ;
#268 = ORIENTED_EDGE ( 'NONE', *, *, #3630, .T. ) ;
#269 = DIRECTION ( 'NONE',  ( -0.000000000000000000, -1.000000000000000000, -0.000000000000000000 ) ) ;
#270 = AXIS2_PLACEMENT_3D ( 'NONE', #3428, #864, #2129 ) ;
#271 = VECTOR ( 'NONE', #2254, 1000.000000000000000 ) ;
#272 = DIRECTION ( 'NONE',  ( -0.000000000000000000, -1.000000000000000000, -0.000000000000000000 ) ) ;
#273 = ORIENTED_EDGE ( 'NONE', *, *, #2989, .F. ) ;
#274 = LINE ( 'NONE', #2865, #2829 ) ;
#275 = AXIS2_PLACEMENT_3D ( 'NONE', #820, #1768, #212 ) ;
#276 = DIRECTION ( 'NONE',  ( 0.000000000000000000, 0.000000000000000000, 1.000000000000000000 ) ) ;
#277 = CARTESIAN_POINT ( 'NONE',  ( 44.79999999999997584, 3.000000000000000000, -48.00000000000001421 ) ) ;
#278 = EDGE_CURVE ( 'NONE', #1060, #3518, #2424, .T. ) ;
#279 = ORIENTED_EDGE ( 'NONE', *, *, #2718, .T. ) ;
#280 = DIRECTION ( 'NONE',  ( -0.000000000000000000, -1.000000000000000000, 0.000000000000000000 ) ) ;
#281 = FACE_OUTER_BOUND ( 'NONE', #1542, .T. ) ;
#282 = EDGE_LOOP ( 'NONE', ( #624, #2029, #1322, #3400 ) ) ;
#283 = DIRECTION ( 'NONE',  ( 1.321694076934710205E-15, 0.000000000000000000, -1.000000000000000000 ) ) ;
#284 = DIRECTION ( 'NONE',  ( -0.000000000000000000, -1.000000000000000000, -0.000000000000000000 ) ) ;
#285 = VECTOR ( 'NONE', #1572, 1000.000000000000000 ) ;
#286 = ORIENTED_EDGE ( 'NONE', *, *, #2500, .T. ) ;
#287 = DIRECTION ( 'NONE',  ( 0.000000000000000000, 0.000000000000000000, -1.000000000000000000 ) ) ;
#288 = AXIS2_PLACEMENT_3D ( 'NONE', #2197, #3806, #1502 ) ;
#289 = DIRECTION ( 'NONE',  ( -0.000000000000000000, -1.000000000000000000, -0.000000000000000000 ) ) ;
#290 = AXIS2_PLACEMENT_3D ( 'NONE', #2038, #1110, #1427 ) ;
#291 = ORIENTED_EDGE ( 'NONE', *, *, #3719, .F. ) ;
#292 = LINE ( 'NONE', #3814, #194 ) ;
#293 = DIRECTION ( 'NONE',  ( -0.000000000000000000, -1.000000000000000000, -0.000000000000000000 ) ) ;
#294 = ORIENTED_EDGE ( 'NONE', *, *, #3975, .T. ) ;
#295 = DIRECTION ( 'NONE',  ( 0.000000000000000000, 0.000000000000000000, -1.000000000000000000 ) ) ;
#296 = EDGE_CURVE ( 'NONE', #1287, #1667, #2101, .T. ) ;
#297 = DIRECTION ( 'NONE',  ( 0.000000000000000000, 0.000000000000000000, 1.000000000000000000 ) ) ;
#298 = CARTESIAN_POINT ( 'NONE',  ( -2.389728765385389976E-14, 3.000000000000000000, -62.50000000000000000 ) ) ;
#299 = ORIENTED_EDGE ( 'NONE', *, *, #1748, .T. ) ;
#300 = CARTESIAN_POINT ( 'NONE',  ( -95.49999999999997158, 3.000000000000000000, -54.00000000000000000 ) ) ;
#301 = CARTESIAN_POINT ( 'NONE',  ( 99.50000000000002842, 3.000000000000000000, 50.99999999999991473 ) ) ;
#302 = VERTEX_POINT ( 'NONE', #2400 ) ;
#303 = DIRECTION ( 'NONE',  ( -0.000000000000000000, -1.000000000000000000, -0.000000000000000000 ) ) ;
#304 = CARTESIAN_POINT ( 'NONE',  ( 5.947623346206188427E-15, 3.000000000000000000, 18.00000000000000000 ) ) ;
#305 = VERTEX_POINT ( 'NONE', #3131 ) ;
#306 = CARTESIAN_POINT ( 'NONE',  ( 5.947623346206188427E-15, 3.000000000000000000, -18.00000000000000000 ) ) ;
#307 = EDGE_CURVE ( 'NONE', #3778, #655, #1190, .T. ) ;
#308 = CARTESIAN_POINT ( 'NONE',  ( 44.79999999999999005, 3.000000000000000000, -29.00000000000001066 ) ) ;
#309 = EDGE_CURVE ( 'NONE', #802, #1898, #2483, .T. ) ;
#310 = VERTEX_POINT ( 'NONE', #1783 ) ;
#311 = CARTESIAN_POINT ( 'NONE',  ( -95.49999999999998579, 0.000000000000000000, -75.00000000000000000 ) ) ;
#312 = ADVANCED_FACE ( 'NONE', ( #2713 ), #3070, .T. ) ;
#313 = VERTEX_POINT ( 'NONE', #1490 ) ;
#314 = CARTESIAN_POINT ( 'NONE',  ( -63.14999999999994174, 0.000000000000000000, -0.000000000000000000 ) ) ;
#315 = CARTESIAN_POINT ( 'NONE',  ( 55.15000000000004832, 3.000000000000000000, 0.000000000000000000 ) ) ;
#316 = CARTESIAN_POINT ( 'NONE',  ( 44.80000000000020322, 0.000000000000000000, 2.072416312633628403E-13 ) ) ;
#317 = ORIENTED_EDGE ( 'NONE', *, *, #1610, .F. ) ;
#318 = DIRECTION ( 'NONE',  ( -2.775557561562901764E-14, 0.000000000000000000, 1.000000000000000000 ) ) ;
#319 = FACE_OUTER_BOUND ( 'NONE', #154, .T. ) ;
#320 = ORIENTED_EDGE ( 'NONE', *, *, #221, .F. ) ;
#321 = LINE ( 'NONE', #1601, #3770 ) ;
#322 = AXIS2_PLACEMENT_3D ( 'NONE', #1045, #2267, #2945 ) ;
#323 = ORIENTED_EDGE ( 'NONE', *, *, #3294, .T. ) ;
#324 = CARTESIAN_POINT ( 'NONE',  ( 55.15000000000004832, 0.000000000000000000, 0.000000000000000000 ) ) ;
#325 = VECTOR ( 'NONE', #2396, 1000.000000000000000 ) ;
#326 = DIRECTION ( 'NONE',  ( 0.000000000000000000, 0.000000000000000000, 1.000000000000000000 ) ) ;
#327 = VERTEX_POINT ( 'NONE', #480 ) ;
#328 = EDGE_CURVE ( 'NONE', #677, #1893, #3362, .T. ) ;
#329 = DIRECTION ( 'NONE',  ( -0.000000000000000000, -1.000000000000000000, -0.000000000000000000 ) ) ;
#330 = DIRECTION ( 'NONE',  ( 0.000000000000000000, 0.000000000000000000, 1.000000000000000000 ) ) ;
#331 = ORIENTED_EDGE ( 'NONE', *, *, #3995, .F. ) ;
#332 = CIRCLE ( 'NONE', #2685, 2.000000000000001776 ) ;
#333 = DIRECTION ( 'NONE',  ( -1.000000000000000000, 0.000000000000000000, 0.000000000000000000 ) ) ;
#334 = LINE ( 'NONE', #3822, #813 ) ;
#335 = DIRECTION ( 'NONE',  ( -3.304235192336770581E-16, 0.000000000000000000, 1.000000000000000000 ) ) ;
#336 = VERTEX_POINT ( 'NONE', #1844 ) ;
#337 = CARTESIAN_POINT ( 'NONE',  ( -44.79999999999996874, 3.000000000000000000, 51.00000000000000000 ) ) ;
#338 = DIRECTION ( 'NONE',  ( 0.000000000000000000, 0.000000000000000000, -1.000000000000000000 ) ) ;
#339 = ORIENTED_EDGE ( 'NONE', *, *, #744, .T. ) ;
#340 = FACE_BOUND ( 'NONE', #3364, .T. ) ;
#341 = ORIENTED_EDGE ( 'NONE', *, *, #2022, .T. ) ;
#342 = FACE_OUTER_BOUND ( 'NONE', #2978, .T. ) ;
#343 = AXIS2_PLACEMENT_3D ( 'NONE', #3672, #3440, #187 ) ;
#344 = EDGE_CURVE ( 'NONE', #101, #1135, #2138, .T. ) ;
#345 = DIRECTION ( 'NONE',  ( -0.000000000000000000, -1.000000000000000000, -0.000000000000000000 ) ) ;
#346 = EDGE_LOOP ( 'NONE', ( #173, #2686 ) ) ;
#347 = VECTOR ( 'NONE', #1959, 1000.000000000000000 ) ;
#348 = CARTESIAN_POINT ( 'NONE',  ( -164.4999999999999147, 3.000000000000000000, -74.99999999999990052 ) ) ;
#349 = ORIENTED_EDGE ( 'NONE', *, *, #3098, .F. ) ;
#350 = EDGE_CURVE ( 'NONE', #150, #2139, #249, .T. ) ;
#351 = VECTOR ( 'NONE', #488, 1000.000000000000000 ) ;
#352 = FACE_OUTER_BOUND ( 'NONE', #2052, .T. ) ;
#353 = ORIENTED_EDGE ( 'NONE', *, *, #2051, .F. ) ;
#354 = EDGE_CURVE ( 'NONE', #2938, #4067, #876, .T. ) ;
#355 = CARTESIAN_POINT ( 'NONE',  ( 44.79999999999999005, 3.000000000000000000, 29.00000000000001066 ) ) ;
#356 = AXIS2_PLACEMENT_3D ( 'NONE', #509, #2064, #1753 ) ;
#357 = ADVANCED_FACE ( 'NONE', ( #817 ), #1109, .F. ) ;
#358 = CARTESIAN_POINT ( 'NONE',  ( 3.440534894020669087E-14, 3.000000000000000000, 51.00000000000000711 ) ) ;
#359 = DIRECTION ( 'NONE',  ( -0.000000000000000000, -1.000000000000000000, -0.000000000000000000 ) ) ;
#360 = VERTEX_POINT ( 'NONE', #1764 ) ;
#361 = LINE ( 'NONE', #3549, #466 ) ;
#362 = CARTESIAN_POINT ( 'NONE',  ( 0.000000000000000000, 3.000000000000000000, -26.00000000000000355 ) ) ;
#363 = ORIENTED_EDGE ( 'NONE', *, *, #1240, .T. ) ;
#364 = CARTESIAN_POINT ( 'NONE',  ( -2.414221701368337005E-14, 3.000000000000000000, -64.50000000000000000 ) ) ;
#365 = ORIENTED_EDGE ( 'NONE', *, *, #3562, .F. ) ;
#366 = ORIENTED_EDGE ( 'NONE', *, *, #839, .T. ) ;
#367 = CARTESIAN_POINT ( 'NONE',  ( -1.268516541808042239E-14, 3.000000000000000000, -29.25000000000002132 ) ) ;
#368 = PLANE ( 'NONE',  #2756 ) ;
#369 = ORIENTED_EDGE ( 'NONE', *, *, #706, .F. ) ;
#370 = EDGE_CURVE ( 'NONE', #3494, #3384, #1467, .T. ) ;
#371 = CARTESIAN_POINT ( 'NONE',  ( 31.50000000000000000, 3.000000000000000000, 26.00000000000001066 ) ) ;
#372 = CARTESIAN_POINT ( 'NONE',  ( -69.64999999999999147, 3.000000000000000000, 17.99999999999999289 ) ) ;
#373 = ORIENTED_EDGE ( 'NONE', *, *, #3187, .F. ) ;
#374 = DIRECTION ( 'NONE',  ( 1.000000000000000000, 0.000000000000000000, 0.000000000000000000 ) ) ;
#375 = CARTESIAN_POINT ( 'NONE',  ( 63.14999999999997016, 3.000000000000000000, 17.99999999999997868 ) ) ;
#376 = CARTESIAN_POINT ( 'NONE',  ( 99.50000000000002842, 3.000000000000000000, 50.99999999999991473 ) ) ;
#377 = FACE_OUTER_BOUND ( 'NONE', #3286, .T. ) ;
#378 = ORIENTED_EDGE ( 'NONE', *, *, #2844, .T. ) ;
#379 = DIRECTION ( 'NONE',  ( 1.000000000000000000, 0.000000000000000000, -4.818676322157795403E-16 ) ) ;
#380 = ADVANCED_FACE ( 'NONE', ( #4028 ), #519, .T. ) ;
#381 = EDGE_CURVE ( 'NONE', #3622, #439, #2572, .T. ) ;
#382 = EDGE_LOOP ( 'NONE', ( #3855, #3316, #564, #1920 ) ) ;
#383 = DIRECTION ( 'NONE',  ( -0.000000000000000000, -1.000000000000000000, -0.000000000000000000 ) ) ;
#384 = ORIENTED_EDGE ( 'NONE', *, *, #941, .T. ) ;
#385 = ORIENTED_EDGE ( 'NONE', *, *, #694, .F. ) ;
#386 = FACE_OUTER_BOUND ( 'NONE', #1607, .T. ) ;
#387 = EDGE_CURVE ( 'NONE', #1629, #1533, #1802, .T. ) ;
#388 = VECTOR ( 'NONE', #3461, 1000.000000000000000 ) ;
#389 = SURFACE_STYLE_FILL_AREA ( #3268 ) ;
#390 = ORIENTED_EDGE ( 'NONE', *, *, #3607, .T. ) ;
#391 = CARTESIAN_POINT ( 'NONE',  ( -95.49999999999997158, 3.000000000000000000, 0.000000000000000000 ) ) ;
#392 = CARTESIAN_POINT ( 'NONE',  ( -48.64999999999996305, 0.000000000000000000, -25.99999999999999289 ) ) ;
#393 = VERTEX_POINT ( 'NONE', #3091 ) ;
#394 = CARTESIAN_POINT ( 'NONE',  ( 31.49999999999998579, 3.000000000000000000, 51.00000000000001421 ) ) ;
#395 = FACE_OUTER_BOUND ( 'NONE', #974, .T. ) ;
#396 = EDGE_CURVE ( 'NONE', #475, #1961, #210, .T. ) ;
#397 = DIRECTION ( 'NONE',  ( -0.000000000000000000, -1.000000000000000000, 0.000000000000000000 ) ) ;
#398 = DIRECTION ( 'NONE',  ( 1.000000000000000000, -0.000000000000000000, 0.000000000000000000 ) ) ;
#399 = EDGE_LOOP ( 'NONE', ( #3869, #291, #999, #2146 ) ) ;
#400 = FACE_OUTER_BOUND ( 'NONE', #184, .T. ) ;
#401 = AXIS2_PLACEMENT_3D ( 'NONE', #2151, #3449, #591 ) ;
#402 = VERTEX_POINT ( 'NONE', #1822 ) ;
#403 = EDGE_CURVE ( 'NONE', #1664, #1498, #3113, .T. ) ;
#404 = CYLINDRICAL_SURFACE ( 'NONE', #752, 2.999999999999988898 ) ;
#405 = ORIENTED_EDGE ( 'NONE', *, *, #3252, .F. ) ;
#406 = ORIENTED_EDGE ( 'NONE', *, *, #3866, .T. ) ;
#407 = CARTESIAN_POINT ( 'NONE',  ( -95.49999999999990052, 0.000000000000000000, 1.262217843472647224E-13 ) ) ;
#408 = CARTESIAN_POINT ( 'NONE',  ( 0.000000000000000000, 3.000000000000000000, 17.99999999999999289 ) ) ;
#409 = ORIENTED_EDGE ( 'NONE', *, *, #3723, .T. ) ;
#410 = CARTESIAN_POINT ( 'NONE',  ( -31.49999999999998579, 0.000000000000000000, 29.00000000000000000 ) ) ;
#411 = VECTOR ( 'NONE', #2758, 1000.000000000000000 ) ;
#412 = ORIENTED_EDGE ( 'NONE', *, *, #3537, .T. ) ;
#413 = CARTESIAN_POINT ( 'NONE',  ( 99.50000000000002842, 0.000000000000000000, 48.99999999999992184 ) ) ;
#414 = VECTOR ( 'NONE', #3533, 1000.000000000000000 ) ;
#415 = DIRECTION ( 'NONE',  ( -1.000000000000000000, 0.000000000000000000, -2.608606730792192854E-16 ) ) ;
#416 = DIRECTION ( 'NONE',  ( -0.000000000000000000, -1.000000000000000000, -0.000000000000000000 ) ) ;
#417 = LINE ( 'NONE', #3363, #3572 ) ;
#418 = AXIS2_PLACEMENT_3D ( 'NONE', #1953, #335, #3880 ) ;
#419 = ORIENTED_EDGE ( 'NONE', *, *, #2150, .F. ) ;
#420 = CARTESIAN_POINT ( 'NONE',  ( 63.14999999999997016, 3.000000000000000000, 0.000000000000000000 ) ) ;
#421 = EDGE_CURVE ( 'NONE', #4118, #1372, #4005, .T. ) ;
#422 = VECTOR ( 'NONE', #743, 1000.000000000000000 ) ;
#423 = ORIENTED_EDGE ( 'NONE', *, *, #449, .T. ) ;
#424 = DIRECTION ( 'NONE',  ( 0.000000000000000000, 0.000000000000000000, -1.000000000000000000 ) ) ;
#425 = VERTEX_POINT ( 'NONE', #2225 ) ;
#426 = VERTEX_POINT ( 'NONE', #3170 ) ;
#427 = DIRECTION ( 'NONE',  ( 4.625929269271471123E-15, 0.000000000000000000, 1.000000000000000000 ) ) ;
#428 = DIRECTION ( 'NONE',  ( -0.000000000000000000, -1.000000000000000000, -0.000000000000000000 ) ) ;
#429 = EDGE_CURVE ( 'NONE', #1309, #3280, #1884, .T. ) ;
#430 = ORIENTED_EDGE ( 'NONE', *, *, #965, .T. ) ;
#431 = CARTESIAN_POINT ( 'NONE',  ( 63.14999999999997016, 3.000000000000000000, -29.25000000000001421 ) ) ;
#432 = ADVANCED_FACE ( 'NONE', ( #1928 ), #1612, .F. ) ;
#433 = VERTEX_POINT ( 'NONE', #900 ) ;
#434 = CARTESIAN_POINT ( 'NONE',  ( 55.15000000000004832, 0.000000000000000000, 14.74999999999998401 ) ) ;
#435 = EDGE_CURVE ( 'NONE', #3494, #2923, #982, .T. ) ;
#436 = CYLINDRICAL_SURFACE ( 'NONE', #666, 3.000000000000002665 ) ;
#437 = DIRECTION ( 'NONE',  ( -1.000000000000000000, 0.000000000000000000, 6.746146851020918889E-16 ) ) ;
#438 = LINE ( 'NONE', #129, #2307 ) ;
#439 = VERTEX_POINT ( 'NONE', #1950 ) ;
#440 = CARTESIAN_POINT ( 'NONE',  ( -100.0000000000000000, 3.000000000000000000, 10.49999999999999112 ) ) ;
#441 = VERTEX_POINT ( 'NONE', #1211 ) ;
#442 = LINE ( 'NONE', #1037, #3309 ) ;
#443 = ORIENTED_EDGE ( 'NONE', *, *, #3110, .T. ) ;
#444 = EDGE_LOOP ( 'NONE', ( #3697, #4062, #175, #469 ) ) ;
#445 = DIRECTION ( 'NONE',  ( -0.000000000000000000, -1.000000000000000000, -0.000000000000000000 ) ) ;
#446 = CARTESIAN_POINT ( 'NONE',  ( -99.50000000000000000, 0.000000000000000000, -53.00000000000000000 ) ) ;
#447 = EDGE_LOOP ( 'NONE', ( #121, #3731, #3201, #1779 ) ) ;
#448 = CARTESIAN_POINT ( 'NONE',  ( -6.782377500059701816E-15, 3.000000000000000000, -26.00000000000000355 ) ) ;
#449 = EDGE_CURVE ( 'NONE', #2793, #2226, #2508, .T. ) ;
#450 = ORIENTED_EDGE ( 'NONE', *, *, #2054, .F. ) ;
#451 = VECTOR ( 'NONE', #2732, 1000.000000000000000 ) ;
#452 = CARTESIAN_POINT ( 'NONE',  ( -2.389728765385389976E-14, 3.000000000000000000, -62.50000000000000000 ) ) ;
#453 = AXIS2_PLACEMENT_3D ( 'NONE', #448, #1418, #2373 ) ;
#454 = CARTESIAN_POINT ( 'NONE',  ( 63.14999999999997016, 3.000000000000000000, 0.000000000000000000 ) ) ;
#455 = CARTESIAN_POINT ( 'NONE',  ( -95.50000000000000000, 0.000000000000000000, -75.00000000000001421 ) ) ;
#456 = CARTESIAN_POINT ( 'NONE',  ( 95.50000000000000000, 3.000000000000000000, 53.99999999999994316 ) ) ;
#457 = ORIENTED_EDGE ( 'NONE', *, *, #1845, .F. ) ;
#458 = CARTESIAN_POINT ( 'NONE',  ( -99.50000000000000000, 3.000000000000000000, -51.00000000000000711 ) ) ;
#459 = VECTOR ( 'NONE', #2540, 1000.000000000000000 ) ;
#460 = ORIENTED_EDGE ( 'NONE', *, *, #203, .T. ) ;
#461 = FACE_OUTER_BOUND ( 'NONE', #3389, .T. ) ;
#462 = ORIENTED_EDGE ( 'NONE', *, *, #1397, .T. ) ;
#463 = ORIENTED_EDGE ( 'NONE', *, *, #744, .F. ) ;
#464 = LINE ( 'NONE', #3426, #3976 ) ;
#465 = VECTOR ( 'NONE', #3651, 1000.000000000000000 ) ;
#466 = VECTOR ( 'NONE', #3907, 1000.000000000000000 ) ;
#467 = DIRECTION ( 'NONE',  ( 2.168404344971029576E-16, -0.000000000000000000, 1.000000000000000000 ) ) ;
#468 = CARTESIAN_POINT ( 'NONE',  ( -20.49999999999998934, 3.000000000000000000, 53.99999999999999289 ) ) ;
#469 = ORIENTED_EDGE ( 'NONE', *, *, #4129, .F. ) ;
#470 = CARTESIAN_POINT ( 'NONE',  ( -95.49999999999997158, 3.000000000000000000, 74.99999999999998579 ) ) ;
#471 = AXIS2_PLACEMENT_3D ( 'NONE', #2403, #3696, #2106 ) ;
#472 = DIRECTION ( 'NONE',  ( -1.000000000000000000, 0.000000000000000000, -0.000000000000000000 ) ) ;
#473 = EDGE_CURVE ( 'NONE', #2081, #858, #2863, .T. ) ;
#474 = VECTOR ( 'NONE', #3213, 1000.000000000000000 ) ;
#475 = VERTEX_POINT ( 'NONE', #2544 ) ;
#476 = CARTESIAN_POINT ( 'NONE',  ( 44.80000000000020322, 0.000000000000000000, -2.072416312633628403E-13 ) ) ;
#477 = EDGE_CURVE ( 'NONE', #2097, #1991, #3838, .T. ) ;
#478 = VECTOR ( 'NONE', #830, 1000.000000000000000 ) ;
#479 = CARTESIAN_POINT ( 'NONE',  ( -44.79999999999997584, 3.000000000000000000, 0.000000000000000000 ) ) ;
#480 = CARTESIAN_POINT ( 'NONE',  ( -48.64999999999996305, 0.000000000000000000, 17.99999999999999289 ) ) ;
#481 = EDGE_CURVE ( 'NONE', #1302, #3728, #2265, .T. ) ;
#482 = CARTESIAN_POINT ( 'NONE',  ( 0.000000000000000000, 3.000000000000000000, -14.74999999999999822 ) ) ;
#483 = ORIENTED_EDGE ( 'NONE', *, *, #2985, .T. ) ;
#484 = LINE ( 'NONE', #2040, #1482 ) ;
#485 = VECTOR ( 'NONE', #1982, 1000.000000000000000 ) ;
#486 = EDGE_CURVE ( 'NONE', #136, #2695, #1527, .T. ) ;
#487 = ORIENTED_EDGE ( 'NONE', *, *, #1639, .T. ) ;
#488 = DIRECTION ( 'NONE',  ( -0.000000000000000000, -1.000000000000000000, -0.000000000000000000 ) ) ;
#489 = AXIS2_PLACEMENT_3D ( 'NONE', #777, #2043, #1411 ) ;
#490 = ORIENTED_EDGE ( 'NONE', *, *, #2141, .T. ) ;
#491 = ORIENTED_EDGE ( 'NONE', *, *, #178, .T. ) ;
#492 = CARTESIAN_POINT ( 'NONE',  ( 44.80000000000020322, 3.000000000000000000, -2.072416312633628403E-13 ) ) ;
#493 = VECTOR ( 'NONE', #3099, 1000.000000000000000 ) ;
#494 = DIRECTION ( 'NONE',  ( 0.000000000000000000, 0.000000000000000000, 1.000000000000000000 ) ) ;
#495 = FACE_OUTER_BOUND ( 'NONE', #2893, .T. ) ;
#496 = EDGE_LOOP ( 'NONE', ( #4121, #60, #2697, #1332 ) ) ;
#497 = CARTESIAN_POINT ( 'NONE',  ( 0.000000000000000000, 3.000000000000000000, -25.99999999999999289 ) ) ;
#498 = ORIENTED_EDGE ( 'NONE', *, *, #657, .T. ) ;
#499 = EDGE_CURVE ( 'NONE', #867, #2793, #2587, .T. ) ;
#500 = LINE ( 'NONE', #2988, #3013 ) ;
#501 = CARTESIAN_POINT ( 'NONE',  ( -31.49999999999998579, 3.000000000000000000, 0.000000000000000000 ) ) ;
#502 = DIRECTION ( 'NONE',  ( -0.000000000000000000, -1.000000000000000000, -0.000000000000000000 ) ) ;
#503 = ORIENTED_EDGE ( 'NONE', *, *, #1532, .T. ) ;
#504 = CYLINDRICAL_SURFACE ( 'NONE', #3423, 1.999999999999994893 ) ;
#505 = ORIENTED_EDGE ( 'NONE', *, *, #3656, .T. ) ;
#506 = DIRECTION ( 'NONE',  ( 0.000000000000000000, 0.000000000000000000, 1.000000000000000000 ) ) ;
#507 = EDGE_CURVE ( 'NONE', #1135, #1281, #1957, .T. ) ;
#508 = EDGE_LOOP ( 'NONE', ( #747, #457, #4034, #3830 ) ) ;
#509 = CARTESIAN_POINT ( 'NONE',  ( -20.49999999999998934, 0.000000000000000000, -53.99999999999999289 ) ) ;
#510 = ADVANCED_FACE ( 'NONE', ( #3190 ), #1253, .F. ) ;
#511 = DIRECTION ( 'NONE',  ( 1.000000000000000000, -0.000000000000000000, 0.000000000000000000 ) ) ;
#512 = PLANE ( 'NONE',  #884 ) ;
#513 = EDGE_CURVE ( 'NONE', #1292, #2841, #2504, .T. ) ;
#514 = ORIENTED_EDGE ( 'NONE', *, *, #429, .F. ) ;
#515 = DIRECTION ( 'NONE',  ( -0.000000000000000000, -1.000000000000000000, -0.000000000000000000 ) ) ;
#516 = ORIENTED_EDGE ( 'NONE', *, *, #1180, .F. ) ;
#517 = CARTESIAN_POINT ( 'NONE',  ( -99.49999999999997158, 3.000000000000000000, 52.99999999999998579 ) ) ;
#518 = PLANE ( 'NONE',  #4086 ) ;
#519 = PLANE ( 'NONE',  #679 ) ;
#520 = VERTEX_POINT ( 'NONE', #626 ) ;
#521 = CARTESIAN_POINT ( 'NONE',  ( 63.14999999999997016, 0.000000000000000000, 26.00000000000002132 ) ) ;
#522 = VECTOR ( 'NONE', #560, 1000.000000000000000 ) ;
#523 = EDGE_CURVE ( 'NONE', #3384, #1784, #4113, .T. ) ;
#524 = ORIENTED_EDGE ( 'NONE', *, *, #3689, .F. ) ;
#525 = CARTESIAN_POINT ( 'NONE',  ( -95.49999999999997158, 3.000000000000000000, 54.00000000000000000 ) ) ;
#526 = VECTOR ( 'NONE', #748, 1000.000000000000000 ) ;
#527 = ORIENTED_EDGE ( 'NONE', *, *, #370, .F. ) ;
#528 = LINE ( 'NONE', #2147, #3576 ) ;
#529 = EDGE_CURVE ( 'NONE', #2291, #1271, #917, .T. ) ;
#530 = PLANE ( 'NONE',  #2426 ) ;
#531 = LINE ( 'NONE', #1876, #4036 ) ;
#532 = EDGE_LOOP ( 'NONE', ( #1158, #3882, #1600, #2259 ) ) ;
#533 = VECTOR ( 'NONE', #766, 1000.000000000000000 ) ;
#534 = LINE ( 'NONE', #470, #595 ) ;
#535 = FACE_OUTER_BOUND ( 'NONE', #1513, .T. ) ;
#536 = ORIENTED_EDGE ( 'NONE', *, *, #3604, .F. ) ;
#537 = DIRECTION ( 'NONE',  ( 0.000000000000000000, 0.000000000000000000, -1.000000000000000000 ) ) ;
#538 = AXIS2_PLACEMENT_3D ( 'NONE', #458, #172, #3324 ) ;
#539 = DIRECTION ( 'NONE',  ( -1.000000000000000000, 0.000000000000000000, 3.304235192336771568E-16 ) ) ;
#540 = VECTOR ( 'NONE', #630, 1000.000000000000000 ) ;
#541 = ORIENTED_EDGE ( 'NONE', *, *, #1123, .F. ) ;
#542 = LINE ( 'NONE', #3192, #2404 ) ;
#543 = ORIENTED_EDGE ( 'NONE', *, *, #1277, .T. ) ;
#544 = CARTESIAN_POINT ( 'NONE',  ( -44.79999999999997584, 0.000000000000000000, 0.000000000000000000 ) ) ;
#545 = VECTOR ( 'NONE', #3468, 1000.000000000000000 ) ;
#546 = ORIENTED_EDGE ( 'NONE', *, *, #4129, .T. ) ;
#547 = EDGE_CURVE ( 'NONE', #778, #3578, #568, .T. ) ;
#548 = DIRECTION ( 'NONE',  ( -1.000000000000000000, 0.000000000000000000, -4.625929269271471123E-15 ) ) ;
#549 = DIRECTION ( 'NONE',  ( -1.000000000000000000, 0.000000000000000000, 3.304235192336771568E-16 ) ) ;
#550 = VECTOR ( 'NONE', #2764, 1000.000000000000000 ) ;
#551 = CARTESIAN_POINT ( 'NONE',  ( -20.49999999999998934, 3.000000000000000000, -53.99999999999999289 ) ) ;
#552 = CARTESIAN_POINT ( 'NONE',  ( 95.49999999999992895, 0.000000000000000000, -75.00000000000007105 ) ) ;
#553 = ORIENTED_EDGE ( 'NONE', *, *, #2095, .T. ) ;
#554 = DIRECTION ( 'NONE',  ( 0.000000000000000000, 0.000000000000000000, -1.000000000000000000 ) ) ;
#555 = AXIS2_PLACEMENT_3D ( 'NONE', #482, #170, #1448 ) ;
#556 = CARTESIAN_POINT ( 'NONE',  ( 0.000000000000000000, 0.000000000000000000, -29.00000000000000000 ) ) ;
#557 = VECTOR ( 'NONE', #3974, 1000.000000000000000 ) ;
#558 = VERTEX_POINT ( 'NONE', #3478 ) ;
#559 = ADVANCED_FACE ( 'NONE', ( #2568 ), #963, .T. ) ;
#560 = DIRECTION ( 'NONE',  ( 0.000000000000000000, 0.000000000000000000, -1.000000000000000000 ) ) ;
#561 = EDGE_CURVE ( 'NONE', #1503, #3107, #1120, .T. ) ;
#562 = CARTESIAN_POINT ( 'NONE',  ( 5.947623346206188427E-15, 0.000000000000000000, 18.00000000000000000 ) ) ;
#563 = CARTESIAN_POINT ( 'NONE',  ( -4.915049848600952119E-15, 3.000000000000000000, -50.99999999999999289 ) ) ;
#564 = ORIENTED_EDGE ( 'NONE', *, *, #3061, .F. ) ;
#565 = EDGE_CURVE ( 'NONE', #2427, #3659, #3978, .T. ) ;
#566 = ORIENTED_EDGE ( 'NONE', *, *, #3412, .F. ) ;
#567 = DIRECTION ( 'NONE',  ( 1.000000000000000000, -0.000000000000000000, 0.000000000000000000 ) ) ;
#568 =( BOUNDED_CURVE ( )  B_SPLINE_CURVE ( 3, ( #3817, #943, #1590, #4150 ),
 .UNSPECIFIED., .F., .T. ) 
 B_SPLINE_CURVE_WITH_KNOTS ( ( 4, 4 ),
 ( 3.141592653589793116, 6.283185307179586232 ),
 .UNSPECIFIED. ) 
 CURVE ( )  GEOMETRIC_REPRESENTATION_ITEM ( )  RATIONAL_B_SPLINE_CURVE ( ( 1.000000000000000000, 0.3333333333333333703, 0.3333333333333333703, 1.000000000000000000 ) ) 
 REPRESENTATION_ITEM ( '' )  );
#569 = ORIENTED_EDGE ( 'NONE', *, *, #1127, .F. ) ;
#570 = CARTESIAN_POINT ( 'NONE',  ( -2.457524924300475350E-14, 3.000000000000000000, -51.00000000000000000 ) ) ;
#571 = VERTEX_POINT ( 'NONE', #1755 ) ;
#572 = CARTESIAN_POINT ( 'NONE',  ( 1.601283208593974469E-14, 0.000000000000000000, 74.99999999999997158 ) ) ;
#573 = DIRECTION ( 'NONE',  ( -0.000000000000000000, -1.000000000000000000, -0.000000000000000000 ) ) ;
#574 = DIRECTION ( 'NONE',  ( 0.000000000000000000, 1.000000000000000000, -0.000000000000000000 ) ) ;
#575 = DIRECTION ( 'NONE',  ( -1.000000000000000000, 0.000000000000000000, 9.637352644315594010E-17 ) ) ;
#576 = ORIENTED_EDGE ( 'NONE', *, *, #4069, .F. ) ;
#577 = DIRECTION ( 'NONE',  ( 0.000000000000000000, 0.000000000000000000, -1.000000000000000000 ) ) ;
#578 = CARTESIAN_POINT ( 'NONE',  ( 95.49999999999992895, 3.000000000000000000, -75.00000000000005684 ) ) ;
#579 = ORIENTED_EDGE ( 'NONE', *, *, #3471, .T. ) ;
#580 = CARTESIAN_POINT ( 'NONE',  ( -55.15000000000001990, 3.000000000000000000, 14.74999999999999822 ) ) ;
#581 = EDGE_CURVE ( 'NONE', #2325, #1284, #2727, .T. ) ;
#582 = DIRECTION ( 'NONE',  ( 0.000000000000000000, 0.000000000000000000, -1.000000000000000000 ) ) ;
#583 = ORIENTED_EDGE ( 'NONE', *, *, #3287, .F. ) ;
#584 = FACE_BOUND ( 'NONE', #1350, .T. ) ;
#585 = LINE ( 'NONE', #2866, #1618 ) ;
#586 = CARTESIAN_POINT ( 'NONE',  ( -2.401924812890964227E-14, 0.000000000000000000, -75.00000000000004263 ) ) ;
#587 = VERTEX_POINT ( 'NONE', #2413 ) ;
#588 = AXIS2_PLACEMENT_3D ( 'NONE', #3212, #333, #3544 ) ;
#589 = CARTESIAN_POINT ( 'NONE',  ( -44.79999999999997584, 3.000000000000000000, 0.000000000000000000 ) ) ;
#590 = CARTESIAN_POINT ( 'NONE',  ( 0.000000000000000000, 3.000000000000000000, 17.99999999999999289 ) ) ;
#591 = DIRECTION ( 'NONE',  ( 0.000000000000000000, 0.000000000000000000, 1.000000000000000000 ) ) ;
#592 = FACE_OUTER_BOUND ( 'NONE', #444, .T. ) ;
#593 = ORIENTED_EDGE ( 'NONE', *, *, #1949, .T. ) ;
#594 = CARTESIAN_POINT ( 'NONE',  ( 69.65000000000001990, 0.000000000000000000, 17.99999999999997513 ) ) ;
#595 = VECTOR ( 'NONE', #2415, 1000.000000000000000 ) ;
#596 = CARTESIAN_POINT ( 'NONE',  ( 63.14999999999997016, 0.000000000000000000, 14.74999999999998224 ) ) ;
#597 = ORIENTED_EDGE ( 'NONE', *, *, #2288, .T. ) ;
#598 = EDGE_CURVE ( 'NONE', #1725, #2503, #1820, .T. ) ;
#599 = LINE ( 'NONE', #2837, #522 ) ;
#600 = ORIENTED_EDGE ( 'NONE', *, *, #3615, .T. ) ;
#601 = AXIS2_PLACEMENT_3D ( 'NONE', #1704, #730, #2669 ) ;
#602 = DIRECTION ( 'NONE',  ( 0.000000000000000000, 0.000000000000000000, 1.000000000000000000 ) ) ;
#603 = DIRECTION ( 'NONE',  ( -1.000000000000000000, 0.000000000000000000, -3.304235192336771568E-16 ) ) ;
#604 = EDGE_LOOP ( 'NONE', ( #938, #2531, #2143, #2062 ) ) ;
#605 = CARTESIAN_POINT ( 'NONE',  ( 99.49999999999997158, 3.000000000000000000, -51.00000000000006395 ) ) ;
#606 = VECTOR ( 'NONE', #2716, 1000.000000000000000 ) ;
#607 = CARTESIAN_POINT ( 'NONE',  ( 63.14999999999997016, 3.000000000000000000, -14.74999999999998224 ) ) ;
#608 = CARTESIAN_POINT ( 'NONE',  ( 99.49999999999997158, 0.000000000000000000, -53.00000000000006395 ) ) ;
#609 = ORIENTED_EDGE ( 'NONE', *, *, #344, .T. ) ;
#610 = CARTESIAN_POINT ( 'NONE',  ( 92.49999999999994316, 3.000000000000000000, -54.00000000000004263 ) ) ;
#611 = ADVANCED_FACE ( 'NONE', ( #352 ), #2630, .F. ) ;
#612 = CARTESIAN_POINT ( 'NONE',  ( 69.65000000000001990, 0.000000000000000000, 26.00000000000002132 ) ) ;
#613 = EDGE_CURVE ( 'NONE', #1773, #2822, #3501, .T. ) ;
#614 = ORIENTED_EDGE ( 'NONE', *, *, #2726, .T. ) ;
#615 = CARTESIAN_POINT ( 'NONE',  ( 17.49999999999997513, 3.000000000000000000, -1.156482317317868609E-14 ) ) ;
#616 = FACE_BOUND ( 'NONE', #1751, .T. ) ;
#617 = VECTOR ( 'NONE', #2295, 1000.000000000000000 ) ;
#618 = ORIENTED_EDGE ( 'NONE', *, *, #3689, .T. ) ;
#619 = CARTESIAN_POINT ( 'NONE',  ( 31.49999999999998579, 3.000000000000000000, 0.000000000000000000 ) ) ;
#620 = EDGE_CURVE ( 'NONE', #3328, #2660, #2030, .T. ) ;
#621 = AXIS2_PLACEMENT_3D ( 'NONE', #1026, #3563, #685 ) ;
#622 = CARTESIAN_POINT ( 'NONE',  ( -55.15000000000001990, 3.000000000000000000, -17.99999999999999289 ) ) ;
#623 = VECTOR ( 'NONE', #2783, 1000.000000000000000 ) ;
#624 = ORIENTED_EDGE ( 'NONE', *, *, #2905, .F. ) ;
#625 = DIRECTION ( 'NONE',  ( 0.000000000000000000, 0.000000000000000000, 1.000000000000000000 ) ) ;
#626 = CARTESIAN_POINT ( 'NONE',  ( 55.15000000000004832, 3.000000000000000000, 26.00000000000001776 ) ) ;
#627 = ORIENTED_EDGE ( 'NONE', *, *, #1537, .F. ) ;
#628 = PLANE ( 'NONE',  #53 ) ;
#629 = EDGE_CURVE ( 'NONE', #3055, #3005, #2067, .T. ) ;
#630 = DIRECTION ( 'NONE',  ( -0.000000000000000000, -1.000000000000000000, -0.000000000000000000 ) ) ;
#631 = LINE ( 'NONE', #2867, #1828 ) ;
#632 = ORIENTED_EDGE ( 'NONE', *, *, #865, .T. ) ;
#633 = DIRECTION ( 'NONE',  ( -0.000000000000000000, -1.000000000000000000, 0.000000000000000000 ) ) ;
#634 = LINE ( 'NONE', #7, #2418 ) ;
#635 = EDGE_LOOP ( 'NONE', ( #2835, #3695, #2614, #1080 ) ) ;
#636 = EDGE_CURVE ( 'NONE', #3726, #2088, #2839, .T. ) ;
#637 = FACE_OUTER_BOUND ( 'NONE', #1734, .T. ) ;
#638 = ORIENTED_EDGE ( 'NONE', *, *, #1378, .F. ) ;
#639 = DIRECTION ( 'NONE',  ( 0.000000000000000000, 0.000000000000000000, -1.000000000000000000 ) ) ;
#640 = ADVANCED_FACE ( 'NONE', ( #3353 ), #2926, .T. ) ;
#641 = CARTESIAN_POINT ( 'NONE',  ( 20.50000000000001066, 0.000000000000000000, 50.99999999999999289 ) ) ;
#642 = VERTEX_POINT ( 'NONE', #1416 ) ;
#643 = PLANE ( 'NONE',  #2615 ) ;
#644 = DIRECTION ( 'NONE',  ( 1.000000000000000000, 0.000000000000000000, 3.304235192336770581E-16 ) ) ;
#645 = ORIENTED_EDGE ( 'NONE', *, *, #1358, .T. ) ;
#646 = LINE ( 'NONE', #2652, #3809 ) ;
#647 = DIRECTION ( 'NONE',  ( 1.000000000000000000, 0.000000000000000000, 0.000000000000000000 ) ) ;
#648 = CARTESIAN_POINT ( 'NONE',  ( 95.50000000000000000, 0.000000000000000000, 53.99999999999994316 ) ) ;
#649 = ORIENTED_EDGE ( 'NONE', *, *, #2189, .T. ) ;
#650 = CARTESIAN_POINT ( 'NONE',  ( 31.50000000000000000, 0.000000000000000000, 29.00000000000000711 ) ) ;
#651 = DIRECTION ( 'NONE',  ( 0.000000000000000000, 0.000000000000000000, -1.000000000000000000 ) ) ;
#652 = EDGE_CURVE ( 'NONE', #4030, #3877, #821, .T. ) ;
#653 = ORIENTED_EDGE ( 'NONE', *, *, #3797, .T. ) ;
#654 = FACE_BOUND ( 'NONE', #2631, .T. ) ;
#655 = VERTEX_POINT ( 'NONE', #3063 ) ;
#656 = PLANE ( 'NONE',  #2244 ) ;
#657 = EDGE_CURVE ( 'NONE', #2414, #1271, #1024, .T. ) ;
#658 = AXIS2_PLACEMENT_3D ( 'NONE', #927, #973, #2255 ) ;
#659 = DIRECTION ( 'NONE',  ( 0.000000000000000000, 0.000000000000000000, -1.000000000000000000 ) ) ;
#660 = ORIENTED_EDGE ( 'NONE', *, *, #1145, .T. ) ;
#661 = DIRECTION ( 'NONE',  ( -0.000000000000000000, -1.000000000000000000, -0.000000000000000000 ) ) ;
#662 = ADVANCED_FACE ( 'NONE', ( #495 ), #161, .F. ) ;
#663 = VECTOR ( 'NONE', #3040, 1000.000000000000000 ) ;
#664 = DIRECTION ( 'NONE',  ( -0.000000000000000000, -1.000000000000000000, 0.000000000000000000 ) ) ;
#665 = VERTEX_POINT ( 'NONE', #392 ) ;
#666 = AXIS2_PLACEMENT_3D ( 'NONE', #1722, #3592, #2334 ) ;
#667 = CARTESIAN_POINT ( 'NONE',  ( -17.50000000000008882, 0.000000000000000000, -2.312964634635753942E-14 ) ) ;
#668 = DIRECTION ( 'NONE',  ( 0.000000000000000000, 0.000000000000000000, 1.000000000000000000 ) ) ;
#669 = DIRECTION ( 'NONE',  ( -0.000000000000000000, -1.000000000000000000, -0.000000000000000000 ) ) ;
#670 = ORIENTED_EDGE ( 'NONE', *, *, #309, .F. ) ;
#671 = CARTESIAN_POINT ( 'NONE',  ( 95.49999999999991473, 0.000000000000000000, -54.00000000000005684 ) ) ;
#672 = FACE_OUTER_BOUND ( 'NONE', #2832, .T. ) ;
#673 = ORIENTED_EDGE ( 'NONE', *, *, #3797, .F. ) ;
#674 = CARTESIAN_POINT ( 'NONE',  ( 63.14999999999997016, 3.000000000000000000, -17.99999999999997868 ) ) ;
#675 = EDGE_CURVE ( 'NONE', #4114, #3087, #707, .T. ) ;
#676 = VERTEX_POINT ( 'NONE', #3876 ) ;
#677 = VERTEX_POINT ( 'NONE', #372 ) ;
#678 = DIRECTION ( 'NONE',  ( 0.000000000000000000, 0.000000000000000000, 1.000000000000000000 ) ) ;
#679 = AXIS2_PLACEMENT_3D ( 'NONE', #836, #795, #3383 ) ;
#680 = CARTESIAN_POINT ( 'NONE',  ( 31.49999999999998579, 0.000000000000000000, 51.00000000000001421 ) ) ;
#681 = ORIENTED_EDGE ( 'NONE', *, *, #4029, .T. ) ;
#682 = AXIS2_PLACEMENT_3D ( 'NONE', #1336, #1316, #1439 ) ;
#683 = PLANE ( 'NONE',  #3209 ) ;
#684 = VECTOR ( 'NONE', #2490, 1000.000000000000000 ) ;
#685 = DIRECTION ( 'NONE',  ( 0.000000000000000000, 0.000000000000000000, 1.000000000000000000 ) ) ;
#686 = EDGE_CURVE ( 'NONE', #253, #1371, #15, .T. ) ;
#687 = ORIENTED_EDGE ( 'NONE', *, *, #4026, .F. ) ;
#688 = DIRECTION ( 'NONE',  ( 0.000000000000000000, 0.000000000000000000, 1.000000000000000000 ) ) ;
#689 = EDGE_CURVE ( 'NONE', #2110, #2722, #2312, .T. ) ;
#690 = VECTOR ( 'NONE', #2723, 1000.000000000000000 ) ;
#691 = UNCERTAINTY_MEASURE_WITH_UNIT (LENGTH_MEASURE( 1.000000000000000082E-05 ), #2283, 'distance_accuracy_value', 'NONE');
#692 = CARTESIAN_POINT ( 'NONE',  ( 31.50000000000000000, 3.000000000000000000, -29.00000000000000711 ) ) ;
#693 = LINE ( 'NONE', #2056, #954 ) ;
#694 = EDGE_CURVE ( 'NONE', #2774, #1893, #2704, .T. ) ;
#695 = DIRECTION ( 'NONE',  ( 0.000000000000000000, 0.000000000000000000, 1.000000000000000000 ) ) ;
#696 = ORIENTED_EDGE ( 'NONE', *, *, #1347, .T. ) ;
#697 = DIRECTION ( 'NONE',  ( 0.000000000000000000, 0.000000000000000000, -1.000000000000000000 ) ) ;
#698 = ORIENTED_EDGE ( 'NONE', *, *, #4069, .T. ) ;
#699 = CARTESIAN_POINT ( 'NONE',  ( 55.15000000000004832, 3.000000000000000000, 0.000000000000000000 ) ) ;
#700 = VERTEX_POINT ( 'NONE', #3101 ) ;
#701 = EDGE_LOOP ( 'NONE', ( #3743, #3636, #1022, #450 ) ) ;
#702 = CARTESIAN_POINT ( 'NONE',  ( -20.49999999999998934, 3.000000000000000000, 50.99999999999999289 ) ) ;
#703 = CYLINDRICAL_SURFACE ( 'NONE', #1676, 3.000000000000002665 ) ;
#704 = EDGE_LOOP ( 'NONE', ( #1637, #2913, #1042, #980 ) ) ;
#705 = FACE_OUTER_BOUND ( 'NONE', #831, .T. ) ;
#706 = EDGE_CURVE ( 'NONE', #4059, #1667, #3429, .T. ) ;
#707 = LINE ( 'NONE', #2435, #3039 ) ;
#708 = VERTEX_POINT ( 'NONE', #2455 ) ;
#709 = CARTESIAN_POINT ( 'NONE',  ( 3.198396408832267663E-15, 3.000000000000000000, -14.74999999999999645 ) ) ;
#710 = EDGE_CURVE ( 'NONE', #855, #3535, #931, .T. ) ;
#711 = CARTESIAN_POINT ( 'NONE',  ( -69.64999999999996305, 0.000000000000000000, -25.99999999999999289 ) ) ;
#712 = LINE ( 'NONE', #1683, #1488 ) ;
#713 = EDGE_CURVE ( 'NONE', #571, #4067, #1792, .T. ) ;
#714 = DIRECTION ( 'NONE',  ( 0.000000000000000000, 0.000000000000000000, 1.000000000000000000 ) ) ;
#715 = ORIENTED_EDGE ( 'NONE', *, *, #965, .F. ) ;
#716 = CARTESIAN_POINT ( 'NONE',  ( -48.64999999999996305, 3.000000000000000000, -25.99999999999999289 ) ) ;
#717 = VERTEX_POINT ( 'NONE', #1541 ) ;
#718 = CARTESIAN_POINT ( 'NONE',  ( 55.15000000000004832, 0.000000000000000000, -0.000000000000000000 ) ) ;
#719 = ORIENTED_EDGE ( 'NONE', *, *, #1896, .T. ) ;
#720 = ORIENTED_EDGE ( 'NONE', *, *, #629, .T. ) ;
#721 = CARTESIAN_POINT ( 'NONE',  ( 63.14999999999997016, 3.000000000000000000, 0.000000000000000000 ) ) ;
#722 = CIRCLE ( 'NONE', #3936, 1.999999999999994893 ) ;
#723 = CARTESIAN_POINT ( 'NONE',  ( -69.64999999999999147, 3.000000000000000000, 0.000000000000000000 ) ) ;
#724 = ORIENTED_EDGE ( 'NONE', *, *, #598, .F. ) ;
#725 = CARTESIAN_POINT ( 'NONE',  ( 69.65000000000001990, 3.000000000000000000, -17.99999999999997513 ) ) ;
#726 = VECTOR ( 'NONE', #573, 1000.000000000000000 ) ;
#727 = ORIENTED_EDGE ( 'NONE', *, *, #2319, .T. ) ;
#728 = ADVANCED_FACE ( 'NONE', ( #4123 ), #1479, .T. ) ;
#729 = CARTESIAN_POINT ( 'NONE',  ( 95.49999999999992895, 3.000000000000000000, -75.00000000000007105 ) ) ;
#730 = DIRECTION ( 'NONE',  ( 1.000000000000000000, 0.000000000000000000, 0.000000000000000000 ) ) ;
#731 = CARTESIAN_POINT ( 'NONE',  ( -2.414221701368337005E-14, 3.000000000000000000, -66.50000000000000000 ) ) ;
#732 = LINE ( 'NONE', #91, #2646 ) ;
#733 = VECTOR ( 'NONE', #3473, 1000.000000000000000 ) ;
#734 = ORIENTED_EDGE ( 'NONE', *, *, #296, .T. ) ;
#735 = CARTESIAN_POINT ( 'NONE',  ( 100.0000000000000000, 0.000000000000000000, 10.49999999999993605 ) ) ;
#736 = VECTOR ( 'NONE', #2472, 1000.000000000000000 ) ;
#737 = ORIENTED_EDGE ( 'NONE', *, *, #1483, .F. ) ;
#738 = VECTOR ( 'NONE', #1578, 1000.000000000000000 ) ;
#739 = FACE_OUTER_BOUND ( 'NONE', #2339, .T. ) ;
#740 = ORIENTED_EDGE ( 'NONE', *, *, #3891, .T. ) ;
#741 = ADVANCED_FACE ( 'NONE', ( #592 ), #2809, .F. ) ;
#742 = ORIENTED_EDGE ( 'NONE', *, *, #3237, .F. ) ;
#743 = DIRECTION ( 'NONE',  ( -0.000000000000000000, -1.000000000000000000, -0.000000000000000000 ) ) ;
#744 = EDGE_CURVE ( 'NONE', #2004, #402, #4100, .T. ) ;
#745 = DIRECTION ( 'NONE',  ( -0.000000000000000000, -1.000000000000000000, 0.000000000000000000 ) ) ;
#746 = ADVANCED_FACE ( 'NONE', ( #3081 ), #1224, .F. ) ;
#747 = ORIENTED_EDGE ( 'NONE', *, *, #2625, .F. ) ;
#748 = DIRECTION ( 'NONE',  ( -1.321694076934709810E-15, 0.000000000000000000, 1.000000000000000000 ) ) ;
#749 = VECTOR ( 'NONE', #2734, 1000.000000000000000 ) ;
#750 = EDGE_LOOP ( 'NONE', ( #2033, #353, #3431, #3994, #3469, #1885, #1954, #1937, #1573, #483, #2371, #949 ) ) ;
#751 = LINE ( 'NONE', #4025, #1260 ) ;
#752 = AXIS2_PLACEMENT_3D ( 'NONE', #1750, #2324, #2386 ) ;
#753 = CARTESIAN_POINT ( 'NONE',  ( 55.15000000000004832, 0.000000000000000000, 17.99999999999998224 ) ) ;
#754 = DIRECTION ( 'NONE',  ( 0.000000000000000000, 0.000000000000000000, -1.000000000000000000 ) ) ;
#755 = CARTESIAN_POINT ( 'NONE',  ( -4.915049848600952119E-15, 3.000000000000000000, -50.99999999999999289 ) ) ;
#756 = AXIS2_PLACEMENT_3D ( 'NONE', #3308, #3658, #424 ) ;
#757 = ORIENTED_EDGE ( 'NONE', *, *, #1101, .T. ) ;
#758 = CARTESIAN_POINT ( 'NONE',  ( 69.65000000000001990, 0.000000000000000000, -26.00000000000002132 ) ) ;
#759 = VECTOR ( 'NONE', #577, 1000.000000000000000 ) ;
#760 = ORIENTED_EDGE ( 'NONE', *, *, #1663, .F. ) ;
#761 = LINE ( 'NONE', #2740, #3837 ) ;
#762 = ORIENTED_EDGE ( 'NONE', *, *, #2319, .F. ) ;
#763 = ORIENTED_EDGE ( 'NONE', *, *, #985, .F. ) ;
#764 = LINE ( 'NONE', #1058, #3844 ) ;
#765 = ADVANCED_FACE ( 'NONE', ( #3450 ), #512, .F. ) ;
#766 = DIRECTION ( 'NONE',  ( 1.000000000000000000, 0.000000000000000000, -9.637352644315594010E-17 ) ) ;
#767 = EDGE_LOOP ( 'NONE', ( #2331, #2201, #3223, #3290 ) ) ;
#768 = CARTESIAN_POINT ( 'NONE',  ( 48.64999999999999147, 3.000000000000000000, 0.000000000000000000 ) ) ;
#769 = ORIENTED_EDGE ( 'NONE', *, *, #1919, .F. ) ;
#770 = CARTESIAN_POINT ( 'NONE',  ( -44.79999999999997584, 3.000000000000000000, -26.00000000000000355 ) ) ;
#771 = CARTESIAN_POINT ( 'NONE',  ( -100.0000000000000000, 3.000000000000000000, 0.000000000000000000 ) ) ;
#772 = CARTESIAN_POINT ( 'NONE',  ( 0.000000000000000000, 3.000000000000000000, 29.25000000000000000 ) ) ;
#773 = LINE ( 'NONE', #456, #1700 ) ;
#774 = ORIENTED_EDGE ( 'NONE', *, *, #1693, .T. ) ;
#775 = FACE_OUTER_BOUND ( 'NONE', #52, .T. ) ;
#776 = ORIENTED_EDGE ( 'NONE', *, *, #1312, .T. ) ;
#777 = CARTESIAN_POINT ( 'NONE',  ( 20.49999999999995026, 3.000000000000000000, -54.00000000000000711 ) ) ;
#778 = VERTEX_POINT ( 'NONE', #552 ) ;
#779 = ORIENTED_EDGE ( 'NONE', *, *, #2818, .F. ) ;
#780 = EDGE_CURVE ( 'NONE', #2271, #2588, #1162, .T. ) ;
#781 = CARTESIAN_POINT ( 'NONE',  ( -44.79999999999997584, 3.000000000000000000, 48.00000000000000000 ) ) ;
#782 = LINE ( 'NONE', #2066, #3547 ) ;
#783 = CARTESIAN_POINT ( 'NONE',  ( -99.49999999999997158, 0.000000000000000000, 50.99999999999999289 ) ) ;
#784 = VERTEX_POINT ( 'NONE', #3787 ) ;
#785 = LINE ( 'NONE', #2394, #934 ) ;
#786 = EDGE_CURVE ( 'NONE', #4140, #1840, #3725, .T. ) ;
#787 = CARTESIAN_POINT ( 'NONE',  ( -63.15000000000001279, 0.000000000000000000, -17.99999999999999289 ) ) ;
#788 = EDGE_CURVE ( 'NONE', #1348, #3349, #531, .T. ) ;
#789 = ADVANCED_FACE ( 'NONE', ( #3161 ), #220, .F. ) ;
#790 = ORIENTED_EDGE ( 'NONE', *, *, #1919, .T. ) ;
#791 = EDGE_CURVE ( 'NONE', #200, #305, #2787, .T. ) ;
#792 = CARTESIAN_POINT ( 'NONE',  ( 31.49999999999998579, 3.000000000000000000, 0.000000000000000000 ) ) ;
#793 = VECTOR ( 'NONE', #120, 1000.000000000000000 ) ;
#794 = DIRECTION ( 'NONE',  ( -1.000000000000000000, 0.000000000000000000, 3.304235192336771568E-16 ) ) ;
#795 = DIRECTION ( 'NONE',  ( -1.000000000000000000, 0.000000000000000000, 0.000000000000000000 ) ) ;
#796 = DIRECTION ( 'NONE',  ( -0.000000000000000000, -1.000000000000000000, -0.000000000000000000 ) ) ;
#797 = ORIENTED_EDGE ( 'NONE', *, *, #2824, .T. ) ;
#798 = PLANE ( 'NONE',  #1344 ) ;
#799 = AXIS2_PLACEMENT_3D ( 'NONE', #1230, #2523, #1568 ) ;
#800 = VERTEX_POINT ( 'NONE', #2473 ) ;
#801 = DIRECTION ( 'NONE',  ( 0.000000000000000000, 0.000000000000000000, 1.000000000000000000 ) ) ;
#802 = VERTEX_POINT ( 'NONE', #3742 ) ;
#803 = ORIENTED_EDGE ( 'NONE', *, *, #1240, .F. ) ;
#804 = CARTESIAN_POINT ( 'NONE',  ( 0.000000000000000000, 3.000000000000000000, 25.99999999999999289 ) ) ;
#805 = AXIS2_PLACEMENT_3D ( 'NONE', #3122, #219, #1875 ) ;
#806 = EDGE_CURVE ( 'NONE', #1591, #3516, #2536, .T. ) ;
#807 = CARTESIAN_POINT ( 'NONE',  ( 0.000000000000000000, 0.000000000000000000, 29.25000000000000000 ) ) ;
#808 = DIRECTION ( 'NONE',  ( 0.000000000000000000, 0.000000000000000000, 1.000000000000000000 ) ) ;
#809 = ORIENTED_EDGE ( 'NONE', *, *, #1304, .T. ) ;
#810 = DIRECTION ( 'NONE',  ( -0.000000000000000000, -1.000000000000000000, -0.000000000000000000 ) ) ;
#811 = ORIENTED_EDGE ( 'NONE', *, *, #1868, .F. ) ;
#812 = CARTESIAN_POINT ( 'NONE',  ( -48.64999999999996305, 0.000000000000000000, 0.000000000000000000 ) ) ;
#813 = VECTOR ( 'NONE', #668, 1000.000000000000000 ) ;
#814 = EDGE_CURVE ( 'NONE', #4067, #1231, #2179, .T. ) ;
#815 = VECTOR ( 'NONE', #3229, 1000.000000000000000 ) ;
#816 = DIRECTION ( 'NONE',  ( 0.000000000000000000, 0.000000000000000000, -1.000000000000000000 ) ) ;
#817 = FACE_OUTER_BOUND ( 'NONE', #3760, .T. ) ;
#818 = CARTESIAN_POINT ( 'NONE',  ( -31.49999999999998579, 3.000000000000000000, -50.99999999999999289 ) ) ;
#819 = VERTEX_POINT ( 'NONE', #3850 ) ;
#820 = CARTESIAN_POINT ( 'NONE',  ( -100.0000000000000000, 3.000000000000000000, 0.000000000000000000 ) ) ;
#821 = CIRCLE ( 'NONE', #1217, 2.000000000000001776 ) ;
#822 = EDGE_CURVE ( 'NONE', #1345, #1591, #2599, .T. ) ;
#823 = ORIENTED_EDGE ( 'NONE', *, *, #168, .T. ) ;
#824 = LINE ( 'NONE', #2109, #2981 ) ;
#825 = CIRCLE ( 'NONE', #3173, 2.999999999999988898 ) ;
#826 = ORIENTED_EDGE ( 'NONE', *, *, #513, .F. ) ;
#827 = FACE_OUTER_BOUND ( 'NONE', #3664, .T. ) ;
#828 = AXIS2_PLACEMENT_3D ( 'NONE', #3120, #2194, #886 ) ;
#829 = CARTESIAN_POINT ( 'NONE',  ( 0.000000000000000000, 0.000000000000000000, 25.99999999999999289 ) ) ;
#830 = DIRECTION ( 'NONE',  ( -0.000000000000000000, -1.000000000000000000, -0.000000000000000000 ) ) ;
#831 = EDGE_LOOP ( 'NONE', ( #4109, #1038, #1767, #144 ) ) ;
#832 = DIRECTION ( 'NONE',  ( -1.000000000000000000, 0.000000000000000000, -5.217213461584385709E-16 ) ) ;
#833 = EDGE_LOOP ( 'NONE', ( #2210, #238, #14, #2347 ) ) ;
#834 = EDGE_CURVE ( 'NONE', #2660, #3328, #1825, .T. ) ;
#835 = DIRECTION ( 'NONE',  ( -1.000000000000000000, 0.000000000000000000, -0.000000000000000000 ) ) ;
#836 = CARTESIAN_POINT ( 'NONE',  ( 63.14999999999997016, 3.000000000000000000, 0.000000000000000000 ) ) ;
#837 = ORIENTED_EDGE ( 'NONE', *, *, #561, .F. ) ;
#838 = DIRECTION ( 'NONE',  ( 0.000000000000000000, 0.000000000000000000, 1.000000000000000000 ) ) ;
#839 = EDGE_CURVE ( 'NONE', #2676, #1039, #1646, .T. ) ;
#840 = ORIENTED_EDGE ( 'NONE', *, *, #689, .T. ) ;
#841 = DIRECTION ( 'NONE',  ( 0.000000000000000000, 0.000000000000000000, 1.000000000000000000 ) ) ;
#842 = ORIENTED_EDGE ( 'NONE', *, *, #3723, .F. ) ;
#843 = PLANE ( 'NONE',  #1567 ) ;
#844 = LINE ( 'NONE', #930, #1338 ) ;
#845 = CARTESIAN_POINT ( 'NONE',  ( -69.64999999999999147, 0.000000000000000000, -0.000000000000000000 ) ) ;
#846 = ORIENTED_EDGE ( 'NONE', *, *, #3098, .T. ) ;
#847 = CARTESIAN_POINT ( 'NONE',  ( -31.49999999999998579, 0.000000000000000000, -29.00000000000000000 ) ) ;
#848 = ORIENTED_EDGE ( 'NONE', *, *, #2482, .T. ) ;
#849 = CARTESIAN_POINT ( 'NONE',  ( -69.64999999999999147, 0.000000000000000000, 25.99999999999999289 ) ) ;
#850 = AXIS2_PLACEMENT_3D ( 'NONE', #3900, #1361, #3525 ) ;
#851 = LINE ( 'NONE', #2137, #1477 ) ;
#852 = EDGE_CURVE ( 'NONE', #1829, #819, #953, .T. ) ;
#853 = VECTOR ( 'NONE', #2754, 1000.000000000000000 ) ;
#854 = CARTESIAN_POINT ( 'NONE',  ( -2.457524924300475350E-14, 3.000000000000000000, -51.00000000000000000 ) ) ;
#855 = VERTEX_POINT ( 'NONE', #1326 ) ;
#856 = CARTESIAN_POINT ( 'NONE',  ( 0.000000000000000000, 0.000000000000000000, 0.000000000000000000 ) ) ;
#857 = VECTOR ( 'NONE', #269, 1000.000000000000000 ) ;
#858 = VERTEX_POINT ( 'NONE', #1938 ) ;
#859 = CARTESIAN_POINT ( 'NONE',  ( -69.64999999999996305, 3.000000000000000000, 0.000000000000000000 ) ) ;
#860 = ORIENTED_EDGE ( 'NONE', *, *, #3408, .F. ) ;
#861 = CARTESIAN_POINT ( 'NONE',  ( 63.14999999999997016, 3.000000000000000000, 14.74999999999998224 ) ) ;
#862 = CARTESIAN_POINT ( 'NONE',  ( 63.14999999999997016, 0.000000000000000000, -0.000000000000000000 ) ) ;
#863 = CIRCLE ( 'NONE', #1805, 2.999999999999988898 ) ;
#864 = DIRECTION ( 'NONE',  ( -0.000000000000000000, -1.000000000000000000, 0.000000000000000000 ) ) ;
#865 = EDGE_CURVE ( 'NONE', #1503, #393, #2873, .T. ) ;
#866 = CARTESIAN_POINT ( 'NONE',  ( 4.915049848600952908E-15, 0.000000000000000000, 50.99999999999999289 ) ) ;
#867 = VERTEX_POINT ( 'NONE', #4142 ) ;
#868 = VECTOR ( 'NONE', #428, 1000.000000000000000 ) ;
#869 = CARTESIAN_POINT ( 'NONE',  ( -2.504262461560504825E-14, 3.000000000000000000, 47.99999999999999289 ) ) ;
#870 = AXIS2_PLACEMENT_3D ( 'NONE', #3138, #633, #3802 ) ;
#871 = FACE_OUTER_BOUND ( 'NONE', #1106, .T. ) ;
#872 = EDGE_CURVE ( 'NONE', #1098, #2214, #3264, .T. ) ;
#873 = EDGE_LOOP ( 'NONE', ( #2498, #3336, #317, #487 ) ) ;
#874 = DIRECTION ( 'NONE',  ( -1.000000000000000000, 0.000000000000000000, -4.336808689942059151E-16 ) ) ;
#875 =( NAMED_UNIT ( * ) PLANE_ANGLE_UNIT ( ) SI_UNIT ( $, .RADIAN. ) );
#876 = LINE ( 'NONE', #2462, #2973 ) ;
#877 = ORIENTED_EDGE ( 'NONE', *, *, #421, .F. ) ;
#878 = ORIENTED_EDGE ( 'NONE', *, *, #3891, .F. ) ;
#879 = FACE_BOUND ( 'NONE', #882, .T. ) ;
#880 = AXIS2_PLACEMENT_3D ( 'NONE', #3857, #3523, #644 ) ;
#881 = PRODUCT_DEFINITION_FORMATION_WITH_SPECIFIED_SOURCE ( 'ANY', '', #2838, .NOT_KNOWN. ) ;
#882 = EDGE_LOOP ( 'NONE', ( #2999, #2983 ) ) ;
#883 = CARTESIAN_POINT ( 'NONE',  ( -63.14999999999994174, 0.000000000000000000, 25.99999999999999289 ) ) ;
#884 = AXIS2_PLACEMENT_3D ( 'NONE', #4038, #3765, #2519 ) ;
#885 = ORIENTED_EDGE ( 'NONE', *, *, #1483, .T. ) ;
#886 = DIRECTION ( 'NONE',  ( 1.000000000000000000, 0.000000000000000000, -6.746146851020918889E-16 ) ) ;
#887 = LINE ( 'NONE', #1220, #1263 ) ;
#888 = EDGE_CURVE ( 'NONE', #3135, #2503, #2918, .T. ) ;
#889 = AXIS2_PLACEMENT_3D ( 'NONE', #1932, #3194, #2911 ) ;
#890 = CARTESIAN_POINT ( 'NONE',  ( 3.136893421757446328E-14, 3.000000000000000000, 64.49999999999991473 ) ) ;
#891 = CARTESIAN_POINT ( 'NONE',  ( 99.50000000000002842, 3.000000000000000000, 50.99999999999991473 ) ) ;
#892 = ORIENTED_EDGE ( 'NONE', *, *, #1613, .T. ) ;
#893 = DIRECTION ( 'NONE',  ( -0.000000000000000000, -1.000000000000000000, -0.000000000000000000 ) ) ;
#894 = AXIS2_PLACEMENT_3D ( 'NONE', #3350, #2410, #2766 ) ;
#895 = ADVANCED_FACE ( 'NONE', ( #31 ), #1665, .F. ) ;
#896 = CARTESIAN_POINT ( 'NONE',  ( 95.50000000000004263, 0.000000000000000000, 74.99999999999997158 ) ) ;
#897 = EDGE_LOOP ( 'NONE', ( #1431, #715, #3057, #97 ) ) ;
#898 = CARTESIAN_POINT ( 'NONE',  ( 31.50000000000000000, 3.000000000000000000, 29.00000000000000711 ) ) ;
#899 =( NAMED_UNIT ( * ) PLANE_ANGLE_UNIT ( ) SI_UNIT ( $, .RADIAN. ) );
#900 = CARTESIAN_POINT ( 'NONE',  ( 44.79999999999999005, 3.000000000000000000, -26.00000000000001421 ) ) ;
#901 = ORIENTED_EDGE ( 'NONE', *, *, #2384, .T. ) ;
#902 = FACE_OUTER_BOUND ( 'NONE', #2899, .T. ) ;
#903 = APPLICATION_CONTEXT ( 'automotive_design' ) ;
#904 = DIRECTION ( 'NONE',  ( -1.000000000000000000, 0.000000000000000000, 0.000000000000000000 ) ) ;
#905 = DIRECTION ( 'NONE',  ( 1.000000000000000000, 0.000000000000000000, -3.202566417187950535E-16 ) ) ;
#906 = EDGE_LOOP ( 'NONE', ( #2605, #993, #1324, #299 ) ) ;
#907 = CARTESIAN_POINT ( 'NONE',  ( -48.64999999999996305, 3.000000000000000000, 0.000000000000000000 ) ) ;
#908 = CARTESIAN_POINT ( 'NONE',  ( 99.50000000000002842, 3.000000000000000000, 48.99999999999992184 ) ) ;
#909 = CARTESIAN_POINT ( 'NONE',  ( -63.15000000000001279, 0.000000000000000000, -29.24999999999999645 ) ) ;
#910 = DIRECTION ( 'NONE',  ( 0.000000000000000000, 0.000000000000000000, 1.000000000000000000 ) ) ;
#911 = ADVANCED_FACE ( 'NONE', ( #3245, #2560, #975, #3221, #1285, #73, #340, #1349, #1308, #2258, #2216, #1627, #992, #2580, #2640, #654, #616 ), #2277, .T. ) ;
#912 = ORIENTED_EDGE ( 'NONE', *, *, #1857, .F. ) ;
#913 = CARTESIAN_POINT ( 'NONE',  ( 44.79999999999996163, 0.000000000000000000, -51.00000000000002132 ) ) ;
#914 = ORIENTED_EDGE ( 'NONE', *, *, #2449, .T. ) ;
#915 = CARTESIAN_POINT ( 'NONE',  ( -17.50000000000008882, 3.000000000000000000, -2.312964634635753942E-14 ) ) ;
#916 =( NAMED_UNIT ( * ) SI_UNIT ( $, .STERADIAN. ) SOLID_ANGLE_UNIT ( ) );
#917 = LINE ( 'NONE', #2205, #1759 ) ;
#918 = EDGE_CURVE ( 'NONE', #655, #3989, #3517, .T. ) ;
#919 = ORIENTED_EDGE ( 'NONE', *, *, #2230, .F. ) ;
#920 = CARTESIAN_POINT ( 'NONE',  ( -100.0000000000000000, 0.000000000000000000, -10.49999999999999112 ) ) ;
#921 = AXIS2_PLACEMENT_3D ( 'NONE', #1702, #374, #3589 ) ;
#922 = CARTESIAN_POINT ( 'NONE',  ( -7.564959519297359869E-15, 3.000000000000000000, -29.00000000000000000 ) ) ;
#923 = CARTESIAN_POINT ( 'NONE',  ( -31.49999999999998579, 0.000000000000000000, 48.00000000000000000 ) ) ;
#924 = VERTEX_POINT ( 'NONE', #674 ) ;
#925 = VECTOR ( 'NONE', #984, 1000.000000000000000 ) ;
#926 = CARTESIAN_POINT ( 'NONE',  ( 92.49999999999997158, 3.000000000000000000, -51.00000000000003553 ) ) ;
#927 = CARTESIAN_POINT ( 'NONE',  ( 3.136893421757446328E-14, 3.000000000000000000, 64.49999999999991473 ) ) ;
#928 = VECTOR ( 'NONE', #329, 1000.000000000000000 ) ;
#929 = ORIENTED_EDGE ( 'NONE', *, *, #2537, .F. ) ;
#930 = CARTESIAN_POINT ( 'NONE',  ( 0.000000000000000000, 3.000000000000000000, 25.99999999999999289 ) ) ;
#931 = LINE ( 'NONE', #2855, #2164 ) ;
#932 = VERTEX_POINT ( 'NONE', #3887 ) ;
#933 = CARTESIAN_POINT ( 'NONE',  ( 95.49999999999984368, 0.000000000000000000, 1.262217843472646467E-13 ) ) ;
#934 = VECTOR ( 'NONE', #2457, 1000.000000000000000 ) ;
#935 = ADVANCED_FACE ( 'NONE', ( #637 ), #2302, .F. ) ;
#936 = FACE_OUTER_BOUND ( 'NONE', #2222, .T. ) ;
#937 = VECTOR ( 'NONE', #13, 1000.000000000000000 ) ;
#938 = ORIENTED_EDGE ( 'NONE', *, *, #3911, .T. ) ;
#939 = CARTESIAN_POINT ( 'NONE',  ( -20.49999999999998934, 0.000000000000000000, 53.99999999999999289 ) ) ;
#940 = VECTOR ( 'NONE', #2379, 1000.000000000000000 ) ;
#941 = EDGE_CURVE ( 'NONE', #1829, #3659, #321, .T. ) ;
#942 = VECTOR ( 'NONE', #2869, 1000.000000000000000 ) ;
#943 = CARTESIAN_POINT ( 'NONE',  ( 164.4999999999999432, 0.000000000000000000, -75.00000000000012790 ) ) ;
#944 = ORIENTED_EDGE ( 'NONE', *, *, #2986, .F. ) ;
#945 = FACE_BOUND ( 'NONE', #2419, .T. ) ;
#946 = EDGE_CURVE ( 'NONE', #1094, #426, #2406, .T. ) ;
#947 = DIRECTION ( 'NONE',  ( -0.000000000000000000, -1.000000000000000000, -0.000000000000000000 ) ) ;
#948 = CARTESIAN_POINT ( 'NONE',  ( -55.15000000000001990, 0.000000000000000000, -25.99999999999999289 ) ) ;
#949 = ORIENTED_EDGE ( 'NONE', *, *, #561, .T. ) ;
#950 = FACE_OUTER_BOUND ( 'NONE', #906, .T. ) ;
#951 = CARTESIAN_POINT ( 'NONE',  ( 100.0000000000000000, 3.000000000000000000, -5.551115123125782702E-14 ) ) ;
#952 = ORIENTED_EDGE ( 'NONE', *, *, #3078, .T. ) ;
#953 = LINE ( 'NONE', #1918, #3967 ) ;
#954 = VECTOR ( 'NONE', #3570, 1000.000000000000000 ) ;
#955 = ORIENTED_EDGE ( 'NONE', *, *, #1165, .T. ) ;
#956 = DIRECTION ( 'NONE',  ( 0.000000000000000000, 0.000000000000000000, -1.000000000000000000 ) ) ;
#957 = VECTOR ( 'NONE', #2936, 1000.000000000000000 ) ;
#958 = DIRECTION ( 'NONE',  ( 1.000000000000000000, -0.000000000000000000, 0.000000000000000000 ) ) ;
#959 = VECTOR ( 'NONE', #2613, 1000.000000000000000 ) ;
#960 = ORIENTED_EDGE ( 'NONE', *, *, #1769, .T. ) ;
#961 = LINE ( 'NONE', #2247, #3875 ) ;
#962 = AXIS2_PLACEMENT_3D ( 'NONE', #3914, #2280, #427 ) ;
#963 = PLANE ( 'NONE',  #4101 ) ;
#964 = VERTEX_POINT ( 'NONE', #3618 ) ;
#965 = EDGE_CURVE ( 'NONE', #3807, #2206, #442, .T. ) ;
#966 =( BOUNDED_SURFACE ( )  B_SPLINE_SURFACE ( 3, 1, ( 
 ( #578, #2158 ),
 ( #1207, #2501 ),
 ( #1858, #4127 ),
 ( #4146, #896 ) ),
 .UNSPECIFIED., .F., .F., .T. ) 
 B_SPLINE_SURFACE_WITH_KNOTS ( ( 4, 4 ),
 ( 2, 2 ),
 ( 0.000000000000000000, 1.000000000000000000 ),
 ( 0.000000000000000000, 1.000000000000000000 ),
 .UNSPECIFIED. ) 
 GEOMETRIC_REPRESENTATION_ITEM ( )  RATIONAL_B_SPLINE_SURFACE ( (
 ( 1.000000000000000000, 1.000000000000000000),
 ( 0.3333333333333333703, 0.3333333333333333703),
 ( 0.3333333333333333703, 0.3333333333333333703),
 ( 1.000000000000000000, 1.000000000000000000) ) ) 
 REPRESENTATION_ITEM ( '' )  SURFACE ( )  );
#967 = DIRECTION ( 'NONE',  ( -1.000000000000000000, 0.000000000000000000, -2.168404344971029576E-16 ) ) ;
#968 = EDGE_LOOP ( 'NONE', ( #3906, #3748, #3035, #3327 ) ) ;
#969 = LINE ( 'NONE', #1594, #2442 ) ;
#970 = ADVANCED_FACE ( 'NONE', ( #3948 ), #1370, .F. ) ;
#971 = ORIENTED_EDGE ( 'NONE', *, *, #2054, .T. ) ;
#972 = DIRECTION ( 'NONE',  ( -1.321694076934710205E-15, 0.000000000000000000, -1.000000000000000000 ) ) ;
#973 = DIRECTION ( 'NONE',  ( -0.000000000000000000, -1.000000000000000000, -0.000000000000000000 ) ) ;
#974 = EDGE_LOOP ( 'NONE', ( #1398, #119, #3184, #2798 ) ) ;
#975 = FACE_BOUND ( 'NONE', #2167, .T. ) ;
#976 = EDGE_CURVE ( 'NONE', #1678, #2554, #2507, .T. ) ;
#977 = ORIENTED_EDGE ( 'NONE', *, *, #3816, .T. ) ;
#978 = PLANE ( 'NONE',  #3510 ) ;
#979 = LINE ( 'NONE', #408, #3881 ) ;
#980 = ORIENTED_EDGE ( 'NONE', *, *, #780, .T. ) ;
#981 = FACE_OUTER_BOUND ( 'NONE', #1057, .T. ) ;
#982 = LINE ( 'NONE', #1908, #85 ) ;
#983 = ORIENTED_EDGE ( 'NONE', *, *, #278, .T. ) ;
#984 = DIRECTION ( 'NONE',  ( -0.000000000000000000, -1.000000000000000000, -0.000000000000000000 ) ) ;
#985 = EDGE_CURVE ( 'NONE', #1389, #2081, #761, .T. ) ;
#986 = DIRECTION ( 'NONE',  ( 1.000000000000000000, 0.000000000000000000, -4.336808689942059151E-16 ) ) ;
#987 = CARTESIAN_POINT ( 'NONE',  ( 99.49999999999997158, 3.000000000000000000, -53.00000000000006395 ) ) ;
#988 = ORIENTED_EDGE ( 'NONE', *, *, #2879, .T. ) ;
#989 = CARTESIAN_POINT ( 'NONE',  ( 0.000000000000000000, 0.000000000000000000, -17.99999999999999289 ) ) ;
#990 = LINE ( 'NONE', #3242, #2553 ) ;
#991 = ORIENTED_EDGE ( 'NONE', *, *, #3366, .F. ) ;
#992 = FACE_BOUND ( 'NONE', #750, .T. ) ;
#993 = ORIENTED_EDGE ( 'NONE', *, *, #3455, .F. ) ;
#994 = ORIENTED_EDGE ( 'NONE', *, *, #387, .F. ) ;
#995 = CARTESIAN_POINT ( 'NONE',  ( 0.000000000000000000, 0.000000000000000000, 17.99999999999999289 ) ) ;
#996 = AXIS2_PLACEMENT_3D ( 'NONE', #3317, #2984, #472 ) ;
#997 = ADVANCED_FACE ( 'NONE', ( #461 ), #2061, .T. ) ;
#998 = DIRECTION ( 'NONE',  ( 0.000000000000000000, 0.000000000000000000, -1.000000000000000000 ) ) ;
#999 = ORIENTED_EDGE ( 'NONE', *, *, #3541, .F. ) ;
#1000 = VECTOR ( 'NONE', #2596, 1000.000000000000000 ) ;
#1001 = CARTESIAN_POINT ( 'NONE',  ( 5.947623346206188427E-15, 0.000000000000000000, -18.00000000000000000 ) ) ;
#1002 = ADVANCED_FACE ( 'NONE', ( #739 ), #404, .F. ) ;
#1003 = AXIS2_PLACEMENT_3D ( 'NONE', #3432, #554, #3125 ) ;
#1004 = DIRECTION ( 'NONE',  ( 0.000000000000000000, 0.000000000000000000, 1.000000000000000000 ) ) ;
#1005 = ORIENTED_EDGE ( 'NONE', *, *, #2807, .F. ) ;
#1006 = AXIS2_PLACEMENT_3D ( 'NONE', #890, #3140, #2808 ) ;
#1007 = CARTESIAN_POINT ( 'NONE',  ( -69.64999999999996305, 3.000000000000000000, 0.000000000000000000 ) ) ;
#1008 = VECTOR ( 'NONE', #1035, 1000.000000000000000 ) ;
#1009 = LINE ( 'NONE', #3921, #940 ) ;
#1010 = CARTESIAN_POINT ( 'NONE',  ( 17.50000000000008171, 3.000000000000000000, -3.469446951953629335E-14 ) ) ;
#1011 = DIRECTION ( 'NONE',  ( 4.625929269271471123E-15, 0.000000000000000000, -1.000000000000000000 ) ) ;
#1012 = VECTOR ( 'NONE', #3732, 1000.000000000000000 ) ;
#1013 = ORIENTED_EDGE ( 'NONE', *, *, #3273, .F. ) ;
#1014 = CARTESIAN_POINT ( 'NONE',  ( -31.49999999999998579, 3.000000000000000000, 50.99999999999999289 ) ) ;
#1015 = ORIENTED_EDGE ( 'NONE', *, *, #1949, .F. ) ;
#1016 = CARTESIAN_POINT ( 'NONE',  ( 99.50000000000002842, 3.000000000000000000, 48.99999999999992184 ) ) ;
#1017 = ORIENTED_EDGE ( 'NONE', *, *, #3230, .T. ) ;
#1018 = ORIENTED_EDGE ( 'NONE', *, *, #3637, .F. ) ;
#1019 = EDGE_CURVE ( 'NONE', #1629, #1192, #2086, .T. ) ;
#1020 = DIRECTION ( 'NONE',  ( 1.000000000000000000, 0.000000000000000000, -4.336808689942021187E-16 ) ) ;
#1021 = VECTOR ( 'NONE', #603, 1000.000000000000000 ) ;
#1022 = ORIENTED_EDGE ( 'NONE', *, *, #1197, .F. ) ;
#1023 = ADVANCED_FACE ( 'NONE', ( #1115 ), #174, .F. ) ;
#1024 = CIRCLE ( 'NONE', #621, 10.49999999999999112 ) ;
#1025 = CARTESIAN_POINT ( 'NONE',  ( 31.49999999999998579, 3.000000000000000000, 48.00000000000000711 ) ) ;
#1026 = CARTESIAN_POINT ( 'NONE',  ( -100.0000000000000000, 0.000000000000000000, 0.000000000000000000 ) ) ;
#1027 = ORIENTED_EDGE ( 'NONE', *, *, #4046, .T. ) ;
#1028 = DIRECTION ( 'NONE',  ( -1.000000000000000000, 0.000000000000000000, -3.304235192336771568E-16 ) ) ;
#1029 = AXIS2_PLACEMENT_3D ( 'NONE', #2980, #2645, #2680 ) ;
#1030 = AXIS2_PLACEMENT_3D ( 'NONE', #3009, #397, #1994 ) ;
#1031 = CYLINDRICAL_SURFACE ( 'NONE', #3092, 10.49999999999999112 ) ;
#1032 = FACE_OUTER_BOUND ( 'NONE', #3265, .T. ) ;
#1033 = DIRECTION ( 'NONE',  ( 1.000000000000000000, 0.000000000000000000, -2.135044278125300110E-16 ) ) ;
#1034 = ORIENTED_EDGE ( 'NONE', *, *, #3783, .T. ) ;
#1035 = DIRECTION ( 'NONE',  ( 1.000000000000000000, -0.000000000000000000, 0.000000000000000000 ) ) ;
#1036 = ORIENTED_EDGE ( 'NONE', *, *, #1782, .T. ) ;
#1037 = CARTESIAN_POINT ( 'NONE',  ( 69.65000000000001990, 3.000000000000000000, -26.00000000000002132 ) ) ;
#1038 = ORIENTED_EDGE ( 'NONE', *, *, #3230, .F. ) ;
#1039 = VERTEX_POINT ( 'NONE', #2340 ) ;
#1040 = DIRECTION ( 'NONE',  ( 1.321694076934710402E-15, 0.000000000000000000, 1.000000000000000000 ) ) ;
#1041 = ADVANCED_FACE ( 'NONE', ( #2023 ), #3928, .F. ) ;
#1042 = ORIENTED_EDGE ( 'NONE', *, *, #2694, .F. ) ;
#1043 = CARTESIAN_POINT ( 'NONE',  ( 17.50000000000008171, 3.000000000000000000, -3.469446951953629335E-14 ) ) ;
#1044 = EDGE_LOOP ( 'NONE', ( #1225, #2602, #846, #2511 ) ) ;
#1045 = CARTESIAN_POINT ( 'NONE',  ( -92.50000000000000000, 0.000000000000000000, -53.99999999999998579 ) ) ;
#1046 = ADVANCED_FACE ( 'NONE', ( #2696 ), #2976, .T. ) ;
#1047 = CARTESIAN_POINT ( 'NONE',  ( -55.15000000000001990, 0.000000000000000000, 14.74999999999999822 ) ) ;
#1048 = CARTESIAN_POINT ( 'NONE',  ( 0.000000000000000000, 3.000000000000000000, 29.00000000000000000 ) ) ;
#1049 = FACE_OUTER_BOUND ( 'NONE', #3102, .T. ) ;
#1050 = ADVANCED_FACE ( 'NONE', ( #2002 ), #3638, .F. ) ;
#1051 = ORIENTED_EDGE ( 'NONE', *, *, #1857, .T. ) ;
#1052 = CARTESIAN_POINT ( 'NONE',  ( 31.50000000000000000, 0.000000000000000000, -26.00000000000001066 ) ) ;
#1053 = EDGE_CURVE ( 'NONE', #1773, #3516, #1710, .T. ) ;
#1054 = ORIENTED_EDGE ( 'NONE', *, *, #1911, .T. ) ;
#1055 = DIRECTION ( 'NONE',  ( -1.000000000000000000, 0.000000000000000000, 0.000000000000000000 ) ) ;
#1056 = EDGE_LOOP ( 'NONE', ( #3580, #1523, #2561, #3684 ) ) ;
#1057 = EDGE_LOOP ( 'NONE', ( #1730, #3115, #991, #1823 ) ) ;
#1058 = CARTESIAN_POINT ( 'NONE',  ( -95.49999999999997158, 3.000000000000000000, -54.00000000000000000 ) ) ;
#1059 = CARTESIAN_POINT ( 'NONE',  ( 63.14999999999997016, 3.000000000000000000, -17.99999999999997868 ) ) ;
#1060 = VERTEX_POINT ( 'NONE', #3598 ) ;
#1061 = DIRECTION ( 'NONE',  ( 0.000000000000000000, 0.000000000000000000, -1.000000000000000000 ) ) ;
#1062 = AXIS2_PLACEMENT_3D ( 'NONE', #3628, #3983, #2034 ) ;
#1063 = AXIS2_PLACEMENT_3D ( 'NONE', #3139, #1538, #2237 ) ;
#1064 = ORIENTED_EDGE ( 'NONE', *, *, #2141, .F. ) ;
#1065 = CARTESIAN_POINT ( 'NONE',  ( -4.915049848600952119E-15, 0.000000000000000000, -50.99999999999999289 ) ) ;
#1066 = DIRECTION ( 'NONE',  ( -0.000000000000000000, -1.000000000000000000, 0.000000000000000000 ) ) ;
#1067 = CARTESIAN_POINT ( 'NONE',  ( 95.49999999999984368, 3.000000000000000000, 1.262217843472646467E-13 ) ) ;
#1068 = DIRECTION ( 'NONE',  ( 0.000000000000000000, 0.000000000000000000, 1.000000000000000000 ) ) ;
#1069 = VECTOR ( 'NONE', #2090, 1000.000000000000000 ) ;
#1070 = ORIENTED_EDGE ( 'NONE', *, *, #1835, .F. ) ;
#1071 = DIRECTION ( 'NONE',  ( 0.000000000000000000, 0.000000000000000000, 1.000000000000000000 ) ) ;
#1072 = EDGE_CURVE ( 'NONE', #2049, #2342, #1453, .T. ) ;
#1073 = ORIENTED_EDGE ( 'NONE', *, *, #2881, .T. ) ;
#1074 = CARTESIAN_POINT ( 'NONE',  ( -99.49999999999997158, 3.000000000000000000, 50.99999999999999289 ) ) ;
#1075 = ORIENTED_EDGE ( 'NONE', *, *, #3169, .T. ) ;
#1076 = ORIENTED_EDGE ( 'NONE', *, *, #3414, .F. ) ;
#1077 = DIRECTION ( 'NONE',  ( 0.000000000000000000, 0.000000000000000000, -1.000000000000000000 ) ) ;
#1078 = VECTOR ( 'NONE', #189, 1000.000000000000000 ) ;
#1079 = CARTESIAN_POINT ( 'NONE',  ( 0.000000000000000000, 0.000000000000000000, 26.00000000000000355 ) ) ;
#1080 = ORIENTED_EDGE ( 'NONE', *, *, #3505, .T. ) ;
#1081 = DIRECTION ( 'NONE',  ( -0.000000000000000000, -1.000000000000000000, -0.000000000000000000 ) ) ;
#1082 = AXIS2_PLACEMENT_3D ( 'NONE', #3123, #2831, #575 ) ;
#1083 = ORIENTED_EDGE ( 'NONE', *, *, #2007, .F. ) ;
#1084 = FACE_OUTER_BOUND ( 'NONE', #2728, .T. ) ;
#1085 = VECTOR ( 'NONE', #2803, 1000.000000000000000 ) ;
#1086 = CARTESIAN_POINT ( 'NONE',  ( -44.79999999999997584, 0.000000000000000000, -26.00000000000000355 ) ) ;
#1087 = ADVANCED_FACE ( 'NONE', ( #1432 ), #2720, .T. ) ;
#1088 = CARTESIAN_POINT ( 'NONE',  ( -164.4999999999999147, 0.000000000000000000, -74.99999999999991473 ) ) ;
#1089 = FACE_OUTER_BOUND ( 'NONE', #1259, .T. ) ;
#1090 = CIRCLE ( 'NONE', #2513, 2.000000000000001776 ) ;
#1091 = EDGE_LOOP ( 'NONE', ( #2600, #3095, #3456, #2966 ) ) ;
#1092 = DIRECTION ( 'NONE',  ( 1.000000000000000000, 0.000000000000000000, 0.000000000000000000 ) ) ;
#1093 = CIRCLE ( 'NONE', #3709, 10.49999999999999112 ) ;
#1094 = VERTEX_POINT ( 'NONE', #4072 ) ;
#1095 = EDGE_CURVE ( 'NONE', #3980, #39, #3698, .T. ) ;
#1096 = DIRECTION ( 'NONE',  ( -0.000000000000000000, -1.000000000000000000, -0.000000000000000000 ) ) ;
#1097 = VERTEX_POINT ( 'NONE', #883 ) ;
#1098 = VERTEX_POINT ( 'NONE', #3403 ) ;
#1099 = DIRECTION ( 'NONE',  ( -1.000000000000000000, 0.000000000000000000, -0.000000000000000000 ) ) ;
#1100 = CARTESIAN_POINT ( 'NONE',  ( -48.64999999999996305, 0.000000000000000000, -17.99999999999999289 ) ) ;
#1101 = EDGE_CURVE ( 'NONE', #1195, #3498, #1176, .T. ) ;
#1102 = CARTESIAN_POINT ( 'NONE',  ( 55.15000000000004832, 3.000000000000000000, -29.25000000000001066 ) ) ;
#1103 = VERTEX_POINT ( 'NONE', #3759 ) ;
#1104 = PLANE ( 'NONE',  #1739 ) ;
#1105 = DIRECTION ( 'NONE',  ( -0.000000000000000000, -1.000000000000000000, -0.000000000000000000 ) ) ;
#1106 = EDGE_LOOP ( 'NONE', ( #1520, #3612, #286, #32 ) ) ;
#1107 = CARTESIAN_POINT ( 'NONE',  ( -44.79999999999997584, 0.000000000000000000, -29.00000000000000000 ) ) ;
#1108 = CARTESIAN_POINT ( 'NONE',  ( -55.15000000000001990, 0.000000000000000000, -0.000000000000000000 ) ) ;
#1109 = PLANE ( 'NONE',  #343 ) ;
#1110 = DIRECTION ( 'NONE',  ( -1.000000000000000000, 0.000000000000000000, 6.608470384673545107E-16 ) ) ;
#1111 = ORIENTED_EDGE ( 'NONE', *, *, #2189, .F. ) ;
#1112 = FACE_OUTER_BOUND ( 'NONE', #1711, .T. ) ;
#1113 = ADVANCED_FACE ( 'NONE', ( #3388 ), #2172, .T. ) ;
#1114 = ORIENTED_EDGE ( 'NONE', *, *, #2445, .T. ) ;
#1115 = FACE_OUTER_BOUND ( 'NONE', #3387, .T. ) ;
#1116 = ORIENTED_EDGE ( 'NONE', *, *, #788, .T. ) ;
#1117 = EDGE_LOOP ( 'NONE', ( #2931, #2919, #86, #1146 ) ) ;
#1118 = CARTESIAN_POINT ( 'NONE',  ( 100.0000000000000000, 3.000000000000000000, -5.551115123125782702E-14 ) ) ;
#1119 = LINE ( 'NONE', #3624, #3952 ) ;
#1120 = LINE ( 'NONE', #59, #2299 ) ;
#1121 = EDGE_LOOP ( 'NONE', ( #2183, #1075, #2328, #724 ) ) ;
#1122 = DIRECTION ( 'NONE',  ( -1.000000000000000000, 0.000000000000000000, -3.304235192336771568E-16 ) ) ;
#1123 = EDGE_CURVE ( 'NONE', #4050, #2266, #2192, .T. ) ;
#1124 = ORIENTED_EDGE ( 'NONE', *, *, #123, .T. ) ;
#1125 = VECTOR ( 'NONE', #2377, 1000.000000000000000 ) ;
#1126 = PLANE ( 'NONE',  #1798 ) ;
#1127 = EDGE_CURVE ( 'NONE', #558, #1287, #4094, .T. ) ;
#1128 =( BOUNDED_CURVE ( )  B_SPLINE_CURVE ( 3, ( #1617, #3527, #23, #2208 ),
 .UNSPECIFIED., .F., .T. ) 
 B_SPLINE_CURVE_WITH_KNOTS ( ( 4, 4 ),
 ( 3.141592653589794004, 6.283185307179586232 ),
 .UNSPECIFIED. ) 
 CURVE ( )  GEOMETRIC_REPRESENTATION_ITEM ( )  RATIONAL_B_SPLINE_CURVE ( ( 1.000000000000000000, 0.3333333333333337034, 0.3333333333333337034, 1.000000000000000000 ) ) 
 REPRESENTATION_ITEM ( '' )  );
#1129 = VECTOR ( 'NONE', #3749, 1000.000000000000000 ) ;
#1130 = LINE ( 'NONE', #2423, #1139 ) ;
#1131 = DIRECTION ( 'NONE',  ( 0.000000000000000000, 0.000000000000000000, 1.000000000000000000 ) ) ;
#1132 = LINE ( 'NONE', #933, #1363 ) ;
#1133 = ORIENTED_EDGE ( 'NONE', *, *, #396, .T. ) ;
#1134 = CARTESIAN_POINT ( 'NONE',  ( 17.50000000000002132, 3.000000000000000000, 74.99999999999997158 ) ) ;
#1135 = VERTEX_POINT ( 'NONE', #1849 ) ;
#1136 = DIRECTION ( 'NONE',  ( -1.000000000000000000, 0.000000000000000000, 4.818676322157795403E-16 ) ) ;
#1137 = EDGE_LOOP ( 'NONE', ( #1545, #614 ) ) ;
#1138 = DIRECTION ( 'NONE',  ( -0.000000000000000000, -1.000000000000000000, 0.000000000000000000 ) ) ;
#1139 = VECTOR ( 'NONE', #3984, 1000.000000000000000 ) ;
#1140 = LINE ( 'NONE', #1079, #2557 ) ;
#1141 = CARTESIAN_POINT ( 'NONE',  ( -2.414221701368337005E-14, 0.000000000000000000, -64.50000000000000000 ) ) ;
#1142 = EDGE_CURVE ( 'NONE', #1389, #3384, #1216, .T. ) ;
#1143 = EDGE_LOOP ( 'NONE', ( #566, #130 ) ) ;
#1144 = LINE ( 'NONE', #3355, #1469 ) ;
#1145 = EDGE_CURVE ( 'NONE', #2658, #19, #2144, .T. ) ;
#1146 = ORIENTED_EDGE ( 'NONE', *, *, #1970, .T. ) ;
#1147 = CARTESIAN_POINT ( 'NONE',  ( 69.65000000000001990, 0.000000000000000000, -17.99999999999997513 ) ) ;
#1148 = VECTOR ( 'NONE', #3193, 1000.000000000000000 ) ;
#1149 = STYLED_ITEM ( 'NONE', ( #3130 ), #1905 ) ;
#1150 = LINE ( 'NONE', #562, #3899 ) ;
#1151 = CARTESIAN_POINT ( 'NONE',  ( -17.49999999999998934, 3.000000000000000000, -75.00000000000004263 ) ) ;
#1152 = ORIENTED_EDGE ( 'NONE', *, *, #2548, .F. ) ;
#1153 = FACE_OUTER_BOUND ( 'NONE', #1560, .T. ) ;
#1154 = AXIS2_PLACEMENT_3D ( 'NONE', #3683, #84, #2392 ) ;
#1155 = ORIENTED_EDGE ( 'NONE', *, *, #1602, .T. ) ;
#1156 = DIRECTION ( 'NONE',  ( -1.000000000000000000, 0.000000000000000000, 0.000000000000000000 ) ) ;
#1157 = VECTOR ( 'NONE', #714, 1000.000000000000000 ) ;
#1158 = ORIENTED_EDGE ( 'NONE', *, *, #686, .T. ) ;
#1159 = PLANE ( 'NONE',  #2708 ) ;
#1160 = VECTOR ( 'NONE', #1247, 1000.000000000000000 ) ;
#1161 = FACE_OUTER_BOUND ( 'NONE', #704, .T. ) ;
#1162 = LINE ( 'NONE', #2130, #3235 ) ;
#1163 = EDGE_LOOP ( 'NONE', ( #2402, #2860, #165, #4084 ) ) ;
#1164 = DIRECTION ( 'NONE',  ( 1.982541115402064913E-15, 0.000000000000000000, 1.000000000000000000 ) ) ;
#1165 = EDGE_CURVE ( 'NONE', #2356, #2841, #4033, .T. ) ;
#1166 = ORIENTED_EDGE ( 'NONE', *, *, #3386, .T. ) ;
#1167 = DIRECTION ( 'NONE',  ( -1.000000000000000000, 0.000000000000000000, -0.000000000000000000 ) ) ;
#1168 = DIRECTION ( 'NONE',  ( -4.625929269271471123E-15, 0.000000000000000000, -1.000000000000000000 ) ) ;
#1169 = DIRECTION ( 'NONE',  ( 0.000000000000000000, 0.000000000000000000, 1.000000000000000000 ) ) ;
#1170 = EDGE_CURVE ( 'NONE', #3518, #3535, #3136, .T. ) ;
#1171 = ORIENTED_EDGE ( 'NONE', *, *, #513, .T. ) ;
#1172 = FACE_BOUND ( 'NONE', #3119, .T. ) ;
#1173 = EDGE_CURVE ( 'NONE', #1243, #2214, #1291, .T. ) ;
#1174 = ORIENTED_EDGE ( 'NONE', *, *, #3292, .F. ) ;
#1175 = EDGE_CURVE ( 'NONE', #2565, #4023, #2512, .T. ) ;
#1176 = LINE ( 'NONE', #1514, #1559 ) ;
#1177 = VERTEX_POINT ( 'NONE', #3118 ) ;
#1178 = CARTESIAN_POINT ( 'NONE',  ( 0.000000000000000000, 3.000000000000000000, 25.99999999999999289 ) ) ;
#1179 = CARTESIAN_POINT ( 'NONE',  ( -31.49999999999998579, 0.000000000000000000, 26.00000000000000355 ) ) ;
#1180 = EDGE_CURVE ( 'NONE', #1898, #2987, #3075, .T. ) ;
#1181 = LINE ( 'NONE', #2215, #2821 ) ;
#1182 = CARTESIAN_POINT ( 'NONE',  ( 44.80000000000020322, 3.000000000000000000, 2.072416312633628403E-13 ) ) ;
#1183 = ORIENTED_EDGE ( 'NONE', *, *, #4024, .T. ) ;
#1184 = DIRECTION ( 'NONE',  ( 0.000000000000000000, 0.000000000000000000, 1.000000000000000000 ) ) ;
#1185 = LINE ( 'NONE', #3496, #3151 ) ;
#1186 = ORIENTED_EDGE ( 'NONE', *, *, #328, .T. ) ;
#1187 = CARTESIAN_POINT ( 'NONE',  ( 63.14999999999997016, 3.000000000000000000, 0.000000000000000000 ) ) ;
#1188 = DIRECTION ( 'NONE',  ( -0.000000000000000000, -1.000000000000000000, -0.000000000000000000 ) ) ;
#1189 = AXIS2_PLACEMENT_3D ( 'NONE', #3006, #4002, #835 ) ;
#1190 = LINE ( 'NONE', #2444, #3834 ) ;
#1191 = ORIENTED_EDGE ( 'NONE', *, *, #3670, .F. ) ;
#1192 = VERTEX_POINT ( 'NONE', #1869 ) ;
#1193 = CARTESIAN_POINT ( 'NONE',  ( -55.15000000000001990, 0.000000000000000000, -29.25000000000000000 ) ) ;
#1194 = VECTOR ( 'NONE', #3666, 1000.000000000000000 ) ;
#1195 = VERTEX_POINT ( 'NONE', #277 ) ;
#1196 = CARTESIAN_POINT ( 'NONE',  ( 3.136893421757446328E-14, 3.000000000000000000, 62.49999999999991473 ) ) ;
#1197 = EDGE_CURVE ( 'NONE', #3037, #2045, #1554, .T. ) ;
#1198 = ORIENTED_EDGE ( 'NONE', *, *, #523, .T. ) ;
#1199 = DIRECTION ( 'NONE',  ( 0.000000000000000000, 0.000000000000000000, 1.000000000000000000 ) ) ;
#1200 = LINE ( 'NONE', #3648, #2008 ) ;
#1201 = VECTOR ( 'NONE', #4016, 1000.000000000000000 ) ;
#1202 = CARTESIAN_POINT ( 'NONE',  ( -2.389728765385389976E-14, 0.000000000000000000, -62.50000000000000000 ) ) ;
#1203 = DIRECTION ( 'NONE',  ( 0.000000000000000000, 0.000000000000000000, -1.000000000000000000 ) ) ;
#1204 = ORIENTED_EDGE ( 'NONE', *, *, #2459, .T. ) ;
#1205 = VECTOR ( 'NONE', #2196, 1000.000000000000000 ) ;
#1206 = LINE ( 'NONE', #2499, #2309 ) ;
#1207 = CARTESIAN_POINT ( 'NONE',  ( 164.4999999999999432, 3.000000000000000444, -75.00000000000011369 ) ) ;
#1208 = VECTOR ( 'NONE', #1071, 1000.000000000000000 ) ;
#1209 = ORIENTED_EDGE ( 'NONE', *, *, #1304, .F. ) ;
#1210 = CARTESIAN_POINT ( 'NONE',  ( 0.000000000000000000, 3.000000000000000000, -29.00000000000000000 ) ) ;
#1211 = CARTESIAN_POINT ( 'NONE',  ( -48.64999999999996305, 3.000000000000000000, -17.99999999999999289 ) ) ;
#1212 = ORIENTED_EDGE ( 'NONE', *, *, #4029, .F. ) ;
#1213 = LINE ( 'NONE', #2190, #388 ) ;
#1214 = EDGE_CURVE ( 'NONE', #3728, #1570, #4010, .T. ) ;
#1215 = ORIENTED_EDGE ( 'NONE', *, *, #2156, .T. ) ;
#1216 = LINE ( 'NONE', #3463, #3111 ) ;
#1217 = AXIS2_PLACEMENT_3D ( 'NONE', #1141, #2091, #1004 ) ;
#1218 = EDGE_LOOP ( 'NONE', ( #2060, #3487 ) ) ;
#1219 = CARTESIAN_POINT ( 'NONE',  ( -63.14999999999994174, 3.000000000000000000, 0.000000000000000000 ) ) ;
#1220 = CARTESIAN_POINT ( 'NONE',  ( 0.000000000000000000, 3.000000000000000000, 26.00000000000000355 ) ) ;
#1221 = ADVANCED_FACE ( 'NONE', ( #3720 ), #193, .F. ) ;
#1222 = VECTOR ( 'NONE', #3509, 1000.000000000000000 ) ;
#1223 = PLANE ( 'NONE',  #805 ) ;
#1224 = PLANE ( 'NONE',  #3168 ) ;
#1225 = ORIENTED_EDGE ( 'NONE', *, *, #3607, .F. ) ;
#1226 = LINE ( 'NONE', #264, #2583 ) ;
#1227 = AXIS2_PLACEMENT_3D ( 'NONE', #4119, #548, #3447 ) ;
#1228 = VECTOR ( 'NONE', #272, 1000.000000000000000 ) ;
#1229 = EDGE_CURVE ( 'NONE', #2285, #3791, #2430, .T. ) ;
#1230 = CARTESIAN_POINT ( 'NONE',  ( -31.49999999999998579, 3.000000000000000000, 0.000000000000000000 ) ) ;
#1231 = VERTEX_POINT ( 'NONE', #3734 ) ;
#1232 = CARTESIAN_POINT ( 'NONE',  ( 55.15000000000004832, 0.000000000000000000, 0.000000000000000000 ) ) ;
#1233 = SURFACE_SIDE_STYLE ('',( #1861 ) ) ;
#1234 = DIRECTION ( 'NONE',  ( 0.000000000000000000, 1.000000000000000000, -0.000000000000000000 ) ) ;
#1235 = ORIENTED_EDGE ( 'NONE', *, *, #3078, .F. ) ;
#1236 = FACE_BOUND ( 'NONE', #701, .T. ) ;
#1237 = DIRECTION ( 'NONE',  ( -1.000000000000000000, 0.000000000000000000, 6.746146851020918889E-16 ) ) ;
#1238 = CARTESIAN_POINT ( 'NONE',  ( -92.49999999999997158, 0.000000000000000000, 51.00000000000000000 ) ) ;
#1239 = ORIENTED_EDGE ( 'NONE', *, *, #3771, .T. ) ;
#1240 = EDGE_CURVE ( 'NONE', #3555, #3146, #824, .T. ) ;
#1241 = DIRECTION ( 'NONE',  ( -5.217213461584385709E-16, 0.000000000000000000, 1.000000000000000000 ) ) ;
#1242 = DIRECTION ( 'NONE',  ( -1.000000000000000000, 0.000000000000000000, 2.135044278125300110E-16 ) ) ;
#1243 = VERTEX_POINT ( 'NONE', #608 ) ;
#1244 = DIRECTION ( 'NONE',  ( 0.000000000000000000, 0.000000000000000000, 1.000000000000000000 ) ) ;
#1245 = DIRECTION ( 'NONE',  ( 0.000000000000000000, 0.000000000000000000, -1.000000000000000000 ) ) ;
#1246 = VERTEX_POINT ( 'NONE', #987 ) ;
#1247 = DIRECTION ( 'NONE',  ( -0.000000000000000000, -1.000000000000000000, -0.000000000000000000 ) ) ;
#1248 = DIRECTION ( 'NONE',  ( 0.000000000000000000, 0.000000000000000000, -1.000000000000000000 ) ) ;
#1249 = ORIENTED_EDGE ( 'NONE', *, *, #1817, .F. ) ;
#1250 = EDGE_CURVE ( 'NONE', #642, #19, #3841, .T. ) ;
#1251 = CARTESIAN_POINT ( 'NONE',  ( -1.268516541808042239E-14, 0.000000000000000000, -29.25000000000002132 ) ) ;
#1252 = EDGE_CURVE ( 'NONE', #2995, #2427, #2232, .T. ) ;
#1253 = PLANE ( 'NONE',  #146 ) ;
#1254 = ORIENTED_EDGE ( 'NONE', *, *, #2496, .T. ) ;
#1255 = ADVANCED_FACE ( 'NONE', ( #1978 ), #3571, .F. ) ;
#1256 = CARTESIAN_POINT ( 'NONE',  ( -31.49999999999998579, 0.000000000000000000, -26.00000000000000355 ) ) ;
#1257 = CARTESIAN_POINT ( 'NONE',  ( 99.49999999999997158, 0.000000000000000000, -51.00000000000006395 ) ) ;
#1258 = LINE ( 'NONE', #1913, #1897 ) ;
#1259 = EDGE_LOOP ( 'NONE', ( #3674, #583, #2042, #3780 ) ) ;
#1260 = VECTOR ( 'NONE', #3319, 1000.000000000000000 ) ;
#1261 = CARTESIAN_POINT ( 'NONE',  ( -63.15000000000001279, 3.000000000000000000, -14.74999999999999822 ) ) ;
#1262 = CARTESIAN_POINT ( 'NONE',  ( -31.49999999999998579, 3.000000000000000000, -29.00000000000000000 ) ) ;
#1263 = VECTOR ( 'NONE', #258, 1000.000000000000000 ) ;
#1264 = VERTEX_POINT ( 'NONE', #1620 ) ;
#1265 = LINE ( 'NONE', #89, #465 ) ;
#1266 = CARTESIAN_POINT ( 'NONE',  ( 99.49999999999997158, 3.000000000000000000, -49.00000000000007105 ) ) ;
#1267 = ORIENTED_EDGE ( 'NONE', *, *, #102, .T. ) ;
#1268 = LINE ( 'NONE', #3519, #1160 ) ;
#1269 = CARTESIAN_POINT ( 'NONE',  ( -99.49999999999997158, 3.000000000000000000, 50.99999999999999289 ) ) ;
#1270 = VECTOR ( 'NONE', #3331, 1000.000000000000000 ) ;
#1271 = VERTEX_POINT ( 'NONE', #2270 ) ;
#1272 = LINE ( 'NONE', #1989, #2549 ) ;
#1273 = AXIS2_PLACEMENT_3D ( 'NONE', #64, #2015, #1341 ) ;
#1274 = EDGE_CURVE ( 'NONE', #1664, #858, #3546, .T. ) ;
#1275 = DIRECTION ( 'NONE',  ( -0.000000000000000000, -1.000000000000000000, -0.000000000000000000 ) ) ;
#1276 = ORIENTED_EDGE ( 'NONE', *, *, #1940, .T. ) ;
#1277 = EDGE_CURVE ( 'NONE', #3955, #2342, #2209, .T. ) ;
#1278 = CARTESIAN_POINT ( 'NONE',  ( 164.4999999999999432, 3.000000000000000444, -75.00000000000012790 ) ) ;
#1279 = CARTESIAN_POINT ( 'NONE',  ( -63.15000000000001279, 3.000000000000000000, 0.000000000000000000 ) ) ;
#1280 = CARTESIAN_POINT ( 'NONE',  ( -17.50000000000001421, 3.000000000000000000, -54.00000000000000711 ) ) ;
#1281 = VERTEX_POINT ( 'NONE', #648 ) ;
#1282 = PLANE ( 'NONE',  #1227 ) ;
#1283 = LINE ( 'NONE', #1579, #2886 ) ;
#1284 = VERTEX_POINT ( 'NONE', #948 ) ;
#1285 = FACE_BOUND ( 'NONE', #176, .T. ) ;
#1286 = VECTOR ( 'NONE', #18, 1000.000000000000000 ) ;
#1287 = VERTEX_POINT ( 'NONE', #3214 ) ;
#1288 = CARTESIAN_POINT ( 'NONE',  ( -95.49999999999997158, 0.000000000000000000, 74.99999999999998579 ) ) ;
#1289 = VECTOR ( 'NONE', #2997, 1000.000000000000000 ) ;
#1290 = DIRECTION ( 'NONE',  ( 1.000000000000000000, 0.000000000000000000, 2.608606730792192854E-16 ) ) ;
#1291 = CIRCLE ( 'NONE', #4041, 1.999999999999994893 ) ;
#1292 = VERTEX_POINT ( 'NONE', #1238 ) ;
#1293 = ADVANCED_FACE ( 'NONE', ( #2574 ), #2296, .F. ) ;
#1294 = DIRECTION ( 'NONE',  ( 1.000000000000000000, 0.000000000000000000, -9.637352644315596475E-17 ) ) ;
#1295 = VECTOR ( 'NONE', #639, 1000.000000000000000 ) ;
#1296 = CARTESIAN_POINT ( 'NONE',  ( 92.50000000000000000, 0.000000000000000000, 53.99999999999994316 ) ) ;
#1297 = ORIENTED_EDGE ( 'NONE', *, *, #581, .T. ) ;
#1298 = LINE ( 'NONE', #709, #3472 ) ;
#1299 = ADVANCED_FACE ( 'NONE', ( #1890 ), #43, .T. ) ;
#1300 = CARTESIAN_POINT ( 'NONE',  ( -100.0000000000000000, 3.000000000000000000, 0.000000000000000000 ) ) ;
#1301 = DIRECTION ( 'NONE',  ( -1.000000000000000000, 0.000000000000000000, 0.000000000000000000 ) ) ;
#1302 = VERTEX_POINT ( 'NONE', #2592 ) ;
#1303 = LINE ( 'NONE', #989, #1008 ) ;
#1304 = EDGE_CURVE ( 'NONE', #800, #2004, #3861, .T. ) ;
#1305 = CARTESIAN_POINT ( 'NONE',  ( -20.49999999999998934, 3.000000000000000000, -50.99999999999999289 ) ) ;
#1306 = EDGE_CURVE ( 'NONE', #1533, #3641, #2888, .T. ) ;
#1307 = ORIENTED_EDGE ( 'NONE', *, *, #613, .T. ) ;
#1308 = FACE_BOUND ( 'NONE', #1137, .T. ) ;
#1309 = VERTEX_POINT ( 'NONE', #3260 ) ;
#1310 = VERTEX_POINT ( 'NONE', #3175 ) ;
#1311 = CYLINDRICAL_SURFACE ( 'NONE', #2446, 1.999999999999994893 ) ;
#1312 = EDGE_CURVE ( 'NONE', #2995, #1829, #631, .T. ) ;
#1313 = CARTESIAN_POINT ( 'NONE',  ( -20.49999999999998934, 0.000000000000000000, 50.99999999999999289 ) ) ;
#1314 = ORIENTED_EDGE ( 'NONE', *, *, #1891, .F. ) ;
#1315 = DIRECTION ( 'NONE',  ( 0.000000000000000000, 0.000000000000000000, -1.000000000000000000 ) ) ;
#1316 = DIRECTION ( 'NONE',  ( 0.000000000000000000, 0.000000000000000000, -1.000000000000000000 ) ) ;
#1317 = ORIENTED_EDGE ( 'NONE', *, *, #83, .F. ) ;
#1318 = DIRECTION ( 'NONE',  ( 1.000000000000000000, -0.000000000000000000, 0.000000000000000000 ) ) ;
#1319 = VECTOR ( 'NONE', #4115, 1000.000000000000000 ) ;
#1320 = DIRECTION ( 'NONE',  ( -0.000000000000000000, -1.000000000000000000, -0.000000000000000000 ) ) ;
#1321 = LINE ( 'NONE', #3486, #959 ) ;
#1322 = ORIENTED_EDGE ( 'NONE', *, *, #2862, .T. ) ;
#1323 = DIRECTION ( 'NONE',  ( -2.168404344971029576E-16, 0.000000000000000000, 1.000000000000000000 ) ) ;
#1324 = ORIENTED_EDGE ( 'NONE', *, *, #477, .T. ) ;
#1325 = ADVANCED_FACE ( 'NONE', ( #377 ), #4136, .F. ) ;
#1326 = CARTESIAN_POINT ( 'NONE',  ( 20.50000000000001066, 3.000000000000000000, 50.99999999999999289 ) ) ;
#1327 = VECTOR ( 'NONE', #1546, 1000.000000000000000 ) ;
#1328 = ORIENTED_EDGE ( 'NONE', *, *, #1072, .T. ) ;
#1329 = ORIENTED_EDGE ( 'NONE', *, *, #486, .F. ) ;
#1330 = CARTESIAN_POINT ( 'NONE',  ( -99.49999999999997158, 3.000000000000000000, 50.99999999999999289 ) ) ;
#1331 = CARTESIAN_POINT ( 'NONE',  ( 99.49999999999997158, 3.000000000000000000, -51.00000000000006395 ) ) ;
#1332 = ORIENTED_EDGE ( 'NONE', *, *, #2433, .F. ) ;
#1333 = VECTOR ( 'NONE', #3377, 1000.000000000000000 ) ;
#1334 = PLANE ( 'NONE',  #1396 ) ;
#1335 = VECTOR ( 'NONE', #958, 1000.000000000000000 ) ;
#1336 = CARTESIAN_POINT ( 'NONE',  ( 0.000000000000000000, 3.000000000000000000, 17.99999999999999289 ) ) ;
#1337 = ORIENTED_EDGE ( 'NONE', *, *, #1397, .F. ) ;
#1338 = VECTOR ( 'NONE', #2495, 1000.000000000000000 ) ;
#1339 = DIRECTION ( 'NONE',  ( -1.000000000000000000, 0.000000000000000000, 2.168404344971029576E-16 ) ) ;
#1340 = AXIS2_PLACEMENT_3D ( 'NONE', #3513, #6, #972 ) ;
#1341 = DIRECTION ( 'NONE',  ( 1.000000000000000000, 0.000000000000000000, -4.818676322157795403E-16 ) ) ;
#1342 = FACE_OUTER_BOUND ( 'NONE', #2747, .T. ) ;
#1343 = DIRECTION ( 'NONE',  ( 1.000000000000000000, 0.000000000000000000, 4.336808689942059151E-16 ) ) ;
#1344 = AXIS2_PLACEMENT_3D ( 'NONE', #3966, #1092, #2448 ) ;
#1345 = VERTEX_POINT ( 'NONE', #923 ) ;
#1346 = DIRECTION ( 'NONE',  ( 1.000000000000000000, 0.000000000000000000, 2.168404344971029576E-16 ) ) ;
#1347 = EDGE_CURVE ( 'NONE', #1917, #313, #1321, .T. ) ;
#1348 = VERTEX_POINT ( 'NONE', #1280 ) ;
#1349 = FACE_BOUND ( 'NONE', #3617, .T. ) ;
#1350 = EDGE_LOOP ( 'NONE', ( #3965, #3199, #3933, #243, #2917, #2895, #3137, #423, #1013, #3649, #3812, #3288 ) ) ;
#1351 = ORIENTED_EDGE ( 'NONE', *, *, #2051, .T. ) ;
#1352 = PLANE ( 'NONE',  #3646 ) ;
#1353 = VECTOR ( 'NONE', #1977, 1000.000000000000000 ) ;
#1354 = CARTESIAN_POINT ( 'NONE',  ( -7.564959519297359869E-15, 3.000000000000000000, 29.00000000000000000 ) ) ;
#1355 = ORIENTED_EDGE ( 'NONE', *, *, #2807, .T. ) ;
#1356 = VECTOR ( 'NONE', #2290, 1000.000000000000000 ) ;
#1357 = CARTESIAN_POINT ( 'NONE',  ( 69.65000000000001990, 3.000000000000000000, 0.000000000000000000 ) ) ;
#1358 = EDGE_CURVE ( 'NONE', #2081, #1784, #1258, .T. ) ;
#1359 = AXIS2_PLACEMENT_3D ( 'NONE', #3326, #3969, #2361 ) ;
#1360 = ORIENTED_EDGE ( 'NONE', *, *, #328, .F. ) ;
#1361 = DIRECTION ( 'NONE',  ( 0.000000000000000000, 1.000000000000000000, -0.000000000000000000 ) ) ;
#1362 = EDGE_CURVE ( 'NONE', #393, #305, #969, .T. ) ;
#1363 = VECTOR ( 'NONE', #2219, 1000.000000000000000 ) ;
#1364 = DIRECTION ( 'NONE',  ( 0.000000000000000000, 1.000000000000000000, -0.000000000000000000 ) ) ;
#1365 = DIRECTION ( 'NONE',  ( -1.000000000000000000, 0.000000000000000000, -0.000000000000000000 ) ) ;
#1366 = PLANE ( 'NONE',  #290 ) ;
#1367 = ORIENTED_EDGE ( 'NONE', *, *, #252, .T. ) ;
#1368 = CARTESIAN_POINT ( 'NONE',  ( -63.15000000000001279, 3.000000000000000000, -25.99999999999999289 ) ) ;
#1369 = ORIENTED_EDGE ( 'NONE', *, *, #2433, .T. ) ;
#1370 = PLANE ( 'NONE',  #153 ) ;
#1371 = VERTEX_POINT ( 'NONE', #298 ) ;
#1372 = VERTEX_POINT ( 'NONE', #3302 ) ;
#1373 = CARTESIAN_POINT ( 'NONE',  ( -2.414221701368337005E-14, 3.000000000000000000, -64.50000000000000000 ) ) ;
#1374 = PRESENTATION_STYLE_ASSIGNMENT (( #3872 ) ) ;
#1375 = ADVANCED_FACE ( 'NONE', ( #1049 ), #1366, .F. ) ;
#1376 = ORIENTED_EDGE ( 'NONE', *, *, #1095, .T. ) ;
#1377 = CARTESIAN_POINT ( 'NONE',  ( -2.401924812890964227E-14, 3.000000000000000000, -75.00000000000004263 ) ) ;
#1378 = EDGE_CURVE ( 'NONE', #2180, #3999, #66, .T. ) ;
#1379 = EDGE_LOOP ( 'NONE', ( #2168, #3619, #632, #1495 ) ) ;
#1380 = DIRECTION ( 'NONE',  ( -6.608470384673545107E-16, 0.000000000000000000, -1.000000000000000000 ) ) ;
#1381 = EDGE_CURVE ( 'NONE', #2253, #75, #2970, .T. ) ;
#1382 = LINE ( 'NONE', #3320, #3821 ) ;
#1383 = LINE ( 'NONE', #65, #1624 ) ;
#1384 = PLANE ( 'NONE',  #1497 ) ;
#1385 = ORIENTED_EDGE ( 'NONE', *, *, #259, .T. ) ;
#1386 = DIRECTION ( 'NONE',  ( -0.000000000000000000, -1.000000000000000000, -0.000000000000000000 ) ) ;
#1387 = ORIENTED_EDGE ( 'NONE', *, *, #1530, .T. ) ;
#1388 = CARTESIAN_POINT ( 'NONE',  ( -55.15000000000001990, 3.000000000000000000, 0.000000000000000000 ) ) ;
#1389 = VERTEX_POINT ( 'NONE', #2079 ) ;
#1390 = ORIENTED_EDGE ( 'NONE', *, *, #946, .T. ) ;
#1391 = FACE_OUTER_BOUND ( 'NONE', #635, .T. ) ;
#1392 = VECTOR ( 'NONE', #1799, 1000.000000000000000 ) ;
#1393 = CARTESIAN_POINT ( 'NONE',  ( 17.50000000000000711, 3.000000000000000000, 53.99999999999999289 ) ) ;
#1394 = EDGE_LOOP ( 'NONE', ( #3016, #2683, #3521, #1468 ) ) ;
#1395 = DIRECTION ( 'NONE',  ( 6.746146851020918889E-16, -0.000000000000000000, 1.000000000000000000 ) ) ;
#1396 = AXIS2_PLACEMENT_3D ( 'NONE', #82, #2650, #3894 ) ;
#1397 = EDGE_CURVE ( 'NONE', #676, #134, #417, .T. ) ;
#1398 = ORIENTED_EDGE ( 'NONE', *, *, #2370, .F. ) ;
#1399 = DIRECTION ( 'NONE',  ( -0.000000000000000000, -1.000000000000000000, -0.000000000000000000 ) ) ;
#1400 = VECTOR ( 'NONE', #1544, 1000.000000000000000 ) ;
#1401 = ADVANCED_FACE ( 'NONE', ( #1089 ), #2057, .F. ) ;
#1402 = DIRECTION ( 'NONE',  ( -3.304235192336770581E-16, 0.000000000000000000, 1.000000000000000000 ) ) ;
#1403 = DIRECTION ( 'NONE',  ( -0.000000000000000000, -1.000000000000000000, -0.000000000000000000 ) ) ;
#1404 = DIRECTION ( 'NONE',  ( -1.000000000000000000, 0.000000000000000000, -3.304235192336771568E-16 ) ) ;
#1405 = CIRCLE ( 'NONE', #2284, 1.999999999999994893 ) ;
#1406 = ORIENTED_EDGE ( 'NONE', *, *, #2459, .F. ) ;
#1407 = DIRECTION ( 'NONE',  ( -0.000000000000000000, -1.000000000000000000, -0.000000000000000000 ) ) ;
#1408 = EDGE_CURVE ( 'NONE', #3845, #778, #2401, .T. ) ;
#1409 = ORIENTED_EDGE ( 'NONE', *, *, #2445, .F. ) ;
#1410 = VECTOR ( 'NONE', #295, 1000.000000000000000 ) ;
#1411 = DIRECTION ( 'NONE',  ( 0.000000000000000000, 0.000000000000000000, -1.000000000000000000 ) ) ;
#1412 = ORIENTED_EDGE ( 'NONE', *, *, #4046, .F. ) ;
#1413 = ORIENTED_EDGE ( 'NONE', *, *, #3433, .T. ) ;
#1414 = DIRECTION ( 'NONE',  ( 1.000000000000000000, -0.000000000000000000, 0.000000000000000000 ) ) ;
#1415 = LINE ( 'NONE', #829, #663 ) ;
#1416 = CARTESIAN_POINT ( 'NONE',  ( 3.161386357740393357E-14, 0.000000000000000000, 66.49999999999991473 ) ) ;
#1417 = ORIENTED_EDGE ( 'NONE', *, *, #3433, .F. ) ;
#1418 = DIRECTION ( 'NONE',  ( 2.608606730792192854E-16, -0.000000000000000000, 1.000000000000000000 ) ) ;
#1419 = AXIS2_PLACEMENT_3D ( 'NONE', #772, #2690, #1365 ) ;
#1420 =( GEOMETRIC_REPRESENTATION_CONTEXT ( 3 ) GLOBAL_UNCERTAINTY_ASSIGNED_CONTEXT ( ( #4003 ) ) GLOBAL_UNIT_ASSIGNED_CONTEXT ( ( #3502, #899, #916 ) ) REPRESENTATION_CONTEXT ( 'NONE', 'WORKASPACE' ) );
#1421 = ORIENTED_EDGE ( 'NONE', *, *, #2751, .T. ) ;
#1422 = EDGE_CURVE ( 'NONE', #1177, #200, #1659, .T. ) ;
#1423 = DIRECTION ( 'NONE',  ( -0.000000000000000000, -1.000000000000000000, -0.000000000000000000 ) ) ;
#1424 = VECTOR ( 'NONE', #25, 1000.000000000000000 ) ;
#1425 = LINE ( 'NONE', #1489, #2436 ) ;
#1426 = CARTESIAN_POINT ( 'NONE',  ( -2.504262461560504825E-14, 0.000000000000000000, -47.99999999999999289 ) ) ;
#1427 = DIRECTION ( 'NONE',  ( 6.608470384673545107E-16, 0.000000000000000000, 1.000000000000000000 ) ) ;
#1428 = VECTOR ( 'NONE', #4055, 1000.000000000000000 ) ;
#1429 = ORIENTED_EDGE ( 'NONE', *, *, #1530, .F. ) ;
#1430 = DIRECTION ( 'NONE',  ( 0.000000000000000000, 0.000000000000000000, -1.000000000000000000 ) ) ;
#1431 = ORIENTED_EDGE ( 'NONE', *, *, #1940, .F. ) ;
#1432 = FACE_OUTER_BOUND ( 'NONE', #2692, .T. ) ;
#1433 = ORIENTED_EDGE ( 'NONE', *, *, #3975, .F. ) ;
#1434 = ADVANCED_FACE ( 'NONE', ( #3964 ), #3943, .T. ) ;
#1435 = ORIENTED_EDGE ( 'NONE', *, *, #3414, .T. ) ;
#1436 = DIRECTION ( 'NONE',  ( -1.000000000000000000, 0.000000000000000000, -0.000000000000000000 ) ) ;
#1437 = ADVANCED_FACE ( 'NONE', ( #2635 ), #1384, .T. ) ;
#1438 = DIRECTION ( 'NONE',  ( 0.000000000000000000, 0.000000000000000000, 1.000000000000000000 ) ) ;
#1439 = DIRECTION ( 'NONE',  ( -1.000000000000000000, 0.000000000000000000, -0.000000000000000000 ) ) ;
#1440 = EDGE_CURVE ( 'NONE', #336, #302, #1706, .T. ) ;
#1441 = ORIENTED_EDGE ( 'NONE', *, *, #706, .T. ) ;
#1442 = FACE_OUTER_BOUND ( 'NONE', #604, .T. ) ;
#1443 = DIRECTION ( 'NONE',  ( 0.000000000000000000, 0.000000000000000000, 1.000000000000000000 ) ) ;
#1444 = EDGE_LOOP ( 'NONE', ( #2456, #2005, #2385, #2546 ) ) ;
#1445 = LINE ( 'NONE', #3691, #3276 ) ;
#1446 = CARTESIAN_POINT ( 'NONE',  ( -44.79999999999997584, 0.000000000000000000, 26.00000000000000355 ) ) ;
#1447 = DIRECTION ( 'NONE',  ( -1.000000000000000000, 0.000000000000000000, 4.818676322157795403E-16 ) ) ;
#1448 = DIRECTION ( 'NONE',  ( -1.000000000000000000, 0.000000000000000000, -0.000000000000000000 ) ) ;
#1449 = ORIENTED_EDGE ( 'NONE', *, *, #581, .F. ) ;
#1450 = LINE ( 'NONE', #2693, #4092 ) ;
#1451 = EDGE_CURVE ( 'NONE', #3074, #3999, #438, .T. ) ;
#1452 = VERTEX_POINT ( 'NONE', #2655 ) ;
#1453 = LINE ( 'NONE', #3368, #351 ) ;
#1454 = ORIENTED_EDGE ( 'NONE', *, *, #2755, .T. ) ;
#1455 = ORIENTED_EDGE ( 'NONE', *, *, #3471, .F. ) ;
#1456 = LINE ( 'NONE', #2700, #2378 ) ;
#1457 = ADVANCED_FACE ( 'NONE', ( #2017 ), #2992, .F. ) ;
#1458 = LINE ( 'NONE', #807, #3623 ) ;
#1459 = DIRECTION ( 'NONE',  ( 0.000000000000000000, 0.000000000000000000, 1.000000000000000000 ) ) ;
#1460 = ORIENTED_EDGE ( 'NONE', *, *, #1072, .F. ) ;
#1461 = LINE ( 'NONE', #869, #2952 ) ;
#1462 = CIRCLE ( 'NONE', #850, 1.999999999999994893 ) ;
#1463 = EDGE_LOOP ( 'NONE', ( #826, #3127, #1914, #955 ) ) ;
#1464 = VECTOR ( 'NONE', #1399, 1000.000000000000000 ) ;
#1465 = CARTESIAN_POINT ( 'NONE',  ( -55.15000000000001990, 3.000000000000000000, -25.99999999999999289 ) ) ;
#1466 = FACE_OUTER_BOUND ( 'NONE', #2890, .T. ) ;
#1467 = LINE ( 'NONE', #563, #215 ) ;
#1468 = ORIENTED_EDGE ( 'NONE', *, *, #3259, .T. ) ;
#1469 = VECTOR ( 'NONE', #2132, 1000.000000000000000 ) ;
#1470 = DIRECTION ( 'NONE',  ( -1.000000000000000000, 0.000000000000000000, -4.336808689942059151E-16 ) ) ;
#1471 =( GEOMETRIC_REPRESENTATION_CONTEXT ( 3 ) GLOBAL_UNCERTAINTY_ASSIGNED_CONTEXT ( ( #691 ) ) GLOBAL_UNIT_ASSIGNED_CONTEXT ( ( #2283, #3915, #1966 ) ) REPRESENTATION_CONTEXT ( 'NONE', 'WORKASPACE' ) );
#1472 = EDGE_LOOP ( 'NONE', ( #3796, #1634, #1909, #1480 ) ) ;
#1473 = DIRECTION ( 'NONE',  ( -0.000000000000000000, -1.000000000000000000, -0.000000000000000000 ) ) ;
#1474 = ORIENTED_EDGE ( 'NONE', *, *, #1019, .T. ) ;
#1475 = EDGE_CURVE ( 'NONE', #4118, #3295, #2336, .T. ) ;
#1476 = DIRECTION ( 'NONE',  ( -0.000000000000000000, -1.000000000000000000, -0.000000000000000000 ) ) ;
#1477 = VECTOR ( 'NONE', #2733, 1000.000000000000000 ) ;
#1478 = LINE ( 'NONE', #2768, #1201 ) ;
#1479 = PLANE ( 'NONE',  #1082 ) ;
#1480 = ORIENTED_EDGE ( 'NONE', *, *, #2790, .T. ) ;
#1481 = PLANE ( 'NONE',  #2889 ) ;
#1482 = VECTOR ( 'NONE', #3716, 1000.000000000000000 ) ;
#1483 = EDGE_CURVE ( 'NONE', #1797, #2253, #732, .T. ) ;
#1484 = ORIENTED_EDGE ( 'NONE', *, *, #2901, .T. ) ;
#1485 = EDGE_CURVE ( 'NONE', #1991, #3494, #825, .T. ) ;
#1486 = PLANE ( 'NONE',  #2341 ) ;
#1487 = EDGE_CURVE ( 'NONE', #1737, #426, #2355, .T. ) ;
#1488 = VECTOR ( 'NONE', #2969, 1000.000000000000000 ) ;
#1489 = CARTESIAN_POINT ( 'NONE',  ( 99.49999999999997158, 3.000000000000000000, -53.00000000000006395 ) ) ;
#1490 = CARTESIAN_POINT ( 'NONE',  ( -55.15000000000001990, 0.000000000000000000, 29.25000000000000000 ) ) ;
#1491 = EDGE_CURVE ( 'NONE', #4012, #1281, #773, .T. ) ;
#1492 = ORIENTED_EDGE ( 'NONE', *, *, #3757, .T. ) ;
#1493 = CARTESIAN_POINT ( 'NONE',  ( 0.000000000000000000, 3.000000000000000000, 17.99999999999999289 ) ) ;
#1494 = AXIS2_PLACEMENT_3D ( 'NONE', #1074, #96, #2659 ) ;
#1495 = ORIENTED_EDGE ( 'NONE', *, *, #1362, .T. ) ;
#1496 = CARTESIAN_POINT ( 'NONE',  ( -69.64999999999996305, 3.000000000000000000, -25.99999999999999289 ) ) ;
#1497 = AXIS2_PLACEMENT_3D ( 'NONE', #2691, #3010, #109 ) ;
#1498 = VERTEX_POINT ( 'NONE', #818 ) ;
#1499 = CARTESIAN_POINT ( 'NONE',  ( 44.79999999999999005, 0.000000000000000000, -29.00000000000001066 ) ) ;
#1500 = AXIS2_PLACEMENT_3D ( 'NONE', #721, #2958, #1077 ) ;
#1501 = FACE_OUTER_BOUND ( 'NONE', #1379, .T. ) ;
#1502 = DIRECTION ( 'NONE',  ( 0.000000000000000000, 0.000000000000000000, -1.000000000000000000 ) ) ;
#1503 = VERTEX_POINT ( 'NONE', #1765 ) ;
#1504 = CARTESIAN_POINT ( 'NONE',  ( 55.15000000000004832, 3.000000000000000000, -14.74999999999998401 ) ) ;
#1505 = CARTESIAN_POINT ( 'NONE',  ( 55.15000000000004832, 3.000000000000000000, 17.99999999999998224 ) ) ;
#1506 = ORIENTED_EDGE ( 'NONE', *, *, #259, .F. ) ;
#1507 = DIRECTION ( 'NONE',  ( -0.000000000000000000, -1.000000000000000000, 0.000000000000000000 ) ) ;
#1508 = EDGE_CURVE ( 'NONE', #3254, #3578, #3694, .T. ) ;
#1509 = PLANE ( 'NONE',  #1552 ) ;
#1510 = DIRECTION ( 'NONE',  ( -0.000000000000000000, -1.000000000000000000, -0.000000000000000000 ) ) ;
#1511 = ORIENTED_EDGE ( 'NONE', *, *, #344, .F. ) ;
#1512 = CARTESIAN_POINT ( 'NONE',  ( 5.947623346206188427E-15, 3.000000000000000000, 18.00000000000000000 ) ) ;
#1513 = EDGE_LOOP ( 'NONE', ( #1073, #1803, #2579, #1929 ) ) ;
#1514 = CARTESIAN_POINT ( 'NONE',  ( 44.79999999999997584, 3.000000000000000000, -48.00000000000001421 ) ) ;
#1515 = VERTEX_POINT ( 'NONE', #2425 ) ;
#1516 = LINE ( 'NONE', #2805, #1608 ) ;
#1517 = DIRECTION ( 'NONE',  ( -1.000000000000000000, 0.000000000000000000, 3.304235192336771568E-16 ) ) ;
#1518 = CARTESIAN_POINT ( 'NONE',  ( 95.49999999999992895, 3.000000000000000000, -75.00000000000007105 ) ) ;
#1519 = DIRECTION ( 'NONE',  ( 0.000000000000000000, 0.000000000000000000, -1.000000000000000000 ) ) ;
#1520 = ORIENTED_EDGE ( 'NONE', *, *, #547, .F. ) ;
#1521 = CARTESIAN_POINT ( 'NONE',  ( -69.64999999999996305, 3.000000000000000000, -17.99999999999999289 ) ) ;
#1522 = LINE ( 'NONE', #556, #1335 ) ;
#1523 = ORIENTED_EDGE ( 'NONE', *, *, #713, .F. ) ;
#1524 = ADVANCED_FACE ( 'NONE', ( #2103 ), #4006, .T. ) ;
#1525 = DIRECTION ( 'NONE',  ( 0.000000000000000000, 0.000000000000000000, -1.000000000000000000 ) ) ;
#1526 = CIRCLE ( 'NONE', #322, 2.999999999999988898 ) ;
#1527 = LINE ( 'NONE', #2816, #1888 ) ;
#1528 = EDGE_LOOP ( 'NONE', ( #2509, #1777, #2393, #2944 ) ) ;
#1529 = DIRECTION ( 'NONE',  ( 3.304235192336770581E-16, -0.000000000000000000, 1.000000000000000000 ) ) ;
#1530 = EDGE_CURVE ( 'NONE', #778, #2058, #1132, .T. ) ;
#1531 = VECTOR ( 'NONE', #549, 1000.000000000000000 ) ;
#1532 = EDGE_CURVE ( 'NONE', #1264, #1345, #1268, .T. ) ;
#1533 = VERTEX_POINT ( 'NONE', #3224 ) ;
#1534 = DIRECTION ( 'NONE',  ( 0.000000000000000000, 0.000000000000000000, 1.000000000000000000 ) ) ;
#1535 = ORIENTED_EDGE ( 'NONE', *, *, #3203, .F. ) ;
#1536 = LINE ( 'NONE', #572, #271 ) ;
#1537 = EDGE_CURVE ( 'NONE', #2937, #2474, #3470, .T. ) ;
#1538 = DIRECTION ( 'NONE',  ( 0.000000000000000000, 1.000000000000000000, -0.000000000000000000 ) ) ;
#1539 = VECTOR ( 'NONE', #4082, 1000.000000000000000 ) ;
#1540 = DIRECTION ( 'NONE',  ( 0.000000000000000000, 0.000000000000000000, -1.000000000000000000 ) ) ;
#1541 = CARTESIAN_POINT ( 'NONE',  ( -99.50000000000000000, 0.000000000000000000, -49.00000000000000711 ) ) ;
#1542 = EDGE_LOOP ( 'NONE', ( #1587, #2009, #719, #378 ) ) ;
#1543 = CARTESIAN_POINT ( 'NONE',  ( 55.15000000000004832, 3.000000000000000000, 0.000000000000000000 ) ) ;
#1544 = DIRECTION ( 'NONE',  ( -0.000000000000000000, -1.000000000000000000, -0.000000000000000000 ) ) ;
#1545 = ORIENTED_EDGE ( 'NONE', *, *, #976, .T. ) ;
#1546 = DIRECTION ( 'NONE',  ( 1.000000000000000000, 0.000000000000000000, -4.336808689942021187E-16 ) ) ;
#1547 = APPLICATION_PROTOCOL_DEFINITION ( 'draft international standard', 'automotive_design', 1998, #3082 ) ;
#1548 = EDGE_CURVE ( 'NONE', #2993, #924, #3536, .T. ) ;
#1549 = CARTESIAN_POINT ( 'NONE',  ( -92.49999999999997158, 0.000000000000000000, 54.00000000000000000 ) ) ;
#1550 = ORIENTED_EDGE ( 'NONE', *, *, #1696, .T. ) ;
#1551 = DIRECTION ( 'NONE',  ( -0.000000000000000000, -1.000000000000000000, -0.000000000000000000 ) ) ;
#1552 = AXIS2_PLACEMENT_3D ( 'NONE', #186, #3439, #1168 ) ;
#1553 = DIRECTION ( 'NONE',  ( 4.336808689942059151E-16, -0.000000000000000000, 1.000000000000000000 ) ) ;
#1554 = LINE ( 'NONE', #2451, #2099 ) ;
#1555 = AXIS2_PLACEMENT_3D ( 'NONE', #2607, #3041, #3375 ) ;
#1556 = VERTEX_POINT ( 'NONE', #1565 ) ;
#1557 = FACE_OUTER_BOUND ( 'NONE', #2672, .T. ) ;
#1558 = DIRECTION ( 'NONE',  ( -2.135044278125300110E-16, 0.000000000000000000, -1.000000000000000000 ) ) ;
#1559 = VECTOR ( 'NONE', #3155, 1000.000000000000000 ) ;
#1560 = EDGE_LOOP ( 'NONE', ( #960, #1076, #3404, #3269 ) ) ;
#1561 = FACE_OUTER_BOUND ( 'NONE', #4071, .T. ) ;
#1562 = EDGE_CURVE ( 'NONE', #402, #327, #3852, .T. ) ;
#1563 = DIRECTION ( 'NONE',  ( -0.000000000000000000, -1.000000000000000000, -0.000000000000000000 ) ) ;
#1564 = ORIENTED_EDGE ( 'NONE', *, *, #941, .F. ) ;
#1565 = CARTESIAN_POINT ( 'NONE',  ( -63.15000000000001279, 3.000000000000000000, -17.99999999999999289 ) ) ;
#1566 = ADVANCED_FACE ( 'NONE', ( #342 ), #978, .F. ) ;
#1567 = AXIS2_PLACEMENT_3D ( 'NONE', #804, #2089, #1099 ) ;
#1568 = DIRECTION ( 'NONE',  ( 0.000000000000000000, 0.000000000000000000, 1.000000000000000000 ) ) ;
#1569 = ADVANCED_FACE ( 'NONE', ( #12 ), #1902, .T. ) ;
#1570 = VERTEX_POINT ( 'NONE', #1921 ) ;
#1571 = CARTESIAN_POINT ( 'NONE',  ( -31.49999999999998579, 0.000000000000000000, -50.99999999999999289 ) ) ;
#1572 = DIRECTION ( 'NONE',  ( 0.000000000000000000, 0.000000000000000000, -1.000000000000000000 ) ) ;
#1573 = ORIENTED_EDGE ( 'NONE', *, *, #2420, .T. ) ;
#1574 = FACE_BOUND ( 'NONE', #3524, .T. ) ;
#1575 = DIRECTION ( 'NONE',  ( -0.000000000000000000, -1.000000000000000000, 0.000000000000000000 ) ) ;
#1576 = DIRECTION ( 'NONE',  ( -1.000000000000000000, 0.000000000000000000, 9.637352644315595243E-17 ) ) ;
#1577 = VERTEX_POINT ( 'NONE', #1288 ) ;
#1578 = DIRECTION ( 'NONE',  ( -0.000000000000000000, -1.000000000000000000, -0.000000000000000000 ) ) ;
#1579 = CARTESIAN_POINT ( 'NONE',  ( 44.79999999999999005, 3.000000000000000000, 0.000000000000000000 ) ) ;
#1580 = ORIENTED_EDGE ( 'NONE', *, *, #3259, .F. ) ;
#1581 = LINE ( 'NONE', #3805, #3483 ) ;
#1582 = DIRECTION ( 'NONE',  ( -0.000000000000000000, -1.000000000000000000, -0.000000000000000000 ) ) ;
#1583 = VERTEX_POINT ( 'NONE', #594 ) ;
#1584 = DIRECTION ( 'NONE',  ( -1.000000000000000000, 0.000000000000000000, 4.336808689942021187E-16 ) ) ;
#1585 = EDGE_CURVE ( 'NONE', #195, #3042, #1630, .T. ) ;
#1586 = CARTESIAN_POINT ( 'NONE',  ( -95.50000000000000000, 3.000000000000000000, -75.00000000000001421 ) ) ;
#1587 = ORIENTED_EDGE ( 'NONE', *, *, #3630, .F. ) ;
#1588 = LINE ( 'NONE', #371, #2417 ) ;
#1589 = DIRECTION ( 'NONE',  ( 1.000000000000000000, 0.000000000000000000, 0.000000000000000000 ) ) ;
#1590 = CARTESIAN_POINT ( 'NONE',  ( 164.5000000000000568, 0.000000000000000000, 74.99999999999991473 ) ) ;
#1591 = VERTEX_POINT ( 'NONE', #4145 ) ;
#1592 = PLANE ( 'NONE',  #3756 ) ;
#1593 = CARTESIAN_POINT ( 'NONE',  ( 3.136893421757446328E-14, 0.000000000000000000, 62.49999999999991473 ) ) ;
#1594 = CARTESIAN_POINT ( 'NONE',  ( 48.64999999999999147, 3.000000000000000000, 17.99999999999998224 ) ) ;
#1595 = EDGE_LOOP ( 'NONE', ( #373, #3345, #1267, #1376 ) ) ;
#1596 = VECTOR ( 'NONE', #3938, 1000.000000000000000 ) ;
#1597 = DIRECTION ( 'NONE',  ( 1.000000000000000000, 0.000000000000000000, 5.217213461584385709E-16 ) ) ;
#1598 = CARTESIAN_POINT ( 'NONE',  ( -99.50000000000000000, 0.000000000000000000, -51.00000000000000711 ) ) ;
#1599 = AXIS2_PLACEMENT_3D ( 'NONE', #1598, #4120, #1872 ) ;
#1600 = ORIENTED_EDGE ( 'NONE', *, *, #652, .F. ) ;
#1601 = CARTESIAN_POINT ( 'NONE',  ( -1.268516541808051705E-14, 0.000000000000000000, -29.24999999999998934 ) ) ;
#1602 = EDGE_CURVE ( 'NONE', #101, #1192, #1226, .T. ) ;
#1603 = ORIENTED_EDGE ( 'NONE', *, *, #1886, .T. ) ;
#1604 = CARTESIAN_POINT ( 'NONE',  ( 44.79999999999997584, 3.000000000000000000, 48.00000000000001421 ) ) ;
#1605 = FACE_OUTER_BOUND ( 'NONE', #3919, .T. ) ;
#1606 = AXIS2_PLACEMENT_3D ( 'NONE', #3103, #2789, #1184 ) ;
#1607 = EDGE_LOOP ( 'NONE', ( #811, #2770, #1981, #1116 ) ) ;
#1608 = VECTOR ( 'NONE', #3488, 1000.000000000000000 ) ;
#1609 = FACE_OUTER_BOUND ( 'NONE', #1117, .T. ) ;
#1610 = EDGE_CURVE ( 'NONE', #1103, #475, #3202, .T. ) ;
#1611 = CARTESIAN_POINT ( 'NONE',  ( 0.000000000000000000, 0.000000000000000000, 0.000000000000000000 ) ) ;
#1612 = PLANE ( 'NONE',  #880 ) ;
#1613 = EDGE_CURVE ( 'NONE', #4007, #2651, #2563, .T. ) ;
#1614 = EDGE_LOOP ( 'NONE', ( #892, #1626, #837, #1166 ) ) ;
#1615 = LINE ( 'NONE', #2907, #2674 ) ;
#1616 = ADVANCED_FACE ( 'NONE', ( #3769 ), #2582, .F. ) ;
#1617 = CARTESIAN_POINT ( 'NONE',  ( -95.50000000000000000, 3.000000000000000000, -75.00000000000001421 ) ) ;
#1618 = VECTOR ( 'NONE', #1320, 1000.000000000000000 ) ;
#1619 = ADVANCED_FACE ( 'NONE', ( #2260 ), #656, .F. ) ;
#1620 = CARTESIAN_POINT ( 'NONE',  ( -31.49999999999998579, 3.000000000000000000, 48.00000000000000000 ) ) ;
#1621 = ORIENTED_EDGE ( 'NONE', *, *, #1381, .T. ) ;
#1622 = LINE ( 'NONE', #3217, #2286 ) ;
#1623 = LINE ( 'NONE', #1305, #1000 ) ;
#1624 = VECTOR ( 'NONE', #416, 1000.000000000000000 ) ;
#1625 = AXIS2_PLACEMENT_3D ( 'NONE', #1300, #2591, #276 ) ;
#1626 = ORIENTED_EDGE ( 'NONE', *, *, #3735, .F. ) ;
#1627 = FACE_BOUND ( 'NONE', #1218, .T. ) ;
#1628 = VECTOR ( 'NONE', #910, 1000.000000000000000 ) ;
#1629 = VERTEX_POINT ( 'NONE', #1604 ) ;
#1630 = LINE ( 'NONE', #2876, #4043 ) ;
#1631 = VECTOR ( 'NONE', #3781, 1000.000000000000000 ) ;
#1632 = DIRECTION ( 'NONE',  ( -1.000000000000000000, 0.000000000000000000, 0.000000000000000000 ) ) ;
#1633 = VECTOR ( 'NONE', #217, 1000.000000000000000 ) ;
#1634 = ORIENTED_EDGE ( 'NONE', *, *, #565, .F. ) ;
#1635 = CARTESIAN_POINT ( 'NONE',  ( -17.49999999999998934, 3.000000000000000000, 0.000000000000000000 ) ) ;
#1636 = DIRECTION ( 'NONE',  ( 1.000000000000000000, -0.000000000000000000, 0.000000000000000000 ) ) ;
#1637 = ORIENTED_EDGE ( 'NONE', *, *, #3380, .T. ) ;
#1638 = DIRECTION ( 'NONE',  ( -0.000000000000000000, -1.000000000000000000, -0.000000000000000000 ) ) ;
#1639 = EDGE_CURVE ( 'NONE', #1103, #1302, #1206, .T. ) ;
#1640 = PLANE ( 'NONE',  #2293 ) ;
#1641 = CARTESIAN_POINT ( 'NONE',  ( 3.136893421757446328E-14, 3.000000000000000000, 64.49999999999991473 ) ) ;
#1642 = ORIENTED_EDGE ( 'NONE', *, *, #2629, .F. ) ;
#1643 = CARTESIAN_POINT ( 'NONE',  ( 69.65000000000001990, 0.000000000000000000, -0.000000000000000000 ) ) ;
#1644 = PLANE ( 'NONE',  #3086 ) ;
#1645 = ORIENTED_EDGE ( 'NONE', *, *, #2470, .F. ) ;
#1646 = LINE ( 'NONE', #49, #414 ) ;
#1647 = ORIENTED_EDGE ( 'NONE', *, *, #822, .T. ) ;
#1648 = ORIENTED_EDGE ( 'NONE', *, *, #2409, .T. ) ;
#1649 = CARTESIAN_POINT ( 'NONE',  ( -17.49999999999998934, 3.000000000000000000, 74.99999999999997158 ) ) ;
#1650 = DIRECTION ( 'NONE',  ( 0.000000000000000000, 0.000000000000000000, 1.000000000000000000 ) ) ;
#1651 = ORIENTED_EDGE ( 'NONE', *, *, #3406, .F. ) ;
#1652 = DIRECTION ( 'NONE',  ( -0.000000000000000000, -1.000000000000000000, -0.000000000000000000 ) ) ;
#1653 = DIRECTION ( 'NONE',  ( 0.000000000000000000, 1.000000000000000000, -0.000000000000000000 ) ) ;
#1654 = ORIENTED_EDGE ( 'NONE', *, *, #24, .T. ) ;
#1655 = EDGE_CURVE ( 'NONE', #142, #520, #2521, .T. ) ;
#1656 = DIRECTION ( 'NONE',  ( 2.608606730792192854E-16, -0.000000000000000000, 1.000000000000000000 ) ) ;
#1657 = CARTESIAN_POINT ( 'NONE',  ( -31.49999999999998579, 3.000000000000000000, 26.00000000000000355 ) ) ;
#1658 = CARTESIAN_POINT ( 'NONE',  ( -63.14999999999994174, 3.000000000000000000, 29.25000000000000000 ) ) ;
#1659 = LINE ( 'NONE', #2948, #1964 ) ;
#1660 = EDGE_LOOP ( 'NONE', ( #3025, #3441, #1945, #3888 ) ) ;
#1661 = DIRECTION ( 'NONE',  ( 4.818676322157795403E-16, -0.000000000000000000, 1.000000000000000000 ) ) ;
#1662 = VECTOR ( 'NONE', #567, 1000.000000000000000 ) ;
#1663 = EDGE_CURVE ( 'NONE', #9, #1515, #1856, .T. ) ;
#1664 = VERTEX_POINT ( 'NONE', #3789 ) ;
#1665 = PLANE ( 'NONE',  #3373 ) ;
#1666 = VECTOR ( 'NONE', #1680, 1000.000000000000000 ) ;
#1667 = VERTEX_POINT ( 'NONE', #913 ) ;
#1668 = ADVANCED_FACE ( 'NONE', ( #3931 ), #1352, .F. ) ;
#1669 = ORIENTED_EDGE ( 'NONE', *, *, #1537, .T. ) ;
#1670 = FACE_OUTER_BOUND ( 'NONE', #897, .T. ) ;
#1671 = AXIS2_PLACEMENT_3D ( 'NONE', #301, #3197, #2212 ) ;
#1672 = SURFACE_SIDE_STYLE ('',( #389 ) ) ;
#1673 = EDGE_LOOP ( 'NONE', ( #3690, #3216, #2699, #2362 ) ) ;
#1674 = VECTOR ( 'NONE', #1164, 1000.000000000000000 ) ;
#1675 = CARTESIAN_POINT ( 'NONE',  ( 55.15000000000004832, 3.000000000000000000, -17.99999999999997868 ) ) ;
#1676 = AXIS2_PLACEMENT_3D ( 'NONE', #1943, #3226, #998 ) ;
#1677 = CARTESIAN_POINT ( 'NONE',  ( 92.50000000000000000, 3.000000000000000000, 53.99999999999994316 ) ) ;
#1678 = VERTEX_POINT ( 'NONE', #1714 ) ;
#1679 = CIRCLE ( 'NONE', #1006, 2.000000000000001776 ) ;
#1680 = DIRECTION ( 'NONE',  ( 0.000000000000000000, 0.000000000000000000, -1.000000000000000000 ) ) ;
#1681 = ADVANCED_FACE ( 'NONE', ( #386 ), #3601, .F. ) ;
#1682 = PLANE ( 'NONE',  #1273 ) ;
#1683 = CARTESIAN_POINT ( 'NONE',  ( -100.0000000000000000, 3.000000000000000000, -10.49999999999999112 ) ) ;
#1684 = DIRECTION ( 'NONE',  ( 4.625929269271471123E-15, 0.000000000000000000, 1.000000000000000000 ) ) ;
#1685 = AXIS2_PLACEMENT_3D ( 'NONE', #3262, #1661, #379 ) ;
#1686 = ORIENTED_EDGE ( 'NONE', *, *, #2551, .F. ) ;
#1687 = PLANE ( 'NONE',  #2220 ) ;
#1688 = EDGE_LOOP ( 'NONE', ( #1492, #1690 ) ) ;
#1689 = DIRECTION ( 'NONE',  ( -1.000000000000000000, 0.000000000000000000, 3.202566417187950042E-16 ) ) ;
#1690 = ORIENTED_EDGE ( 'NONE', *, *, #3714, .T. ) ;
#1691 = ORIENTED_EDGE ( 'NONE', *, *, #3735, .T. ) ;
#1692 = DIRECTION ( 'NONE',  ( 0.000000000000000000, 1.000000000000000000, -0.000000000000000000 ) ) ;
#1693 = EDGE_CURVE ( 'NONE', #964, #3788, #2344, .T. ) ;
#1694 = VECTOR ( 'NONE', #437, 1000.000000000000000 ) ;
#1695 = DIRECTION ( 'NONE',  ( 1.000000000000000000, -0.000000000000000000, 0.000000000000000000 ) ) ;
#1696 = EDGE_CURVE ( 'NONE', #1797, #3620, #3000, .T. ) ;
#1697 = VERTEX_POINT ( 'NONE', #2939 ) ;
#1698 = FACE_OUTER_BOUND ( 'NONE', #2234, .T. ) ;
#1699 = EDGE_CURVE ( 'NONE', #2491, #3074, #2921, .T. ) ;
#1700 = VECTOR ( 'NONE', #149, 1000.000000000000000 ) ;
#1701 = ORIENTED_EDGE ( 'NONE', *, *, #3273, .T. ) ;
#1702 = CARTESIAN_POINT ( 'NONE',  ( -31.49999999999998579, 3.000000000000000000, 0.000000000000000000 ) ) ;
#1703 = VECTOR ( 'NONE', #3163, 1000.000000000000000 ) ;
#1704 = CARTESIAN_POINT ( 'NONE',  ( 31.50000000000000000, 3.000000000000000000, 0.000000000000000000 ) ) ;
#1705 = CARTESIAN_POINT ( 'NONE',  ( 95.49999999999991473, 3.000000000000000000, -54.00000000000005684 ) ) ;
#1706 = LINE ( 'NONE', #2714, #1157 ) ;
#1707 = ORIENTED_EDGE ( 'NONE', *, *, #2818, .T. ) ;
#1708 = LINE ( 'NONE', #337, #3225 ) ;
#1709 = ORIENTED_EDGE ( 'NONE', *, *, #1475, .F. ) ;
#1710 = LINE ( 'NONE', #113, #2170 ) ;
#1711 = EDGE_LOOP ( 'NONE', ( #3971, #1808, #3512, #3266 ) ) ;
#1712 = ORIENTED_EDGE ( 'NONE', *, *, #3335, .F. ) ;
#1713 = EDGE_CURVE ( 'NONE', #1577, #2841, #99, .T. ) ;
#1714 = CARTESIAN_POINT ( 'NONE',  ( -99.49999999999997158, 3.000000000000000000, 48.99999999999999289 ) ) ;
#1715 = CARTESIAN_POINT ( 'NONE',  ( -99.50000000000000000, 3.000000000000000000, -49.00000000000000711 ) ) ;
#1716 = ORIENTED_EDGE ( 'NONE', *, *, #1306, .F. ) ;
#1717 = ADVANCED_FACE ( 'NONE', ( #1670 ), #2621, .T. ) ;
#1718 = PLANE ( 'NONE',  #3678 ) ;
#1719 = ORIENTED_EDGE ( 'NONE', *, *, #613, .F. ) ;
#1720 = EDGE_CURVE ( 'NONE', #1371, #253, #1090, .T. ) ;
#1721 = LINE ( 'NONE', #1465, #451 ) ;
#1722 = CARTESIAN_POINT ( 'NONE',  ( -20.49999999999998934, 3.000000000000000000, 53.99999999999999289 ) ) ;
#1723 = CARTESIAN_POINT ( 'NONE',  ( 69.65000000000001990, 3.000000000000000000, 0.000000000000000000 ) ) ;
#1724 = DIRECTION ( 'NONE',  ( 0.000000000000000000, 0.000000000000000000, -1.000000000000000000 ) ) ;
#1725 = VERTEX_POINT ( 'NONE', #116 ) ;
#1726 = DIRECTION ( 'NONE',  ( -0.000000000000000000, -1.000000000000000000, -0.000000000000000000 ) ) ;
#1727 = ORIENTED_EDGE ( 'NONE', *, *, #1127, .T. ) ;
#1728 = DIRECTION ( 'NONE',  ( -0.000000000000000000, -1.000000000000000000, -0.000000000000000000 ) ) ;
#1729 = EDGE_LOOP ( 'NONE', ( #1183, #1064, #3261, #171 ) ) ;
#1730 = ORIENTED_EDGE ( 'NONE', *, *, #1713, .T. ) ;
#1731 = FACE_OUTER_BOUND ( 'NONE', #399, .T. ) ;
#1732 = ADVANCED_FACE ( 'NONE', ( #3312 ), #2662, .T. ) ;
#1733 = LINE ( 'NONE', #1393, #1270 ) ;
#1734 = EDGE_LOOP ( 'NONE', ( #3171, #3393, #1850, #3500 ) ) ;
#1735 = FACE_OUTER_BOUND ( 'NONE', #767, .T. ) ;
#1736 = VECTOR ( 'NONE', #1443, 1000.000000000000000 ) ;
#1737 = VERTEX_POINT ( 'NONE', #3951 ) ;
#1738 = DIRECTION ( 'NONE',  ( 0.000000000000000000, 0.000000000000000000, -1.000000000000000000 ) ) ;
#1739 = AXIS2_PLACEMENT_3D ( 'NONE', #2811, #3746, #1248 ) ;
#1740 = ADVANCED_FACE ( 'NONE', ( #1391 ), #2327, .F. ) ;
#1741 = CARTESIAN_POINT ( 'NONE',  ( 95.50000000000000000, 3.000000000000000000, 53.99999999999994316 ) ) ;
#1742 = CARTESIAN_POINT ( 'NONE',  ( 3.440534894020669087E-14, 0.000000000000000000, 51.00000000000000711 ) ) ;
#1743 = DIRECTION ( 'NONE',  ( -0.000000000000000000, -1.000000000000000000, -0.000000000000000000 ) ) ;
#1744 = AXIS2_PLACEMENT_3D ( 'NONE', #3492, #3160, #283 ) ;
#1745 = ADVANCED_FACE ( 'NONE', ( #2006 ), #1311, .F. ) ;
#1746 = VERTEX_POINT ( 'NONE', #3870 ) ;
#1747 = PLANE ( 'NONE',  #471 ) ;
#1748 = EDGE_CURVE ( 'NONE', #1991, #3788, #764, .T. ) ;
#1749 = ORIENTED_EDGE ( 'NONE', *, *, #1451, .T. ) ;
#1750 = CARTESIAN_POINT ( 'NONE',  ( 92.49999999999994316, 3.000000000000000000, -54.00000000000004263 ) ) ;
#1751 = EDGE_LOOP ( 'NONE', ( #2105, #1951 ) ) ;
#1752 = ORIENTED_EDGE ( 'NONE', *, *, #1713, .F. ) ;
#1753 = DIRECTION ( 'NONE',  ( 0.000000000000000000, 0.000000000000000000, 1.000000000000000000 ) ) ;
#1754 = DIRECTION ( 'NONE',  ( 0.000000000000000000, 1.000000000000000000, -0.000000000000000000 ) ) ;
#1755 = CARTESIAN_POINT ( 'NONE',  ( 48.64999999999999147, 3.000000000000000000, -26.00000000000001776 ) ) ;
#1756 = EDGE_LOOP ( 'NONE', ( #543, #579, #2364, #1535 ) ) ;
#1757 = CARTESIAN_POINT ( 'NONE',  ( 95.50000000000000000, 3.000000000000000000, 74.99999999999995737 ) ) ;
#1758 = CARTESIAN_POINT ( 'NONE',  ( 44.79999999999999005, 0.000000000000000000, 29.00000000000001066 ) ) ;
#1759 = VECTOR ( 'NONE', #1275, 1000.000000000000000 ) ;
#1760 = ORIENTED_EDGE ( 'NONE', *, *, #2663, .F. ) ;
#1761 = CARTESIAN_POINT ( 'NONE',  ( 100.0000000000000000, 3.000000000000000000, 10.49999999999993605 ) ) ;
#1762 = VECTOR ( 'NONE', #669, 1000.000000000000000 ) ;
#1763 = CARTESIAN_POINT ( 'NONE',  ( 48.64999999999999147, 3.000000000000000000, 0.000000000000000000 ) ) ;
#1764 = CARTESIAN_POINT ( 'NONE',  ( 100.0000000000000000, 3.000000000000000000, -10.50000000000004796 ) ) ;
#1765 = CARTESIAN_POINT ( 'NONE',  ( 55.15000000000004832, 3.000000000000000000, 17.99999999999998224 ) ) ;
#1766 = VECTOR ( 'NONE', #4096, 1000.000000000000000 ) ;
#1767 = ORIENTED_EDGE ( 'NONE', *, *, #228, .T. ) ;
#1768 = DIRECTION ( 'NONE',  ( -0.000000000000000000, -1.000000000000000000, -0.000000000000000000 ) ) ;
#1769 = EDGE_CURVE ( 'NONE', #2180, #327, #34, .T. ) ;
#1770 = ORIENTED_EDGE ( 'NONE', *, *, #4049, .F. ) ;
#1771 = CARTESIAN_POINT ( 'NONE',  ( -63.14999999999994174, 3.000000000000000000, 0.000000000000000000 ) ) ;
#1772 = VERTEX_POINT ( 'NONE', #1963 ) ;
#1773 = VERTEX_POINT ( 'NONE', #702 ) ;
#1774 = CARTESIAN_POINT ( 'NONE',  ( 0.000000000000000000, 3.000000000000000000, -17.99999999999999289 ) ) ;
#1775 = LINE ( 'NONE', #2346, #2142 ) ;
#1776 = DIRECTION ( 'NONE',  ( 0.000000000000000000, 0.000000000000000000, 1.000000000000000000 ) ) ;
#1777 = ORIENTED_EDGE ( 'NONE', *, *, #350, .F. ) ;
#1778 = CARTESIAN_POINT ( 'NONE',  ( -8.591011500075604892E-15, 0.000000000000000000, 26.00000000000000000 ) ) ;
#1779 = ORIENTED_EDGE ( 'NONE', *, *, #3208, .T. ) ;
#1780 = CARTESIAN_POINT ( 'NONE',  ( 17.49999999999997513, 0.000000000000000000, -1.156482317317868609E-14 ) ) ;
#1781 = DIRECTION ( 'NONE',  ( -1.000000000000000000, 0.000000000000000000, 0.000000000000000000 ) ) ;
#1782 = EDGE_CURVE ( 'NONE', #2285, #1309, #3248, .T. ) ;
#1783 = CARTESIAN_POINT ( 'NONE',  ( 99.50000000000002842, 3.000000000000000000, 52.99999999999990763 ) ) ;
#1784 = VERTEX_POINT ( 'NONE', #2306 ) ;
#1785 = CARTESIAN_POINT ( 'NONE',  ( 99.49999999999997158, 0.000000000000000000, -49.00000000000007105 ) ) ;
#1786 = ORIENTED_EDGE ( 'NONE', *, *, #4088, .F. ) ;
#1787 = DIRECTION ( 'NONE',  ( -1.000000000000000000, 0.000000000000000000, 6.746146851020918889E-16 ) ) ;
#1788 = EDGE_LOOP ( 'NONE', ( #11, #1933, #3017, #1124, #1972, #1215, #2241, #576, #1051, #1686, #1249, #1449 ) ) ;
#1789 = CARTESIAN_POINT ( 'NONE',  ( 55.15000000000004832, 3.000000000000000000, 26.00000000000001776 ) ) ;
#1790 = CARTESIAN_POINT ( 'NONE',  ( -48.64999999999996305, 3.000000000000000000, 25.99999999999999289 ) ) ;
#1791 = ADVANCED_FACE ( 'NONE', ( #1985 ), #3267, .T. ) ;
#1792 = LINE ( 'NONE', #242, #2096 ) ;
#1793 = ORIENTED_EDGE ( 'NONE', *, *, #3004, .T. ) ;
#1794 = CARTESIAN_POINT ( 'NONE',  ( -55.15000000000001990, 3.000000000000000000, 0.000000000000000000 ) ) ;
#1795 = EDGE_CURVE ( 'NONE', #3479, #3367, #177, .T. ) ;
#1796 = EDGE_CURVE ( 'NONE', #30, #1737, #1456, .T. ) ;
#1797 = VERTEX_POINT ( 'NONE', #2743 ) ;
#1798 = AXIS2_PLACEMENT_3D ( 'NONE', #792, #106, #1738 ) ;
#1799 = DIRECTION ( 'NONE',  ( 1.000000000000000000, -0.000000000000000000, 0.000000000000000000 ) ) ;
#1800 = CIRCLE ( 'NONE', #1599, 1.999999999999994893 ) ;
#1801 = FACE_OUTER_BOUND ( 'NONE', #3865, .T. ) ;
#1802 = LINE ( 'NONE', #2778, #3766 ) ;
#1803 = ORIENTED_EDGE ( 'NONE', *, *, #2593, .T. ) ;
#1804 = PLANE ( 'NONE',  #2018 ) ;
#1805 = AXIS2_PLACEMENT_3D ( 'NONE', #3080, #745, #494 ) ;
#1806 = EDGE_LOOP ( 'NONE', ( #1484, #1191, #877, #988 ) ) ;
#1807 = DIRECTION ( 'NONE',  ( -0.000000000000000000, -1.000000000000000000, 0.000000000000000000 ) ) ;
#1808 = ORIENTED_EDGE ( 'NONE', *, *, #529, .T. ) ;
#1809 = CARTESIAN_POINT ( 'NONE',  ( 63.14999999999997016, 0.000000000000000000, -29.25000000000001421 ) ) ;
#1810 = VECTOR ( 'NONE', #2461, 1000.000000000000000 ) ;
#1811 = LINE ( 'NONE', #2535, #2080 ) ;
#1812 = DIRECTION ( 'NONE',  ( 4.625929269271471123E-15, 0.000000000000000000, -1.000000000000000000 ) ) ;
#1813 = ORIENTED_EDGE ( 'NONE', *, *, #1306, .T. ) ;
#1814 = DIRECTION ( 'NONE',  ( 0.000000000000000000, 0.000000000000000000, -1.000000000000000000 ) ) ;
#1815 = EDGE_CURVE ( 'NONE', #2856, #676, #2111, .T. ) ;
#1816 = DIRECTION ( 'NONE',  ( -0.000000000000000000, -1.000000000000000000, -0.000000000000000000 ) ) ;
#1817 = EDGE_CURVE ( 'NONE', #1284, #665, #528, .T. ) ;
#1818 = ORIENTED_EDGE ( 'NONE', *, *, #3129, .F. ) ;
#1819 = LINE ( 'NONE', #1187, #256 ) ;
#1820 = CIRCLE ( 'NONE', #1154, 1.999999999999994893 ) ;
#1821 = DIRECTION ( 'NONE',  ( 1.000000000000000000, 0.000000000000000000, 0.000000000000000000 ) ) ;
#1822 = CARTESIAN_POINT ( 'NONE',  ( -48.64999999999996305, 0.000000000000000000, 25.99999999999999289 ) ) ;
#1823 = ORIENTED_EDGE ( 'NONE', *, *, #3292, .T. ) ;
#1824 = CARTESIAN_POINT ( 'NONE',  ( -17.49999999999998934, 0.000000000000000000, 53.99999999999999289 ) ) ;
#1825 = CIRCLE ( 'NONE', #2233, 1.999999999999994893 ) ;
#1826 = EDGE_LOOP ( 'NONE', ( #971, #3625, #3156, #3539 ) ) ;
#1827 = DIRECTION ( 'NONE',  ( 4.625929269271471123E-15, 0.000000000000000000, -1.000000000000000000 ) ) ;
#1828 = VECTOR ( 'NONE', #359, 1000.000000000000000 ) ;
#1829 = VERTEX_POINT ( 'NONE', #1809 ) ;
#1830 = FACE_OUTER_BOUND ( 'NONE', #1163, .T. ) ;
#1831 = LINE ( 'NONE', #143, #3740 ) ;
#1832 = VECTOR ( 'NONE', #3557, 1000.000000000000000 ) ;
#1833 = CARTESIAN_POINT ( 'NONE',  ( 69.65000000000001990, 3.000000000000000000, 26.00000000000002132 ) ) ;
#1834 = DIRECTION ( 'NONE',  ( 1.000000000000000000, 0.000000000000000000, -9.637352644315596475E-17 ) ) ;
#1835 = EDGE_CURVE ( 'NONE', #2084, #1773, #3038, .T. ) ;
#1836 = EDGE_LOOP ( 'NONE', ( #2300, #3858, #409, #216 ) ) ;
#1837 = CARTESIAN_POINT ( 'NONE',  ( -17.50000000000001421, 0.000000000000000000, -54.00000000000000711 ) ) ;
#1838 = CARTESIAN_POINT ( 'NONE',  ( -48.64999999999996305, 3.000000000000000000, 17.99999999999999289 ) ) ;
#1839 = EDGE_CURVE ( 'NONE', #3600, #206, #3701, .T. ) ;
#1840 = VERTEX_POINT ( 'NONE', #1499 ) ;
#1841 = FACE_OUTER_BOUND ( 'NONE', #2408, .T. ) ;
#1842 = ADVANCED_FACE ( 'NONE', ( #4015 ), #3390, .F. ) ;
#1843 = SHAPE_DEFINITION_REPRESENTATION ( #2163, #1905 ) ;
#1844 = CARTESIAN_POINT ( 'NONE',  ( -55.15000000000001990, 3.000000000000000000, -17.99999999999999289 ) ) ;
#1845 = EDGE_CURVE ( 'NONE', #360, #2784, #1093, .T. ) ;
#1846 = ORIENTED_EDGE ( 'NONE', *, *, #3895, .T. ) ;
#1847 = CARTESIAN_POINT ( 'NONE',  ( 99.50000000000002842, 0.000000000000000000, 50.99999999999991473 ) ) ;
#1848 = ORIENTED_EDGE ( 'NONE', *, *, #1252, .T. ) ;
#1849 = CARTESIAN_POINT ( 'NONE',  ( 92.50000000000000000, 0.000000000000000000, 50.99999999999994316 ) ) ;
#1850 = ORIENTED_EDGE ( 'NONE', *, *, #47, .T. ) ;
#1851 = PLANE ( 'NONE',  #2145 ) ;
#1852 = CARTESIAN_POINT ( 'NONE',  ( -44.79999999999997584, 3.000000000000000000, 29.00000000000000000 ) ) ;
#1853 = CARTESIAN_POINT ( 'NONE',  ( 0.000000000000000000, 3.000000000000000000, 29.25000000000000000 ) ) ;
#1854 = CARTESIAN_POINT ( 'NONE',  ( 48.64999999999999147, 0.000000000000000000, -0.000000000000000000 ) ) ;
#1855 = ORIENTED_EDGE ( 'NONE', *, *, #2802, .T. ) ;
#1856 = LINE ( 'NONE', #3143, #4111 ) ;
#1857 = EDGE_CURVE ( 'NONE', #3227, #3718, #464, .T. ) ;
#1858 = CARTESIAN_POINT ( 'NONE',  ( 164.5000000000000568, 3.000000000000000444, 74.99999999999991473 ) ) ;
#1859 = ORIENTED_EDGE ( 'NONE', *, *, #780, .F. ) ;
#1860 = CARTESIAN_POINT ( 'NONE',  ( -1.268516541808051705E-14, 0.000000000000000000, 29.24999999999998934 ) ) ;
#1861 = SURFACE_STYLE_FILL_AREA ( #2902 ) ;
#1862 = CARTESIAN_POINT ( 'NONE',  ( 0.000000000000000000, 3.000000000000000000, 26.00000000000000355 ) ) ;
#1863 = ORIENTED_EDGE ( 'NONE', *, *, #3314, .F. ) ;
#1864 = FACE_BOUND ( 'NONE', #110, .T. ) ;
#1865 = VECTOR ( 'NONE', #1061, 1000.000000000000000 ) ;
#1866 = ADVANCED_FACE ( 'NONE', ( #827 ), #843, .T. ) ;
#1867 = LINE ( 'NONE', #3545, #540 ) ;
#1868 = EDGE_CURVE ( 'NONE', #1697, #3349, #2173, .T. ) ;
#1869 = CARTESIAN_POINT ( 'NONE',  ( 44.79999999999996163, 3.000000000000000000, 51.00000000000002132 ) ) ;
#1870 = ORIENTED_EDGE ( 'NONE', *, *, #3615, .F. ) ;
#1871 = CARTESIAN_POINT ( 'NONE',  ( 63.14999999999997016, 3.000000000000000000, 0.000000000000000000 ) ) ;
#1872 = DIRECTION ( 'NONE',  ( 0.000000000000000000, 0.000000000000000000, 1.000000000000000000 ) ) ;
#1873 = ADVANCED_FACE ( 'NONE', ( #1731 ), #1159, .F. ) ;
#1874 = CIRCLE ( 'NONE', #2422, 1.999999999999994893 ) ;
#1875 = DIRECTION ( 'NONE',  ( -1.000000000000000000, 0.000000000000000000, -0.000000000000000000 ) ) ;
#1876 = CARTESIAN_POINT ( 'NONE',  ( -17.50000000000001421, 3.000000000000000000, -54.00000000000000711 ) ) ;
#1877 = ORIENTED_EDGE ( 'NONE', *, *, #221, .T. ) ;
#1878 = AXIS2_PLACEMENT_3D ( 'NONE', #551, #574, #261 ) ;
#1879 = DIRECTION ( 'NONE',  ( -1.000000000000000000, 0.000000000000000000, -2.608606730792192854E-16 ) ) ;
#1880 = CARTESIAN_POINT ( 'NONE',  ( -63.14999999999994174, 0.000000000000000000, -0.000000000000000000 ) ) ;
#1881 = VERTEX_POINT ( 'NONE', #3372 ) ;
#1882 = LINE ( 'NONE', #3167, #4148 ) ;
#1883 = PRODUCT_CONTEXT ( 'NONE', #903, 'mechanical' ) ;
#1884 = LINE ( 'NONE', #3777, #3370 ) ;
#1885 = ORIENTED_EDGE ( 'NONE', *, *, #2751, .F. ) ;
#1886 = EDGE_CURVE ( 'NONE', #520, #1177, #159, .T. ) ;
#1887 = LINE ( 'NONE', #314, #1410 ) ;
#1888 = VECTOR ( 'NONE', #582, 1000.000000000000000 ) ;
#1889 = LINE ( 'NONE', #358, #2157 ) ;
#1890 = FACE_OUTER_BOUND ( 'NONE', #2742, .T. ) ;
#1891 = EDGE_CURVE ( 'NONE', #676, #1345, #3077, .T. ) ;
#1892 = VECTOR ( 'NONE', #1245, 1000.000000000000000 ) ;
#1893 = VERTEX_POINT ( 'NONE', #196 ) ;
#1894 = CARTESIAN_POINT ( 'NONE',  ( 20.49999999999995026, 3.000000000000000000, -51.00000000000000711 ) ) ;
#1895 = DIRECTION ( 'NONE',  ( -0.000000000000000000, -1.000000000000000000, -0.000000000000000000 ) ) ;
#1896 = EDGE_CURVE ( 'NONE', #3232, #2695, #2128, .T. ) ;
#1897 = VECTOR ( 'NONE', #1011, 1000.000000000000000 ) ;
#1898 = VERTEX_POINT ( 'NONE', #2469 ) ;
#1899 = CARTESIAN_POINT ( 'NONE',  ( 17.50000000000000711, 0.000000000000000000, 53.99999999999999289 ) ) ;
#1900 = CARTESIAN_POINT ( 'NONE',  ( -99.49999999999997158, 0.000000000000000000, 50.99999999999999289 ) ) ;
#1901 = ORIENTED_EDGE ( 'NONE', *, *, #3537, .F. ) ;
#1902 = PLANE ( 'NONE',  #2847 ) ;
#1903 = AXIS2_PLACEMENT_3D ( 'NONE', #2857, #3831, #3453 ) ;
#1904 = LINE ( 'NONE', #3832, #3685 ) ;
#1905 = ADVANCED_BREP_SHAPE_REPRESENTATION ( 'Car chassis', ( #3575, #3767 ), #2367 ) ;
#1906 = ORIENTED_EDGE ( 'NONE', *, *, #1142, .F. ) ;
#1907 = LINE ( 'NONE', #1675, #4077 ) ;
#1908 = CARTESIAN_POINT ( 'NONE',  ( -92.50000000000000000, 3.000000000000000000, -50.99999999999998579 ) ) ;
#1909 = ORIENTED_EDGE ( 'NONE', *, *, #2330, .T. ) ;
#1910 = DIRECTION ( 'NONE',  ( 1.000000000000000000, 0.000000000000000000, -3.304235192336770581E-16 ) ) ;
#1911 = EDGE_CURVE ( 'NONE', #1195, #1287, #3738, .T. ) ;
#1912 = LINE ( 'NONE', #2573, #2162 ) ;
#1913 = CARTESIAN_POINT ( 'NONE',  ( -44.80000000000020322, 0.000000000000000000, -2.072416312633628403E-13 ) ) ;
#1914 = ORIENTED_EDGE ( 'NONE', *, *, #3939, .T. ) ;
#1915 = PLANE ( 'NONE',  #1946 ) ;
#1916 = DIRECTION ( 'NONE',  ( 0.000000000000000000, 0.000000000000000000, -1.000000000000000000 ) ) ;
#1917 = VERTEX_POINT ( 'NONE', #138 ) ;
#1918 = CARTESIAN_POINT ( 'NONE',  ( 63.14999999999997016, 0.000000000000000000, -0.000000000000000000 ) ) ;
#1919 = EDGE_CURVE ( 'NONE', #192, #2271, #3825, .T. ) ;
#1920 = ORIENTED_EDGE ( 'NONE', *, *, #309, .T. ) ;
#1921 = CARTESIAN_POINT ( 'NONE',  ( 20.49999999999995026, 0.000000000000000000, -51.00000000000000711 ) ) ;
#1922 = ADVANCED_FACE ( 'NONE', ( #3846 ), #1282, .F. ) ;
#1923 = CARTESIAN_POINT ( 'NONE',  ( 44.79999999999997584, 0.000000000000000000, -48.00000000000001421 ) ) ;
#1924 = ADVANCED_FACE ( 'NONE', ( #1830 ), #2176, .T. ) ;
#1925 = ORIENTED_EDGE ( 'NONE', *, *, #354, .F. ) ;
#1926 = CARTESIAN_POINT ( 'NONE',  ( -95.50000000000001421, 3.000000000000000000, 75.00000000000002842 ) ) ;
#1927 = EDGE_CURVE ( 'NONE', #101, #4012, #3176, .T. ) ;
#1928 = FACE_OUTER_BOUND ( 'NONE', #1806, .T. ) ;
#1929 = ORIENTED_EDGE ( 'NONE', *, *, #3998, .F. ) ;
#1930 = LINE ( 'NONE', #2928, #925 ) ;
#1931 = CARTESIAN_POINT ( 'NONE',  ( -1.268516541808051705E-14, 3.000000000000000000, -29.24999999999998934 ) ) ;
#1932 = CARTESIAN_POINT ( 'NONE',  ( 3.136893421757446328E-14, 0.000000000000000000, 64.49999999999991473 ) ) ;
#1933 = ORIENTED_EDGE ( 'NONE', *, *, #80, .T. ) ;
#1934 = VECTOR ( 'NONE', #2516, 1000.000000000000000 ) ;
#1935 = FACE_OUTER_BOUND ( 'NONE', #3851, .T. ) ;
#1936 = LINE ( 'NONE', #3218, #3019 ) ;
#1937 = ORIENTED_EDGE ( 'NONE', *, *, #1655, .T. ) ;
#1938 = CARTESIAN_POINT ( 'NONE',  ( -31.49999999999998579, 0.000000000000000000, -48.00000000000000000 ) ) ;
#1939 = VERTEX_POINT ( 'NONE', #239 ) ;
#1940 = EDGE_CURVE ( 'NONE', #2206, #819, #1516, .T. ) ;
#1941 = CARTESIAN_POINT ( 'NONE',  ( -8.591011500075604892E-15, 3.000000000000000000, 26.00000000000000000 ) ) ;
#1942 = ADVANCED_FACE ( 'NONE', ( #950 ), #2555, .T. ) ;
#1943 = CARTESIAN_POINT ( 'NONE',  ( 20.50000000000001066, 3.000000000000000000, 53.99999999999999289 ) ) ;
#1944 = AXIS2_PLACEMENT_3D ( 'NONE', #1763, #1821, #816 ) ;
#1945 = ORIENTED_EDGE ( 'NONE', *, *, #1475, .T. ) ;
#1946 = AXIS2_PLACEMENT_3D ( 'NONE', #907, #2850, #2891 ) ;
#1947 = EDGE_CURVE ( 'NONE', #433, #4140, #4074, .T. ) ;
#1948 = CARTESIAN_POINT ( 'NONE',  ( -44.79999999999997584, 3.000000000000000000, 48.00000000000000000 ) ) ;
#1949 = EDGE_CURVE ( 'NONE', #250, #558, #72, .T. ) ;
#1950 = CARTESIAN_POINT ( 'NONE',  ( -99.50000000000000000, 3.000000000000000000, -53.00000000000000000 ) ) ;
#1951 = ORIENTED_EDGE ( 'NONE', *, *, #190, .T. ) ;
#1952 = DIRECTION ( 'NONE',  ( -1.321694076934709810E-15, 0.000000000000000000, 1.000000000000000000 ) ) ;
#1953 = CARTESIAN_POINT ( 'NONE',  ( 5.947623346206188427E-15, 3.000000000000000000, -18.00000000000000000 ) ) ;
#1954 = ORIENTED_EDGE ( 'NONE', *, *, #2257, .T. ) ;
#1955 = PLANE ( 'NONE',  #4022 ) ;
#1956 = DIRECTION ( 'NONE',  ( -0.000000000000000000, -1.000000000000000000, -0.000000000000000000 ) ) ;
#1957 = CIRCLE ( 'NONE', #3577, 3.000000000000002665 ) ;
#1958 = ORIENTED_EDGE ( 'NONE', *, *, #1970, .F. ) ;
#1959 = DIRECTION ( 'NONE',  ( -0.000000000000000000, -1.000000000000000000, -0.000000000000000000 ) ) ;
#1960 = AXIS2_PLACEMENT_3D ( 'NONE', #891, #284, #2152 ) ;
#1961 = VERTEX_POINT ( 'NONE', #1894 ) ;
#1962 = ORIENTED_EDGE ( 'NONE', *, *, #2223, .T. ) ;
#1963 = CARTESIAN_POINT ( 'NONE',  ( 55.15000000000004832, 3.000000000000000000, -26.00000000000002132 ) ) ;
#1964 = VECTOR ( 'NONE', #1404, 1000.000000000000000 ) ;
#1965 = EDGE_CURVE ( 'NONE', #3620, #75, #1536, .T. ) ;
#1966 =( NAMED_UNIT ( * ) SI_UNIT ( $, .STERADIAN. ) SOLID_ANGLE_UNIT ( ) );
#1967 = VECTOR ( 'NONE', #1040, 1000.000000000000000 ) ;
#1968 = ORIENTED_EDGE ( 'NONE', *, *, #2828, .T. ) ;
#1969 = DIRECTION ( 'NONE',  ( 0.000000000000000000, 0.000000000000000000, 1.000000000000000000 ) ) ;
#1970 = EDGE_CURVE ( 'NONE', #655, #1583, #2576, .T. ) ;
#1971 = DIRECTION ( 'NONE',  ( -0.000000000000000000, -1.000000000000000000, -0.000000000000000000 ) ) ;
#1972 = ORIENTED_EDGE ( 'NONE', *, *, #2041, .T. ) ;
#1973 = ADVANCED_FACE ( 'NONE', ( #1557 ), #1851, .T. ) ;
#1974 = PLANE ( 'NONE',  #588 ) ;
#1975 = EDGE_CURVE ( 'NONE', #924, #30, #3178, .T. ) ;
#1976 = DIRECTION ( 'NONE',  ( -0.000000000000000000, -1.000000000000000000, -0.000000000000000000 ) ) ;
#1977 = DIRECTION ( 'NONE',  ( 1.982541115402064913E-15, 0.000000000000000000, 1.000000000000000000 ) ) ;
#1978 = FACE_OUTER_BOUND ( 'NONE', #3889, .T. ) ;
#1979 = EDGE_LOOP ( 'NONE', ( #1152, #2063, #1054, #734 ) ) ;
#1980 = CARTESIAN_POINT ( 'NONE',  ( -63.14999999999994174, 3.000000000000000000, 29.25000000000000000 ) ) ;
#1981 = ORIENTED_EDGE ( 'NONE', *, *, #3835, .T. ) ;
#1982 = DIRECTION ( 'NONE',  ( 0.000000000000000000, 0.000000000000000000, 1.000000000000000000 ) ) ;
#1983 = ORIENTED_EDGE ( 'NONE', *, *, #2726, .F. ) ;
#1984 = ORIENTED_EDGE ( 'NONE', *, *, #477, .F. ) ;
#1985 = FACE_OUTER_BOUND ( 'NONE', #3893, .T. ) ;
#1986 = CARTESIAN_POINT ( 'NONE',  ( -4.915049848600952119E-15, 3.000000000000000000, -50.99999999999999289 ) ) ;
#1987 = ORIENTED_EDGE ( 'NONE', *, *, #3398, .F. ) ;
#1988 = EDGE_CURVE ( 'NONE', #19, #642, #3553, .T. ) ;
#1989 = CARTESIAN_POINT ( 'NONE',  ( -63.14999999999994174, 3.000000000000000000, 25.99999999999999289 ) ) ;
#1990 = CARTESIAN_POINT ( 'NONE',  ( -55.15000000000001990, 0.000000000000000000, 0.000000000000000000 ) ) ;
#1991 = VERTEX_POINT ( 'NONE', #300 ) ;
#1992 = CARTESIAN_POINT ( 'NONE',  ( -63.14999999999994174, 0.000000000000000000, 29.25000000000000000 ) ) ;
#1993 = FACE_OUTER_BOUND ( 'NONE', #234, .T. ) ;
#1994 = DIRECTION ( 'NONE',  ( 0.000000000000000000, 0.000000000000000000, 1.000000000000000000 ) ) ;
#1995 = CARTESIAN_POINT ( 'NONE',  ( 17.50000000000002132, 3.000000000000000000, 74.99999999999997158 ) ) ;
#1996 = ORIENTED_EDGE ( 'NONE', *, *, #1312, .F. ) ;
#1997 = CARTESIAN_POINT ( 'NONE',  ( -92.49999999999997158, 3.000000000000000000, 54.00000000000000000 ) ) ;
#1998 = EDGE_CURVE ( 'NONE', #9, #2491, #2826, .T. ) ;
#1999 = VECTOR ( 'NONE', #3755, 1000.000000000000000 ) ;
#2000 = ADVANCED_FACE ( 'NONE', ( #3784 ), #1915, .F. ) ;
#2001 = EDGE_LOOP ( 'NONE', ( #3595, #1962, #3246, #3529 ) ) ;
#2002 = FACE_OUTER_BOUND ( 'NONE', #532, .T. ) ;
#2003 = VECTOR ( 'NONE', #1339, 1000.000000000000000 ) ;
#2004 = VERTEX_POINT ( 'NONE', #3196 ) ;
#2005 = ORIENTED_EDGE ( 'NONE', *, *, #51, .F. ) ;
#2006 = FACE_OUTER_BOUND ( 'NONE', #2849, .T. ) ;
#2007 = EDGE_CURVE ( 'NONE', #558, #4059, #2532, .T. ) ;
#2008 = VECTOR ( 'NONE', #1105, 1000.000000000000000 ) ;
#2009 = ORIENTED_EDGE ( 'NONE', *, *, #4042, .F. ) ;
#2010 = CARTESIAN_POINT ( 'NONE',  ( -48.64999999999996305, 3.000000000000000000, 0.000000000000000000 ) ) ;
#2011 = AXIS2_PLACEMENT_3D ( 'NONE', #118, #467, #3996 ) ;
#2012 = ORIENTED_EDGE ( 'NONE', *, *, #3591, .F. ) ;
#2013 = CIRCLE ( 'NONE', #1878, 2.999999999999988898 ) ;
#2014 = CARTESIAN_POINT ( 'NONE',  ( 95.50000000000000000, 3.000000000000000000, 74.99999999999995737 ) ) ;
#2015 = DIRECTION ( 'NONE',  ( 4.818676322157795403E-16, -0.000000000000000000, 1.000000000000000000 ) ) ;
#2016 = DIRECTION ( 'NONE',  ( -1.000000000000000000, 0.000000000000000000, -0.000000000000000000 ) ) ;
#2017 = FACE_OUTER_BOUND ( 'NONE', #968, .T. ) ;
#2018 = AXIS2_PLACEMENT_3D ( 'NONE', #4031, #151, #838 ) ;
#2019 = ORIENTED_EDGE ( 'NONE', *, *, #449, .F. ) ;
#2020 = DIRECTION ( 'NONE',  ( 0.000000000000000000, 0.000000000000000000, 1.000000000000000000 ) ) ;
#2021 = ORIENTED_EDGE ( 'NONE', *, *, #3884, .T. ) ;
#2022 = EDGE_CURVE ( 'NONE', #3053, #4114, #4138, .T. ) ;
#2023 = FACE_OUTER_BOUND ( 'NONE', #2395, .T. ) ;
#2024 = ORIENTED_EDGE ( 'NONE', *, *, #1250, .F. ) ;
#2025 = VERTEX_POINT ( 'NONE', #3614 ) ;
#2026 = DIRECTION ( 'NONE',  ( 3.304235192336770581E-16, -0.000000000000000000, 1.000000000000000000 ) ) ;
#2027 = AXIS2_PLACEMENT_3D ( 'NONE', #2797, #3713, #169 ) ;
#2028 = CARTESIAN_POINT ( 'NONE',  ( -55.15000000000001990, 3.000000000000000000, -14.74999999999999822 ) ) ;
#2029 = ORIENTED_EDGE ( 'NONE', *, *, #1696, .F. ) ;
#2030 = CIRCLE ( 'NONE', #2641, 1.999999999999994893 ) ;
#2031 = CARTESIAN_POINT ( 'NONE',  ( -31.49999999999998579, 3.000000000000000000, 29.00000000000000000 ) ) ;
#2032 = VECTOR ( 'NONE', #3594, 1000.000000000000000 ) ;
#2033 = ORIENTED_EDGE ( 'NONE', *, *, #3958, .F. ) ;
#2034 = DIRECTION ( 'NONE',  ( -1.000000000000000000, 0.000000000000000000, -0.000000000000000000 ) ) ;
#2035 = VECTOR ( 'NONE', #1020, 1000.000000000000000 ) ;
#2036 = DIRECTION ( 'NONE',  ( 0.000000000000000000, 0.000000000000000000, -1.000000000000000000 ) ) ;
#2037 = CARTESIAN_POINT ( 'NONE',  ( 63.14999999999997016, 3.000000000000000000, 26.00000000000002132 ) ) ;
#2038 = CARTESIAN_POINT ( 'NONE',  ( 17.49999999999997513, 3.000000000000000000, -1.156482317317868609E-14 ) ) ;
#2039 = VERTEX_POINT ( 'NONE', #716 ) ;
#2040 = CARTESIAN_POINT ( 'NONE',  ( 99.50000000000002842, 3.000000000000000000, 52.99999999999990763 ) ) ;
#2041 = EDGE_CURVE ( 'NONE', #2092, #3021, #1303, .T. ) ;
#2042 = ORIENTED_EDGE ( 'NONE', *, *, #2257, .F. ) ;
#2043 = DIRECTION ( 'NONE',  ( -0.000000000000000000, -1.000000000000000000, -0.000000000000000000 ) ) ;
#2044 = ORIENTED_EDGE ( 'NONE', *, *, #197, .F. ) ;
#2045 = VERTEX_POINT ( 'NONE', #650 ) ;
#2046 = DIRECTION ( 'NONE',  ( 1.000000000000000000, 0.000000000000000000, 0.000000000000000000 ) ) ;
#2047 = DIRECTION ( 'NONE',  ( -0.000000000000000000, -1.000000000000000000, -0.000000000000000000 ) ) ;
#2048 = EDGE_CURVE ( 'NONE', #136, #2468, #3241, .T. ) ;
#2049 = VERTEX_POINT ( 'NONE', #2972 ) ;
#2050 = FACE_OUTER_BOUND ( 'NONE', #3987, .T. ) ;
#2051 = EDGE_CURVE ( 'NONE', #3989, #3479, #1622, .T. ) ;
#2052 = EDGE_LOOP ( 'NONE', ( #2440, #760, #1901, #1186 ) ) ;
#2053 = LINE ( 'NONE', #1780, #3207 ) ;
#2054 = EDGE_CURVE ( 'NONE', #195, #3037, #361, .T. ) ;
#2055 = LINE ( 'NONE', #454, #3885 ) ;
#2056 = CARTESIAN_POINT ( 'NONE',  ( -55.15000000000001990, 3.000000000000000000, 14.74999999999999822 ) ) ;
#2057 = PLANE ( 'NONE',  #92 ) ;
#2058 = VERTEX_POINT ( 'NONE', #671 ) ;
#2059 = DIRECTION ( 'NONE',  ( 0.000000000000000000, 0.000000000000000000, -1.000000000000000000 ) ) ;
#2060 = ORIENTED_EDGE ( 'NONE', *, *, #3995, .T. ) ;
#2061 = PLANE ( 'NONE',  #218 ) ;
#2062 = ORIENTED_EDGE ( 'NONE', *, *, #1175, .T. ) ;
#2063 = ORIENTED_EDGE ( 'NONE', *, *, #1101, .F. ) ;
#2064 = DIRECTION ( 'NONE',  ( 0.000000000000000000, 1.000000000000000000, -0.000000000000000000 ) ) ;
#2065 = VECTOR ( 'NONE', #2775, 1000.000000000000000 ) ;
#2066 = CARTESIAN_POINT ( 'NONE',  ( 55.15000000000004832, 3.000000000000000000, 14.74999999999998401 ) ) ;
#2067 = LINE ( 'NONE', #38, #1356 ) ;
#2068 = ORIENTED_EDGE ( 'NONE', *, *, #3133, .T. ) ;
#2069 = FACE_OUTER_BOUND ( 'NONE', #3059, .T. ) ;
#2070 = LINE ( 'NONE', #2684, #1531 ) ;
#2071 = CIRCLE ( 'NONE', #2134, 3.000000000000002665 ) ;
#2072 = ADVANCED_FACE ( 'NONE', ( #1935 ), #1955, .F. ) ;
#2073 = ORIENTED_EDGE ( 'NONE', *, *, #481, .F. ) ;
#2074 = CARTESIAN_POINT ( 'NONE',  ( -99.49999999999997158, 0.000000000000000000, 52.99999999999998579 ) ) ;
#2075 = ORIENTED_EDGE ( 'NONE', *, *, #3541, .T. ) ;
#2076 = COLOUR_RGB ( '',0.1215686274509803905, 0.2509803921568627416, 1.000000000000000000 ) ;
#2077 = LINE ( 'NONE', #501, #1 ) ;
#2078 = DIRECTION ( 'NONE',  ( 1.000000000000000000, 0.000000000000000000, -9.637352644315594010E-17 ) ) ;
#2079 = CARTESIAN_POINT ( 'NONE',  ( -44.79999999999997584, 3.000000000000000000, -48.00000000000000000 ) ) ;
#2080 = VECTOR ( 'NONE', #3467, 1000.000000000000000 ) ;
#2081 = VERTEX_POINT ( 'NONE', #2637 ) ;
#2082 = CARTESIAN_POINT ( 'NONE',  ( -44.79999999999997584, 0.000000000000000000, 29.00000000000000000 ) ) ;
#2083 = AXIS2_PLACEMENT_3D ( 'NONE', #610, #280, #318 ) ;
#2084 = VERTEX_POINT ( 'NONE', #1014 ) ;
#2085 = VECTOR ( 'NONE', #3506, 1000.000000000000000 ) ;
#2086 = LINE ( 'NONE', #3034, #1289 ) ;
#2087 = EDGE_LOOP ( 'NONE', ( #2376, #3957, #36, #1654 ) ) ;
#2088 = VERTEX_POINT ( 'NONE', #735 ) ;
#2089 = DIRECTION ( 'NONE',  ( 0.000000000000000000, 0.000000000000000000, -1.000000000000000000 ) ) ;
#2090 = DIRECTION ( 'NONE',  ( -0.000000000000000000, -1.000000000000000000, -0.000000000000000000 ) ) ;
#2091 = DIRECTION ( 'NONE',  ( 0.000000000000000000, 1.000000000000000000, -0.000000000000000000 ) ) ;
#2092 = VERTEX_POINT ( 'NONE', #111 ) ;
#2093 = DIRECTION ( 'NONE',  ( 0.000000000000000000, 0.000000000000000000, -1.000000000000000000 ) ) ;
#2094 = AXIS2_PLACEMENT_3D ( 'NONE', #2120, #3051, #1131 ) ;
#2095 = EDGE_CURVE ( 'NONE', #2206, #2666, #3282, .T. ) ;
#2096 = VECTOR ( 'NONE', #4079, 1000.000000000000000 ) ;
#2097 = VERTEX_POINT ( 'NONE', #2322 ) ;
#2098 = CARTESIAN_POINT ( 'NONE',  ( -92.49999999999997158, 3.000000000000000000, 51.00000000000000000 ) ) ;
#2099 = VECTOR ( 'NONE', #237, 1000.000000000000000 ) ;
#2100 = DIRECTION ( 'NONE',  ( 0.000000000000000000, 0.000000000000000000, -1.000000000000000000 ) ) ;
#2101 = LINE ( 'NONE', #3399, #2160 ) ;
#2102 = ADVANCED_FACE ( 'NONE', ( #94 ), #2298, .F. ) ;
#2103 = FACE_OUTER_BOUND ( 'NONE', #2971, .T. ) ;
#2104 = AXIS2_PLACEMENT_3D ( 'NONE', #3330, #2026, #3582 ) ;
#2105 = ORIENTED_EDGE ( 'NONE', *, *, #1845, .T. ) ;
#2106 = DIRECTION ( 'NONE',  ( 0.000000000000000000, 0.000000000000000000, 1.000000000000000000 ) ) ;
#2107 = ADVANCED_FACE ( 'NONE', ( #400 ), #1687, .F. ) ;
#2108 = ORIENTED_EDGE ( 'NONE', *, *, #2502, .T. ) ;
#2109 = CARTESIAN_POINT ( 'NONE',  ( -44.79999999999997584, 3.000000000000000000, 0.000000000000000000 ) ) ;
#2110 = VERTEX_POINT ( 'NONE', #1368 ) ;
#2111 = LINE ( 'NONE', #781, #493 ) ;
#2112 = ADVANCED_FACE ( 'NONE', ( #2932 ), #2595, .F. ) ;
#2113 = CARTESIAN_POINT ( 'NONE',  ( 55.15000000000004832, 0.000000000000000000, -29.25000000000001066 ) ) ;
#2114 = DIRECTION ( 'NONE',  ( 0.000000000000000000, 0.000000000000000000, -1.000000000000000000 ) ) ;
#2115 = ORIENTED_EDGE ( 'NONE', *, *, #2288, .F. ) ;
#2116 = LINE ( 'NONE', #3084, #3477 ) ;
#2117 = ORIENTED_EDGE ( 'NONE', *, *, #1610, .T. ) ;
#2118 = LINE ( 'NONE', #124, #1464 ) ;
#2119 = DIRECTION ( 'NONE',  ( 0.000000000000000000, 0.000000000000000000, 1.000000000000000000 ) ) ;
#2120 = CARTESIAN_POINT ( 'NONE',  ( -99.50000000000000000, 3.000000000000000000, -51.00000000000000711 ) ) ;
#2121 = EDGE_CURVE ( 'NONE', #2856, #1264, #3863, .T. ) ;
#2122 = EDGE_LOOP ( 'NONE', ( #27, #5, #1413, #840 ) ) ;
#2123 = CARTESIAN_POINT ( 'NONE',  ( -44.79999999999997584, 3.000000000000000000, -29.00000000000000000 ) ) ;
#2124 = ORIENTED_EDGE ( 'NONE', *, *, #1053, .F. ) ;
#2125 = CARTESIAN_POINT ( 'NONE',  ( -63.15000000000001279, 3.000000000000000000, -29.24999999999999645 ) ) ;
#2126 = EDGE_CURVE ( 'NONE', #3053, #302, #46, .T. ) ;
#2127 = ORIENTED_EDGE ( 'NONE', *, *, #2601, .T. ) ;
#2128 = LINE ( 'NONE', #1178, #3908 ) ;
#2129 = DIRECTION ( 'NONE',  ( -2.775557561562901764E-14, 0.000000000000000000, 1.000000000000000000 ) ) ;
#2130 = CARTESIAN_POINT ( 'NONE',  ( -44.79999999999997584, 3.000000000000000000, -29.00000000000000000 ) ) ;
#2131 = ORIENTED_EDGE ( 'NONE', *, *, #1817, .T. ) ;
#2132 = DIRECTION ( 'NONE',  ( -0.000000000000000000, -1.000000000000000000, -0.000000000000000000 ) ) ;
#2133 = ORIENTED_EDGE ( 'NONE', *, *, #2901, .F. ) ;
#2134 = AXIS2_PLACEMENT_3D ( 'NONE', #939, #2480, #3457 ) ;
#2135 = CARTESIAN_POINT ( 'NONE',  ( 63.14999999999997016, 0.000000000000000000, 29.25000000000001421 ) ) ;
#2136 = AXIS2_PLACEMENT_3D ( 'NONE', #2915, #2177, #4139 ) ;
#2137 = CARTESIAN_POINT ( 'NONE',  ( -55.15000000000001990, 0.000000000000000000, 0.000000000000000000 ) ) ;
#2138 = LINE ( 'NONE', #3693, #3635 ) ;
#2139 = VERTEX_POINT ( 'NONE', #1052 ) ;
#2140 = CARTESIAN_POINT ( 'NONE',  ( 63.14999999999997016, 3.000000000000000000, -26.00000000000002132 ) ) ;
#2141 = EDGE_CURVE ( 'NONE', #1746, #134, #1708, .T. ) ;
#2142 = VECTOR ( 'NONE', #3374, 1000.000000000000000 ) ;
#2143 = ORIENTED_EDGE ( 'NONE', *, *, #2959, .F. ) ;
#2144 = LINE ( 'NONE', #1196, #684 ) ;
#2145 = AXIS2_PLACEMENT_3D ( 'NONE', #2235, #1241, #1597 ) ;
#2146 = ORIENTED_EDGE ( 'NONE', *, *, #2545, .T. ) ;
#2147 = CARTESIAN_POINT ( 'NONE',  ( 0.000000000000000000, 0.000000000000000000, -25.99999999999999289 ) ) ;
#2148 = CARTESIAN_POINT ( 'NONE',  ( -31.49999999999998579, 3.000000000000000000, -29.00000000000000000 ) ) ;
#2149 = VECTOR ( 'NONE', #1386, 1000.000000000000000 ) ;
#2150 = EDGE_CURVE ( 'NONE', #2822, #2326, #3883, .T. ) ;
#2151 = CARTESIAN_POINT ( 'NONE',  ( -100.0000000000000000, 0.000000000000000000, 0.000000000000000000 ) ) ;
#2152 = DIRECTION ( 'NONE',  ( 0.000000000000000000, 0.000000000000000000, -1.000000000000000000 ) ) ;
#2153 = ORIENTED_EDGE ( 'NONE', *, *, #1815, .F. ) ;
#2154 = CARTESIAN_POINT ( 'NONE',  ( -31.49999999999998579, 3.000000000000000000, -50.99999999999999289 ) ) ;
#2155 = VECTOR ( 'NONE', #3926, 1000.000000000000000 ) ;
#2156 = EDGE_CURVE ( 'NONE', #3021, #4114, #2673, .T. ) ;
#2157 = VECTOR ( 'NONE', #1237, 1000.000000000000000 ) ;
#2158 = CARTESIAN_POINT ( 'NONE',  ( 95.49999999999992895, 0.000000000000000000, -75.00000000000005684 ) ) ;
#2159 = ORIENTED_EDGE ( 'NONE', *, *, #2095, .F. ) ;
#2160 = VECTOR ( 'NONE', #1510, 1000.000000000000000 ) ;
#2161 = DIRECTION ( 'NONE',  ( 4.625929269271471123E-15, 0.000000000000000000, 1.000000000000000000 ) ) ;
#2162 = VECTOR ( 'NONE', #947, 1000.000000000000000 ) ;
#2163 = PRODUCT_DEFINITION_SHAPE ( 'NONE', 'NONE',  #2996 ) ;
#2164 = VECTOR ( 'NONE', #262, 1000.000000000000000 ) ;
#2165 = CARTESIAN_POINT ( 'NONE',  ( 55.15000000000004832, 3.000000000000000000, -17.99999999999997868 ) ) ;
#2166 = DIRECTION ( 'NONE',  ( -0.000000000000000000, -1.000000000000000000, -0.000000000000000000 ) ) ;
#2167 = EDGE_LOOP ( 'NONE', ( #2884, #790, #2538, #878 ) ) ;
#2168 = ORIENTED_EDGE ( 'NONE', *, *, #3847, .F. ) ;
#2169 = LINE ( 'NONE', #3421, #1999 ) ;
#2170 = VECTOR ( 'NONE', #3346, 1000.000000000000000 ) ;
#2171 = EDGE_LOOP ( 'NONE', ( #1355, #419, #1719, #2520 ) ) ;
#2172 = PLANE ( 'NONE',  #2912 ) ;
#2173 = CIRCLE ( 'NONE', #356, 2.999999999999988898 ) ;
#2174 = ORIENTED_EDGE ( 'NONE', *, *, #3398, .T. ) ;
#2175 = EDGE_CURVE ( 'NONE', #1893, #1515, #3530, .T. ) ;
#2176 = PLANE ( 'NONE',  #828 ) ;
#2177 = DIRECTION ( 'NONE',  ( 0.000000000000000000, 0.000000000000000000, -1.000000000000000000 ) ) ;
#2178 = CARTESIAN_POINT ( 'NONE',  ( 55.15000000000004832, 0.000000000000000000, -0.000000000000000000 ) ) ;
#2179 = LINE ( 'NONE', #1854, #1628 ) ;
#2180 = VERTEX_POINT ( 'NONE', #2357 ) ;
#2181 = CARTESIAN_POINT ( 'NONE',  ( -63.15000000000001279, 3.000000000000000000, 0.000000000000000000 ) ) ;
#2182 = DIRECTION ( 'NONE',  ( 0.000000000000000000, 0.000000000000000000, -1.000000000000000000 ) ) ;
#2183 = ORIENTED_EDGE ( 'NONE', *, *, #2223, .F. ) ;
#2184 = ADVANCED_FACE ( 'NONE', ( #3365 ), #798, .F. ) ;
#2185 = DIRECTION ( 'NONE',  ( 0.000000000000000000, 0.000000000000000000, 1.000000000000000000 ) ) ;
#2186 = APPLICATION_PROTOCOL_DEFINITION ( 'draft international standard', 'automotive_design', 1998, #903 ) ;
#2187 = CARTESIAN_POINT ( 'NONE',  ( 63.14999999999997016, 0.000000000000000000, 0.000000000000000000 ) ) ;
#2188 = ORIENTED_EDGE ( 'NONE', *, *, #3182, .T. ) ;
#2189 = EDGE_CURVE ( 'NONE', #1533, #1060, #3031, .T. ) ;
#2190 = CARTESIAN_POINT ( 'NONE',  ( -48.64999999999996305, 3.000000000000000000, -17.99999999999999289 ) ) ;
#2191 = CARTESIAN_POINT ( 'NONE',  ( -2.414221701368337005E-14, 3.000000000000000000, -66.50000000000000000 ) ) ;
#2192 = LINE ( 'NONE', #544, #3970 ) ;
#2193 = ORIENTED_EDGE ( 'NONE', *, *, #3645, .F. ) ;
#2194 = DIRECTION ( 'NONE',  ( 6.746146851020918889E-16, -0.000000000000000000, 1.000000000000000000 ) ) ;
#2195 = CARTESIAN_POINT ( 'NONE',  ( 31.49999999999998579, 3.000000000000000000, -51.00000000000001421 ) ) ;
#2196 = DIRECTION ( 'NONE',  ( -6.608470384673545107E-16, 0.000000000000000000, -1.000000000000000000 ) ) ;
#2197 = CARTESIAN_POINT ( 'NONE',  ( 99.49999999999997158, 3.000000000000000000, -51.00000000000006395 ) ) ;
#2198 = ORIENTED_EDGE ( 'NONE', *, *, #1795, .T. ) ;
#2199 = CARTESIAN_POINT ( 'NONE',  ( -48.64999999999996305, 0.000000000000000000, -0.000000000000000000 ) ) ;
#2200 = CARTESIAN_POINT ( 'NONE',  ( -31.49999999999998579, 0.000000000000000000, -0.000000000000000000 ) ) ;
#2201 = ORIENTED_EDGE ( 'NONE', *, *, #117, .T. ) ;
#2202 = CARTESIAN_POINT ( 'NONE',  ( -99.49999999999997158, 3.000000000000000000, 50.99999999999999289 ) ) ;
#2203 = ADVANCED_FACE ( 'NONE', ( #1153 ), #3012, .F. ) ;
#2204 = FILL_AREA_STYLE_COLOUR ( '', #2701 ) ;
#2205 = CARTESIAN_POINT ( 'NONE',  ( -100.0000000000000000, 3.000000000000000000, 10.49999999999999112 ) ) ;
#2206 = VERTEX_POINT ( 'NONE', #758 ) ;
#2207 = CARTESIAN_POINT ( 'NONE',  ( -31.49999999999998579, 3.000000000000000000, 29.00000000000000000 ) ) ;
#2208 = CARTESIAN_POINT ( 'NONE',  ( -95.49999999999997158, 3.000000000000000000, 74.99999999999998579 ) ) ;
#2209 = LINE ( 'NONE', #3528, #2372 ) ;
#2210 = ORIENTED_EDGE ( 'NONE', *, *, #3562, .T. ) ;
#2211 = CARTESIAN_POINT ( 'NONE',  ( 92.50000000000000000, 3.000000000000000000, 53.99999999999994316 ) ) ;
#2212 = DIRECTION ( 'NONE',  ( 0.000000000000000000, 0.000000000000000000, 1.000000000000000000 ) ) ;
#2213 = VECTOR ( 'NONE', #3811, 1000.000000000000000 ) ;
#2214 = VERTEX_POINT ( 'NONE', #1785 ) ;
#2215 = CARTESIAN_POINT ( 'NONE',  ( 3.161386357740393357E-14, 3.000000000000000000, 66.49999999999991473 ) ) ;
#2216 = FACE_BOUND ( 'NONE', #1143, .T. ) ;
#2217 = ORIENTED_EDGE ( 'NONE', *, *, #1782, .F. ) ;
#2218 = VECTOR ( 'NONE', #167, 1000.000000000000000 ) ;
#2219 = DIRECTION ( 'NONE',  ( -1.321694076934710402E-15, 0.000000000000000000, 1.000000000000000000 ) ) ;
#2220 = AXIS2_PLACEMENT_3D ( 'NONE', #420, #3304, #3574 ) ;
#2221 = CYLINDRICAL_SURFACE ( 'NONE', #3819, 1.999999999999994893 ) ;
#2222 = EDGE_LOOP ( 'NONE', ( #3782, #2620, #3420, #2310 ) ) ;
#2223 = EDGE_CURVE ( 'NONE', #310, #1725, #484, .T. ) ;
#2224 = LINE ( 'NONE', #3128, #2749 ) ;
#2225 = CARTESIAN_POINT ( 'NONE',  ( 63.14999999999997016, 3.000000000000000000, 26.00000000000002132 ) ) ;
#2226 = VERTEX_POINT ( 'NONE', #521 ) ;
#2227 = VECTOR ( 'NONE', #3842, 1000.000000000000000 ) ;
#2228 = FACE_BOUND ( 'NONE', #3930, .T. ) ;
#2229 = VECTOR ( 'NONE', #128, 1000.000000000000000 ) ;
#2230 = EDGE_CURVE ( 'NONE', #3807, #2993, #3072, .T. ) ;
#2231 = DIRECTION ( 'NONE',  ( 0.000000000000000000, 0.000000000000000000, 1.000000000000000000 ) ) ;
#2232 = LINE ( 'NONE', #2552, #1424 ) ;
#2233 = AXIS2_PLACEMENT_3D ( 'NONE', #1900, #3867, #3829 ) ;
#2234 = EDGE_LOOP ( 'NONE', ( #162, #2115, #1367, #727 ) ) ;
#2235 = CARTESIAN_POINT ( 'NONE',  ( -2.504262461560504825E-14, 3.000000000000000000, 47.99999999999999289 ) ) ;
#2236 = EDGE_CURVE ( 'NONE', #3295, #426, #3343, .T. ) ;
#2237 = DIRECTION ( 'NONE',  ( 0.000000000000000000, 0.000000000000000000, 1.000000000000000000 ) ) ;
#2238 = EDGE_CURVE ( 'NONE', #858, #2717, #3988, .T. ) ;
#2239 = ORIENTED_EDGE ( 'NONE', *, *, #1975, .T. ) ;
#2240 = DIRECTION ( 'NONE',  ( 0.000000000000000000, 1.000000000000000000, -0.000000000000000000 ) ) ;
#2241 = ORIENTED_EDGE ( 'NONE', *, *, #675, .T. ) ;
#2242 = DIRECTION ( 'NONE',  ( 1.000000000000000000, 0.000000000000000000, 3.304235192336770581E-16 ) ) ;
#2243 = ADVANCED_FACE ( 'NONE', ( #2383 ), #1747, .T. ) ;
#2244 = AXIS2_PLACEMENT_3D ( 'NONE', #1941, #2539, #2242 ) ;
#2245 = LINE ( 'NONE', #1505, #1400 ) ;
#2246 = ORIENTED_EDGE ( 'NONE', *, *, #2644, .F. ) ;
#2247 = CARTESIAN_POINT ( 'NONE',  ( 4.915049848600952908E-15, 3.000000000000000000, 50.99999999999999289 ) ) ;
#2248 = CARTESIAN_POINT ( 'NONE',  ( -17.49999999999998934, 3.000000000000000000, 0.000000000000000000 ) ) ;
#2249 = EDGE_LOOP ( 'NONE', ( #885, #653, #349, #3657, #627, #1863, #1474, #2736, #2661, #3323, #3002, #3211, #593, #1727, #2458, #2321, #2117, #1133, #4009, #4044, #273, #4147, #3395, #2656, #2956, #1712, #2705, #527, #112, #1984, #3929, #3191, #2920, #2941, #779, #3220, #2581, #2405, #1307, #2731 ) ) ;
#2250 = FACE_OUTER_BOUND ( 'NONE', #2484, .T. ) ;
#2251 = CARTESIAN_POINT ( 'NONE',  ( 92.50000000000000000, 3.000000000000000000, 50.99999999999994316 ) ) ;
#2252 = CARTESIAN_POINT ( 'NONE',  ( 4.915049848600952908E-15, 3.000000000000000000, 50.99999999999999289 ) ) ;
#2253 = VERTEX_POINT ( 'NONE', #1134 ) ;
#2254 = DIRECTION ( 'NONE',  ( 1.000000000000000000, 0.000000000000000000, -2.135044278125300110E-16 ) ) ;
#2255 = DIRECTION ( 'NONE',  ( 0.000000000000000000, 0.000000000000000000, -1.000000000000000000 ) ) ;
#2256 = ORIENTED_EDGE ( 'NONE', *, *, #507, .F. ) ;
#2257 = EDGE_CURVE ( 'NONE', #867, #142, #3655, .T. ) ;
#2258 = FACE_BOUND ( 'NONE', #2792, .T. ) ;
#2259 = ORIENTED_EDGE ( 'NONE', *, *, #47, .F. ) ;
#2260 = FACE_OUTER_BOUND ( 'NONE', #2804, .T. ) ;
#2261 = ADVANCED_FACE ( 'NONE', ( #775 ), #1804, .T. ) ;
#2262 = FILL_AREA_STYLE_COLOUR ( '', #2076 ) ;
#2263 = ORIENTED_EDGE ( 'NONE', *, *, #2230, .T. ) ;
#2264 = DIRECTION ( 'NONE',  ( 0.000000000000000000, 0.000000000000000000, 1.000000000000000000 ) ) ;
#2265 = LINE ( 'NONE', #2883, #1286 ) ;
#2266 = VERTEX_POINT ( 'NONE', #2082 ) ;
#2267 = DIRECTION ( 'NONE',  ( 0.000000000000000000, 1.000000000000000000, -0.000000000000000000 ) ) ;
#2268 = VECTOR ( 'NONE', #1952, 1000.000000000000000 ) ;
#2269 = DIRECTION ( 'NONE',  ( 0.000000000000000000, 0.000000000000000000, -1.000000000000000000 ) ) ;
#2270 = CARTESIAN_POINT ( 'NONE',  ( -100.0000000000000000, 0.000000000000000000, 10.49999999999999112 ) ) ;
#2271 = VERTEX_POINT ( 'NONE', #2123 ) ;
#2272 = VECTOR ( 'NONE', #1081, 1000.000000000000000 ) ;
#2273 = DIRECTION ( 'NONE',  ( 0.000000000000000000, 0.000000000000000000, -1.000000000000000000 ) ) ;
#2274 = DIRECTION ( 'NONE',  ( 0.000000000000000000, 0.000000000000000000, -1.000000000000000000 ) ) ;
#2275 = ADVANCED_FACE ( 'NONE', ( #1112 ), #3054, .F. ) ;
#2276 = ORIENTED_EDGE ( 'NONE', *, *, #1699, .T. ) ;
#2277 = PLANE ( 'NONE',  #3901 ) ;
#2278 = ORIENTED_EDGE ( 'NONE', *, *, #1274, .F. ) ;
#2279 = ORIENTED_EDGE ( 'NONE', *, *, #834, .T. ) ;
#2280 = DIRECTION ( 'NONE',  ( -1.000000000000000000, 0.000000000000000000, 4.625929269271471123E-15 ) ) ;
#2281 = AXIS2_PLACEMENT_3D ( 'NONE', #1331, #2647, #326 ) ;
#2282 = ADVANCED_FACE ( 'NONE', ( #3385 ), #3675, .F. ) ;
#2283 =( LENGTH_UNIT ( ) NAMED_UNIT ( * ) SI_UNIT ( .MILLI., .METRE. ) );
#2284 = AXIS2_PLACEMENT_3D ( 'NONE', #3941, #1066, #2317 ) ;
#2285 = VERTEX_POINT ( 'NONE', #3634 ) ;
#2286 = VECTOR ( 'NONE', #2273, 1000.000000000000000 ) ;
#2287 = DIRECTION ( 'NONE',  ( -1.000000000000000000, 0.000000000000000000, -3.304235192336771568E-16 ) ) ;
#2288 = EDGE_CURVE ( 'NONE', #3146, #2266, #1450, .T. ) ;
#2289 = AXIS2_PLACEMENT_3D ( 'NONE', #1997, #3596, #697 ) ;
#2290 = DIRECTION ( 'NONE',  ( 0.000000000000000000, 0.000000000000000000, 1.000000000000000000 ) ) ;
#2291 = VERTEX_POINT ( 'NONE', #440 ) ;
#2292 = PLANE ( 'NONE',  #2476 ) ;
#2293 = AXIS2_PLACEMENT_3D ( 'NONE', #315, #904, #3799 ) ;
#2294 = DIRECTION ( 'NONE',  ( -0.000000000000000000, -1.000000000000000000, -0.000000000000000000 ) ) ;
#2295 = DIRECTION ( 'NONE',  ( -1.000000000000000000, 0.000000000000000000, 5.217213461584385709E-16 ) ) ;
#2296 = PLANE ( 'NONE',  #418 ) ;
#2297 = EDGE_LOOP ( 'NONE', ( #3318, #331, #546, #3991 ) ) ;
#2298 = CYLINDRICAL_SURFACE ( 'NONE', #2289, 3.000000000000002665 ) ;
#2299 = VECTOR ( 'NONE', #4017, 1000.000000000000000 ) ;
#2300 = ORIENTED_EDGE ( 'NONE', *, *, #190, .F. ) ;
#2301 = PRODUCT_RELATED_PRODUCT_CATEGORY ( 'part', '', ( #2838 ) ) ;
#2302 = CYLINDRICAL_SURFACE ( 'NONE', #3106, 2.000000000000001776 ) ;
#2303 = ADVANCED_FACE ( 'NONE', ( #2737 ), #504, .F. ) ;
#2304 = ORIENTED_EDGE ( 'NONE', *, *, #3810, .T. ) ;
#2305 = ORIENTED_EDGE ( 'NONE', *, *, #1548, .T. ) ;
#2306 = CARTESIAN_POINT ( 'NONE',  ( -44.79999999999996163, 0.000000000000000000, -50.99999999999998579 ) ) ;
#2307 = VECTOR ( 'NONE', #398, 1000.000000000000000 ) ;
#2308 = CARTESIAN_POINT ( 'NONE',  ( 95.50000000000000000, 0.000000000000000000, 74.99999999999995737 ) ) ;
#2309 = VECTOR ( 'NONE', #893, 1000.000000000000000 ) ;
#2310 = ORIENTED_EDGE ( 'NONE', *, *, #620, .T. ) ;
#2311 = CARTESIAN_POINT ( 'NONE',  ( 55.15000000000004832, 0.000000000000000000, -26.00000000000002132 ) ) ;
#2312 = LINE ( 'NONE', #3587, #3568 ) ;
#2313 = EDGE_CURVE ( 'NONE', #2468, #1097, #1887, .T. ) ;
#2314 = ORIENTED_EDGE ( 'NONE', *, *, #1347, .F. ) ;
#2315 = FACE_OUTER_BOUND ( 'NONE', #1595, .T. ) ;
#2316 = ADVANCED_FACE ( 'NONE', ( #902, #945, #3779, #2228, #235, #3443, #3152, #1172, #879, #2547, #3798, #1864, #584, #1574, #2885, #1236, #251 ), #1592, .F. ) ;
#2317 = DIRECTION ( 'NONE',  ( 0.000000000000000000, 0.000000000000000000, 1.000000000000000000 ) ) ;
#2318 = CYLINDRICAL_SURFACE ( 'NONE', #3961, 1.999999999999994893 ) ;
#2319 = EDGE_CURVE ( 'NONE', #3065, #3005, #2528, .T. ) ;
#2320 = DIRECTION ( 'NONE',  ( 0.000000000000000000, 0.000000000000000000, 1.000000000000000000 ) ) ;
#2321 = ORIENTED_EDGE ( 'NONE', *, *, #3604, .T. ) ;
#2322 = CARTESIAN_POINT ( 'NONE',  ( -95.50000000000000000, 3.000000000000000000, -75.00000000000001421 ) ) ;
#2323 = ORIENTED_EDGE ( 'NONE', *, *, #350, .T. ) ;
#2324 = DIRECTION ( 'NONE',  ( -0.000000000000000000, -1.000000000000000000, -0.000000000000000000 ) ) ;
#2325 = VERTEX_POINT ( 'NONE', #1193 ) ;
#2326 = VERTEX_POINT ( 'NONE', #1824 ) ;
#2327 = PLANE ( 'NONE',  #1500 ) ;
#2328 = ORIENTED_EDGE ( 'NONE', *, *, #888, .T. ) ;
#2329 = DIRECTION ( 'NONE',  ( 1.000000000000000000, 0.000000000000000000, -1.982541115402064913E-15 ) ) ;
#2330 = EDGE_CURVE ( 'NONE', #2427, #1772, #274, .T. ) ;
#2331 = ORIENTED_EDGE ( 'NONE', *, *, #529, .F. ) ;
#2332 = DIRECTION ( 'NONE',  ( 1.000000000000000000, 0.000000000000000000, -2.608606730792192854E-16 ) ) ;
#2333 = EDGE_CURVE ( 'NONE', #4140, #2139, #3134, .T. ) ;
#2334 = DIRECTION ( 'NONE',  ( 0.000000000000000000, 0.000000000000000000, -1.000000000000000000 ) ) ;
#2335 = CARTESIAN_POINT ( 'NONE',  ( 31.50000000000000000, 3.000000000000000000, -26.00000000000001066 ) ) ;
#2336 = LINE ( 'NONE', #2671, #3378 ) ;
#2337 = ORIENTED_EDGE ( 'NONE', *, *, #1998, .F. ) ;
#2338 = CARTESIAN_POINT ( 'NONE',  ( 3.198396408832267663E-15, 3.000000000000000000, -14.74999999999999645 ) ) ;
#2339 = EDGE_LOOP ( 'NONE', ( #1239, #1083, #1015, #1027 ) ) ;
#2340 = CARTESIAN_POINT ( 'NONE',  ( 44.79999999999999005, 3.000000000000000000, 29.00000000000001066 ) ) ;
#2341 = AXIS2_PLACEMENT_3D ( 'NONE', #3148, #1525, #1167 ) ;
#2342 = VERTEX_POINT ( 'NONE', #1256 ) ;
#2343 = ORIENTED_EDGE ( 'NONE', *, *, #3884, .F. ) ;
#2344 = LINE ( 'NONE', #407, #1967 ) ;
#2345 = VECTOR ( 'NONE', #3586, 1000.000000000000000 ) ;
#2346 = CARTESIAN_POINT ( 'NONE',  ( 63.14999999999997016, 3.000000000000000000, 17.99999999999997868 ) ) ;
#2347 = ORIENTED_EDGE ( 'NONE', *, *, #2954, .T. ) ;
#2348 = LINE ( 'NONE', #4056, #2272 ) ;
#2349 = VECTOR ( 'NONE', #3644, 1000.000000000000000 ) ;
#2350 = ORIENTED_EDGE ( 'NONE', *, *, #2449, .F. ) ;
#2351 = ADVANCED_FACE ( 'NONE', ( #2487 ), #628, .T. ) ;
#2352 = DIRECTION ( 'NONE',  ( -0.000000000000000000, -1.000000000000000000, -0.000000000000000000 ) ) ;
#2353 = CARTESIAN_POINT ( 'NONE',  ( -31.49999999999998579, 3.000000000000000000, 26.00000000000000355 ) ) ;
#2354 = DIRECTION ( 'NONE',  ( -1.321694076934710402E-15, 0.000000000000000000, 1.000000000000000000 ) ) ;
#2355 = LINE ( 'NONE', #3653, #3507 ) ;
#2356 = VERTEX_POINT ( 'NONE', #3820 ) ;
#2357 = CARTESIAN_POINT ( 'NONE',  ( -55.15000000000001990, 0.000000000000000000, 17.99999999999999289 ) ) ;
#2358 = EDGE_CURVE ( 'NONE', #1452, #819, #3481, .T. ) ;
#2359 = AXIS2_PLACEMENT_3D ( 'NONE', #3508, #3462, #2887 ) ;
#2360 = ORIENTED_EDGE ( 'NONE', *, *, #2313, .T. ) ;
#2361 = DIRECTION ( 'NONE',  ( 0.000000000000000000, 0.000000000000000000, 1.000000000000000000 ) ) ;
#2362 = ORIENTED_EDGE ( 'NONE', *, *, #1815, .T. ) ;
#2363 = EDGE_CURVE ( 'NONE', #1917, #800, #542, .T. ) ;
#2364 = ORIENTED_EDGE ( 'NONE', *, *, #3380, .F. ) ;
#2365 = DIRECTION ( 'NONE',  ( -0.000000000000000000, -1.000000000000000000, -0.000000000000000000 ) ) ;
#2366 = CIRCLE ( 'NONE', #1625, 10.49999999999999112 ) ;
#2367 =( GEOMETRIC_REPRESENTATION_CONTEXT ( 3 ) GLOBAL_UNCERTAINTY_ASSIGNED_CONTEXT ( ( #62 ) ) GLOBAL_UNIT_ASSIGNED_CONTEXT ( ( #3712, #875, #2399 ) ) REPRESENTATION_CONTEXT ( 'NONE', 'WORKASPACE' ) );
#2368 = AXIS2_PLACEMENT_3D ( 'NONE', #3253, #1653, #2943 ) ;
#2369 = CARTESIAN_POINT ( 'NONE',  ( -2.504262461560504825E-14, 3.000000000000000000, -47.99999999999999289 ) ) ;
#2370 = EDGE_CURVE ( 'NONE', #3042, #2045, #2169, .T. ) ;
#2371 = ORIENTED_EDGE ( 'NONE', *, *, #865, .F. ) ;
#2372 = VECTOR ( 'NONE', #4117, 1000.000000000000000 ) ;
#2373 = DIRECTION ( 'NONE',  ( 1.000000000000000000, 0.000000000000000000, -2.608606730792192854E-16 ) ) ;
#2374 = VECTOR ( 'NONE', #3673, 1000.000000000000000 ) ;
#2375 = VECTOR ( 'NONE', #297, 1000.000000000000000 ) ;
#2376 = ORIENTED_EDGE ( 'NONE', *, *, #2551, .T. ) ;
#2377 = DIRECTION ( 'NONE',  ( -0.000000000000000000, -1.000000000000000000, -0.000000000000000000 ) ) ;
#2378 = VECTOR ( 'NONE', #1476, 1000.000000000000000 ) ;
#2379 = DIRECTION ( 'NONE',  ( -0.000000000000000000, -1.000000000000000000, -0.000000000000000000 ) ) ;
#2380 = CARTESIAN_POINT ( 'NONE',  ( -48.64999999999996305, 3.000000000000000000, 17.99999999999999289 ) ) ;
#2381 = CARTESIAN_POINT ( 'NONE',  ( 95.49999999999992895, 3.000000000000000000, -75.00000000000007105 ) ) ;
#2382 = ORIENTED_EDGE ( 'NONE', *, *, #435, .F. ) ;
#2383 = FACE_OUTER_BOUND ( 'NONE', #3668, .T. ) ;
#2384 = EDGE_CURVE ( 'NONE', #2491, #2760, #3116, .T. ) ;
#2385 = ORIENTED_EDGE ( 'NONE', *, *, #3935, .T. ) ;
#2386 = DIRECTION ( 'NONE',  ( 0.000000000000000000, 0.000000000000000000, -1.000000000000000000 ) ) ;
#2387 = ORIENTED_EDGE ( 'NONE', *, *, #24, .F. ) ;
#2388 = EDGE_LOOP ( 'NONE', ( #3973, #1968, #71, #803 ) ) ;
#2389 = CARTESIAN_POINT ( 'NONE',  ( -7.564959519297359869E-15, 3.000000000000000000, 29.00000000000000000 ) ) ;
#2390 = EDGE_CURVE ( 'NONE', #2503, #1725, #722, .T. ) ;
#2391 = CARTESIAN_POINT ( 'NONE',  ( -17.49999999999998934, 0.000000000000000000, 74.99999999999997158 ) ) ;
#2392 = DIRECTION ( 'NONE',  ( 0.000000000000000000, 0.000000000000000000, 1.000000000000000000 ) ) ;
#2393 = ORIENTED_EDGE ( 'NONE', *, *, #2802, .F. ) ;
#2394 = CARTESIAN_POINT ( 'NONE',  ( 0.000000000000000000, 3.000000000000000000, -48.00000000000000000 ) ) ;
#2395 = EDGE_LOOP ( 'NONE', ( #207, #4052, #98, #406 ) ) ;
#2396 = DIRECTION ( 'NONE',  ( -0.000000000000000000, -1.000000000000000000, -0.000000000000000000 ) ) ;
#2397 = ORIENTED_EDGE ( 'NONE', *, *, #1019, .F. ) ;
#2398 = CARTESIAN_POINT ( 'NONE',  ( -69.64999999999996305, 3.000000000000000000, -25.99999999999999289 ) ) ;
#2399 =( NAMED_UNIT ( * ) SI_UNIT ( $, .STERADIAN. ) SOLID_ANGLE_UNIT ( ) );
#2400 = CARTESIAN_POINT ( 'NONE',  ( -55.15000000000001990, 3.000000000000000000, -14.74999999999999822 ) ) ;
#2401 = LINE ( 'NONE', #2381, #2374 ) ;
#2402 = ORIENTED_EDGE ( 'NONE', *, *, #1170, .F. ) ;
#2403 = CARTESIAN_POINT ( 'NONE',  ( 44.79999999999999005, 3.000000000000000000, 0.000000000000000000 ) ) ;
#2404 = VECTOR ( 'NONE', #2464, 1000.000000000000000 ) ;
#2405 = ORIENTED_EDGE ( 'NONE', *, *, #1835, .T. ) ;
#2406 = LINE ( 'NONE', #718, #3639 ) ;
#2407 = ORIENTED_EDGE ( 'NONE', *, *, #296, .F. ) ;
#2408 = EDGE_LOOP ( 'NONE', ( #1254, #3310, #1770, #2323 ) ) ;
#2409 = EDGE_CURVE ( 'NONE', #441, #3718, #1213, .T. ) ;
#2410 = DIRECTION ( 'NONE',  ( -1.000000000000000000, 0.000000000000000000, 0.000000000000000000 ) ) ;
#2411 = VECTOR ( 'NONE', #688, 1000.000000000000000 ) ;
#2412 = CARTESIAN_POINT ( 'NONE',  ( 48.64999999999999147, 3.000000000000000000, -17.99999999999998224 ) ) ;
#2413 = CARTESIAN_POINT ( 'NONE',  ( 17.49999999999997513, 3.000000000000000000, -54.00000000000002132 ) ) ;
#2414 = VERTEX_POINT ( 'NONE', #920 ) ;
#2415 = DIRECTION ( 'NONE',  ( -0.000000000000000000, -1.000000000000000000, -0.000000000000000000 ) ) ;
#2416 = ADVANCED_FACE ( 'NONE', ( #61 ), #4154, .F. ) ;
#2417 = VECTOR ( 'NONE', #1652, 1000.000000000000000 ) ;
#2418 = VECTOR ( 'NONE', #3489, 1000.000000000000000 ) ;
#2419 = EDGE_LOOP ( 'NONE', ( #3573, #2024 ) ) ;
#2420 = EDGE_CURVE ( 'NONE', #520, #3297, #3859, .T. ) ;
#2421 = LINE ( 'NONE', #812, #2744 ) ;
#2422 = AXIS2_PLACEMENT_3D ( 'NONE', #2812, #246, #2791 ) ;
#2423 = CARTESIAN_POINT ( 'NONE',  ( 95.49999999999991473, 3.000000000000000000, -54.00000000000005684 ) ) ;
#2424 = LINE ( 'NONE', #4048, #3699 ) ;
#2425 = CARTESIAN_POINT ( 'NONE',  ( -63.14999999999994174, 0.000000000000000000, 17.99999999999999289 ) ) ;
#2426 = AXIS2_PLACEMENT_3D ( 'NONE', #2854, #2454, #3786 ) ;
#2427 = VERTEX_POINT ( 'NONE', #3275 ) ;
#2428 = CARTESIAN_POINT ( 'NONE',  ( -31.49999999999998579, 0.000000000000000000, -0.000000000000000000 ) ) ;
#2429 = ORIENTED_EDGE ( 'NONE', *, *, #629, .F. ) ;
#2430 = LINE ( 'NONE', #2125, #1085 ) ;
#2431 = ORIENTED_EDGE ( 'NONE', *, *, #3816, .F. ) ;
#2432 = DIRECTION ( 'NONE',  ( 0.000000000000000000, 0.000000000000000000, 1.000000000000000000 ) ) ;
#2433 = EDGE_CURVE ( 'NONE', #717, #3585, #1462, .T. ) ;
#2434 = LINE ( 'NONE', #4037, #868 ) ;
#2435 = CARTESIAN_POINT ( 'NONE',  ( 0.000000000000000000, 0.000000000000000000, -14.74999999999999822 ) ) ;
#2436 = VECTOR ( 'NONE', #1188, 1000.000000000000000 ) ;
#2437 = EDGE_LOOP ( 'NONE', ( #95, #50, #2636, #2874 ) ) ;
#2438 = CARTESIAN_POINT ( 'NONE',  ( 55.15000000000004832, 3.000000000000000000, 29.25000000000001066 ) ) ;
#2439 = VECTOR ( 'NONE', #1834, 1000.000000000000000 ) ;
#2440 = ORIENTED_EDGE ( 'NONE', *, *, #2175, .T. ) ;
#2441 = FACE_OUTER_BOUND ( 'NONE', #3263, .T. ) ;
#2442 = VECTOR ( 'NONE', #4, 1000.000000000000000 ) ;
#2443 = ADVANCED_FACE ( 'NONE', ( #2315 ), #2292, .T. ) ;
#2444 = CARTESIAN_POINT ( 'NONE',  ( 69.65000000000001990, 3.000000000000000000, 0.000000000000000000 ) ) ;
#2445 = EDGE_CURVE ( 'NONE', #30, #3295, #1298, .T. ) ;
#2446 = AXIS2_PLACEMENT_3D ( 'NONE', #1330, #2365, #3890 ) ;
#2447 = ORIENTED_EDGE ( 'NONE', *, *, #3708, .T. ) ;
#2448 = DIRECTION ( 'NONE',  ( 0.000000000000000000, 0.000000000000000000, -1.000000000000000000 ) ) ;
#2449 = EDGE_CURVE ( 'NONE', #1939, #1556, #646, .T. ) ;
#2450 = ORIENTED_EDGE ( 'NONE', *, *, #3895, .F. ) ;
#2451 = CARTESIAN_POINT ( 'NONE',  ( -7.564959519297359869E-15, 0.000000000000000000, 29.00000000000000000 ) ) ;
#2452 = ORIENTED_EDGE ( 'NONE', *, *, #387, .T. ) ;
#2453 = CARTESIAN_POINT ( 'NONE',  ( 0.000000000000000000, 0.000000000000000000, 48.00000000000000000 ) ) ;
#2454 = DIRECTION ( 'NONE',  ( 3.304235192336770581E-16, -0.000000000000000000, 1.000000000000000000 ) ) ;
#2455 = CARTESIAN_POINT ( 'NONE',  ( 17.49999999999997513, 0.000000000000000000, -54.00000000000002132 ) ) ;
#2456 = ORIENTED_EDGE ( 'NONE', *, *, #1585, .F. ) ;
#2457 = DIRECTION ( 'NONE',  ( 1.000000000000000000, -0.000000000000000000, 0.000000000000000000 ) ) ;
#2458 = ORIENTED_EDGE ( 'NONE', *, *, #1911, .F. ) ;
#2459 = EDGE_CURVE ( 'NONE', #3600, #402, #1930, .T. ) ;
#2460 = FACE_OUTER_BOUND ( 'NONE', #382, .T. ) ;
#2461 = DIRECTION ( 'NONE',  ( 0.000000000000000000, 0.000000000000000000, -1.000000000000000000 ) ) ;
#2462 = CARTESIAN_POINT ( 'NONE',  ( -8.591011500075604892E-15, 0.000000000000000000, -26.00000000000000000 ) ) ;
#2463 = ORIENTED_EDGE ( 'NONE', *, *, #421, .T. ) ;
#2464 = DIRECTION ( 'NONE',  ( 0.000000000000000000, 0.000000000000000000, -1.000000000000000000 ) ) ;
#2465 = EDGE_CURVE ( 'NONE', #2565, #1939, #2570, .T. ) ;
#2466 = ORIENTED_EDGE ( 'NONE', *, *, #1965, .T. ) ;
#2467 = CARTESIAN_POINT ( 'NONE',  ( -2.457524924300475350E-14, 0.000000000000000000, -51.00000000000000000 ) ) ;
#2468 = VERTEX_POINT ( 'NONE', #1992 ) ;
#2469 = CARTESIAN_POINT ( 'NONE',  ( -17.49999999999998934, 0.000000000000000000, -75.00000000000004263 ) ) ;
#2470 = EDGE_CURVE ( 'NONE', #3367, #2651, #3920, .T. ) ;
#2471 = LINE ( 'NONE', #768, #1865 ) ;
#2472 = DIRECTION ( 'NONE',  ( 1.000000000000000000, -0.000000000000000000, 0.000000000000000000 ) ) ;
#2473 = CARTESIAN_POINT ( 'NONE',  ( -55.15000000000001990, 3.000000000000000000, 25.99999999999999289 ) ) ;
#2474 = VERTEX_POINT ( 'NONE', #394 ) ;
#2475 = FACE_OUTER_BOUND ( 'NONE', #3774, .T. ) ;
#2476 = AXIS2_PLACEMENT_3D ( 'NONE', #3255, #1656, #2332 ) ;
#2477 = CARTESIAN_POINT ( 'NONE',  ( -63.15000000000001279, 3.000000000000000000, 0.000000000000000000 ) ) ;
#2478 = ORIENTED_EDGE ( 'NONE', *, *, #3667, .F. ) ;
#2479 = AXIS2_PLACEMENT_3D ( 'NONE', #2577, #1558, #1242 ) ;
#2480 = DIRECTION ( 'NONE',  ( -0.000000000000000000, -1.000000000000000000, 0.000000000000000000 ) ) ;
#2481 = CARTESIAN_POINT ( 'NONE',  ( 44.79999999999999005, 0.000000000000000000, -26.00000000000001421 ) ) ;
#2482 = EDGE_CURVE ( 'NONE', #3788, #2923, #1526, .T. ) ;
#2483 = LINE ( 'NONE', #1151, #2848 ) ;
#2484 = EDGE_LOOP ( 'NONE', ( #157, #2278, #3925, #323 ) ) ;
#2485 = EDGE_LOOP ( 'NONE', ( #115, #944, #4093, #341 ) ) ;
#2486 = AXIS2_PLACEMENT_3D ( 'NONE', #3538, #345, #659 ) ;
#2487 = FACE_OUTER_BOUND ( 'NONE', #3325, .T. ) ;
#2488 = AXIS2_PLACEMENT_3D ( 'NONE', #3878, #2946, #2990 ) ;
#2489 = EDGE_LOOP ( 'NONE', ( #698, #1870, #3083, #2174 ) ) ;
#2490 = DIRECTION ( 'NONE',  ( -0.000000000000000000, -1.000000000000000000, -0.000000000000000000 ) ) ;
#2491 = VERTEX_POINT ( 'NONE', #2967 ) ;
#2492 = CARTESIAN_POINT ( 'NONE',  ( 44.79999999999999005, 3.000000000000000000, -26.00000000000001421 ) ) ;
#2493 = LINE ( 'NONE', #3762, #726 ) ;
#2494 = VECTOR ( 'NONE', #2914, 1000.000000000000000 ) ;
#2495 = DIRECTION ( 'NONE',  ( 1.000000000000000000, -0.000000000000000000, 0.000000000000000000 ) ) ;
#2496 = EDGE_CURVE ( 'NONE', #2139, #39, #2632, .T. ) ;
#2497 = DIRECTION ( 'NONE',  ( -0.000000000000000000, -1.000000000000000000, -0.000000000000000000 ) ) ;
#2498 = ORIENTED_EDGE ( 'NONE', *, *, #481, .T. ) ;
#2499 = CARTESIAN_POINT ( 'NONE',  ( 31.49999999999998579, 3.000000000000000000, -48.00000000000000711 ) ) ;
#2500 = EDGE_CURVE ( 'NONE', #3845, #3254, #4128, .T. ) ;
#2501 = CARTESIAN_POINT ( 'NONE',  ( 164.4999999999999432, 0.000000000000000000, -75.00000000000011369 ) ) ;
#2502 = EDGE_CURVE ( 'NONE', #192, #2049, #3567, .T. ) ;
#2503 = VERTEX_POINT ( 'NONE', #413 ) ;
#2504 = CIRCLE ( 'NONE', #3036, 3.000000000000002665 ) ;
#2505 = DIRECTION ( 'NONE',  ( 1.321694076934709810E-15, 0.000000000000000000, -1.000000000000000000 ) ) ;
#2506 = MECHANICAL_DESIGN_GEOMETRIC_PRESENTATION_REPRESENTATION (  '', ( #1149 ), #1420 ) ;
#2507 = CIRCLE ( 'NONE', #1494, 1.999999999999994893 ) ;
#2508 = LINE ( 'NONE', #2187, #285 ) ;
#2509 = ORIENTED_EDGE ( 'NONE', *, *, #2333, .T. ) ;
#2510 = CARTESIAN_POINT ( 'NONE',  ( 0.000000000000000000, 3.000000000000000000, 14.74999999999999822 ) ) ;
#2511 = ORIENTED_EDGE ( 'NONE', *, *, #3637, .T. ) ;
#2512 = LINE ( 'NONE', #1496, #1631 ) ;
#2513 = AXIS2_PLACEMENT_3D ( 'NONE', #1373, #1692, #678 ) ;
#2514 = ORIENTED_EDGE ( 'NONE', *, *, #2126, .T. ) ;
#2515 = DIRECTION ( 'NONE',  ( 0.000000000000000000, 0.000000000000000000, -1.000000000000000000 ) ) ;
#2516 = DIRECTION ( 'NONE',  ( 1.000000000000000000, -0.000000000000000000, 0.000000000000000000 ) ) ;
#2517 = ADVANCED_FACE ( 'NONE', ( #2250 ), #1974, .T. ) ;
#2518 = LINE ( 'NONE', #1853, #736 ) ;
#2519 = DIRECTION ( 'NONE',  ( 0.000000000000000000, 0.000000000000000000, -1.000000000000000000 ) ) ;
#2520 = ORIENTED_EDGE ( 'NONE', *, *, #1053, .T. ) ;
#2521 = LINE ( 'NONE', #1543, #759 ) ;
#2522 = EDGE_CURVE ( 'NONE', #2266, #3005, #1615, .T. ) ;
#2523 = DIRECTION ( 'NONE',  ( -1.000000000000000000, 0.000000000000000000, 0.000000000000000000 ) ) ;
#2524 = ORIENTED_EDGE ( 'NONE', *, *, #3333, .T. ) ;
#2525 = PLANE ( 'NONE',  #3940 ) ;
#2526 = CARTESIAN_POINT ( 'NONE',  ( -44.79999999999996163, 3.000000000000000000, -50.99999999999998579 ) ) ;
#2527 = ORIENTED_EDGE ( 'NONE', *, *, #675, .F. ) ;
#2528 = LINE ( 'NONE', #2207, #2085 ) ;
#2529 = LINE ( 'NONE', #922, #2227 ) ;
#2530 = DIRECTION ( 'NONE',  ( -0.000000000000000000, -1.000000000000000000, -0.000000000000000000 ) ) ;
#2531 = ORIENTED_EDGE ( 'NONE', *, *, #689, .F. ) ;
#2532 = LINE ( 'NONE', #926, #942 ) ;
#2533 = LINE ( 'NONE', #3531, #3413 ) ;
#2534 = EDGE_LOOP ( 'NONE', ( #1647, #405, #3359, #503 ) ) ;
#2535 = CARTESIAN_POINT ( 'NONE',  ( 5.947623346206188427E-15, 0.000000000000000000, 18.00000000000000000 ) ) ;
#2536 = LINE ( 'NONE', #866, #2439 ) ;
#2537 = EDGE_CURVE ( 'NONE', #1898, #3349, #2590, .T. ) ;
#2538 = ORIENTED_EDGE ( 'NONE', *, *, #2694, .T. ) ;
#2539 = DIRECTION ( 'NONE',  ( -3.304235192336770581E-16, 0.000000000000000000, 1.000000000000000000 ) ) ;
#2540 = DIRECTION ( 'NONE',  ( -0.000000000000000000, -1.000000000000000000, -0.000000000000000000 ) ) ;
#2541 = ORIENTED_EDGE ( 'NONE', *, *, #1422, .T. ) ;
#2542 = CARTESIAN_POINT ( 'NONE',  ( 55.15000000000004832, 3.000000000000000000, -26.00000000000002132 ) ) ;
#2543 = SURFACE_STYLE_USAGE ( .BOTH. , #1233 ) ;
#2544 = CARTESIAN_POINT ( 'NONE',  ( 31.49999999999998579, 3.000000000000000000, -51.00000000000001421 ) ) ;
#2545 = EDGE_CURVE ( 'NONE', #1039, #3037, #3233, .T. ) ;
#2546 = ORIENTED_EDGE ( 'NONE', *, *, #2924, .T. ) ;
#2547 = FACE_BOUND ( 'NONE', #2949, .T. ) ;
#2548 = EDGE_CURVE ( 'NONE', #3498, #1667, #3650, .T. ) ;
#2549 = VECTOR ( 'NONE', #661, 1000.000000000000000 ) ;
#2550 = LINE ( 'NONE', #2191, #474 ) ;
#2551 = EDGE_CURVE ( 'NONE', #665, #3718, #2421, .T. ) ;
#2552 = CARTESIAN_POINT ( 'NONE',  ( -1.268516541808051705E-14, 3.000000000000000000, -29.24999999999998934 ) ) ;
#2553 = VECTOR ( 'NONE', #1956, 1000.000000000000000 ) ;
#2554 = VERTEX_POINT ( 'NONE', #517 ) ;
#2555 = PLANE ( 'NONE',  #1340 ) ;
#2556 = FACE_OUTER_BOUND ( 'NONE', #1836, .T. ) ;
#2557 = VECTOR ( 'NONE', #179, 1000.000000000000000 ) ;
#2558 = ORIENTED_EDGE ( 'NONE', *, *, #2363, .F. ) ;
#2559 = LINE ( 'NONE', #1657, #205 ) ;
#2560 = FACE_BOUND ( 'NONE', #1688, .T. ) ;
#2561 = ORIENTED_EDGE ( 'NONE', *, *, #4143, .T. ) ;
#2562 = CIRCLE ( 'NONE', #401, 10.49999999999999112 ) ;
#2563 = LINE ( 'NONE', #324, #2916 ) ;
#2564 = DIRECTION ( 'NONE',  ( 0.000000000000000000, 0.000000000000000000, -1.000000000000000000 ) ) ;
#2565 = VERTEX_POINT ( 'NONE', #2398 ) ;
#2566 = CARTESIAN_POINT ( 'NONE',  ( -95.49999999999997158, 0.000000000000000000, 54.00000000000000000 ) ) ;
#2567 = CLOSED_SHELL ( 'NONE', ( #3198, #1325, #2275, #3490, #1745, #1050, #180, #741, #3534, #2184, #1873, #2443, #2243, #3023, #1717, #233, #1293, #1740, #2072, #3361, #432, #4075, #640, #2933, #22, #3583, #380, #2351, #2858, #1619, #1299, #1401, #895, #3923, #1842, #3871, #1566, #3234, #2668, #2000, #1791, #765, #1524, #1569, #3351, #1113, #3306, #3073, #3515, #611, #1023, #152, #997, #2203, #1046, #1866, #312, #132, #510, #1668, #3032, #3222, #4104, #3853, #3147, #1375, #3511, #1924, #2649, #1973, #746, #2974, #662, #2261, #3451, #3792, #1002, #3979, #1732, #1616, #1221, #2112, #1041, #2940, #1087, #2738, #1681, #728, #2517, #2597, #1922, #1434, #1457, #1942, #2897, #2875, #2102, #970, #4126, #2712, #2416, #1255, #4014, #3972, #2795, #2107, #3, #2303, #789, #935, #3485, #2282, #3048, #44, #357, #1437, #3459, #3158, #559, #3918, #911, #2316 ) ) ;
#2568 = FACE_OUTER_BOUND ( 'NONE', #282, .T. ) ;
#2569 = ORIENTED_EDGE ( 'NONE', *, *, #2548, .T. ) ;
#2570 = LINE ( 'NONE', #1007, #2411 ) ;
#2571 = EDGE_CURVE ( 'NONE', #1371, #3877, #3711, .T. ) ;
#2572 = CIRCLE ( 'NONE', #2094, 1.999999999999994893 ) ;
#2573 = CARTESIAN_POINT ( 'NONE',  ( -55.15000000000001990, 3.000000000000000000, 17.99999999999999289 ) ) ;
#2574 = FACE_OUTER_BOUND ( 'NONE', #833, .T. ) ;
#2575 = ORIENTED_EDGE ( 'NONE', *, *, #1663, .T. ) ;
#2576 = LINE ( 'NONE', #3465, #3953 ) ;
#2577 = CARTESIAN_POINT ( 'NONE',  ( 1.601283208593974469E-14, 3.000000000000000000, 74.99999999999997158 ) ) ;
#2578 = AXIS2_PLACEMENT_3D ( 'NONE', #1771, #135, #3285 ) ;
#2579 = ORIENTED_EDGE ( 'NONE', *, *, #3110, .F. ) ;
#2580 = FACE_BOUND ( 'NONE', #3247, .T. ) ;
#2581 = ORIENTED_EDGE ( 'NONE', *, *, #4070, .T. ) ;
#2582 = PLANE ( 'NONE',  #1903 ) ;
#2583 = VECTOR ( 'NONE', #4081, 1000.000000000000000 ) ;
#2584 = CYLINDRICAL_SURFACE ( 'NONE', #2486, 1.999999999999994893 ) ;
#2585 = EDGE_LOOP ( 'NONE', ( #1786, #2314, #3676, #809 ) ) ;
#2586 = LINE ( 'NONE', #3228, #2345 ) ;
#2587 = LINE ( 'NONE', #3542, #1228 ) ;
#2588 = VERTEX_POINT ( 'NONE', #1107 ) ;
#2589 = EDGE_CURVE ( 'NONE', #932, #1292, #166, .T. ) ;
#2590 = LINE ( 'NONE', #667, #2268 ) ;
#2591 = DIRECTION ( 'NONE',  ( 0.000000000000000000, 1.000000000000000000, -0.000000000000000000 ) ) ;
#2592 = CARTESIAN_POINT ( 'NONE',  ( 31.49999999999998579, 0.000000000000000000, -48.00000000000000711 ) ) ;
#2593 = EDGE_CURVE ( 'NONE', #3622, #717, #1445, .T. ) ;
#2594 = VERTEX_POINT ( 'NONE', #3026 ) ;
#2595 = PLANE ( 'NONE',  #1685 ) ;
#2596 = DIRECTION ( 'NONE',  ( -0.000000000000000000, -1.000000000000000000, -0.000000000000000000 ) ) ;
#2597 = ADVANCED_FACE ( 'NONE', ( #1084 ), #2710, .T. ) ;
#2598 = EDGE_LOOP ( 'NONE', ( #645, #2709, #1906, #3968 ) ) ;
#2599 = LINE ( 'NONE', #3579, #485 ) ;
#2600 = ORIENTED_EDGE ( 'NONE', *, *, #3187, .T. ) ;
#2601 = EDGE_CURVE ( 'NONE', #3280, #2039, #500, .T. ) ;
#2602 = ORIENTED_EDGE ( 'NONE', *, *, #710, .F. ) ;
#2603 = CARTESIAN_POINT ( 'NONE',  ( -31.49999999999998579, 3.000000000000000000, 0.000000000000000000 ) ) ;
#2604 = PLANE ( 'NONE',  #2011 ) ;
#2605 = ORIENTED_EDGE ( 'NONE', *, *, #1693, .F. ) ;
#2606 = LINE ( 'NONE', #1001, #3281 ) ;
#2607 = CARTESIAN_POINT ( 'NONE',  ( -8.591011500075604892E-15, 3.000000000000000000, -26.00000000000000000 ) ) ;
#2608 = EDGE_LOOP ( 'NONE', ( #3548, #137, #3402, #2068 ) ) ;
#2609 = CARTESIAN_POINT ( 'NONE',  ( 31.50000000000000000, 0.000000000000000000, 0.000000000000000000 ) ) ;
#2610 = EDGE_CURVE ( 'NONE', #192, #3955, #3360, .T. ) ;
#2611 = VECTOR ( 'NONE', #3298, 1000.000000000000000 ) ;
#2612 = PLANE ( 'NONE',  #3960 ) ;
#2613 = DIRECTION ( 'NONE',  ( -0.000000000000000000, -1.000000000000000000, -0.000000000000000000 ) ) ;
#2614 = ORIENTED_EDGE ( 'NONE', *, *, #1975, .F. ) ;
#2615 = AXIS2_PLACEMENT_3D ( 'NONE', #1043, #2329, #3522 ) ;
#2616 = CARTESIAN_POINT ( 'NONE',  ( 0.000000000000000000, 3.000000000000000000, -14.74999999999999822 ) ) ;
#2617 = ORIENTED_EDGE ( 'NONE', *, *, #1229, .T. ) ;
#2618 = DIRECTION ( 'NONE',  ( -1.000000000000000000, 0.000000000000000000, 3.304235192336771568E-16 ) ) ;
#2619 = ORIENTED_EDGE ( 'NONE', *, *, #354, .T. ) ;
#2620 = ORIENTED_EDGE ( 'NONE', *, *, #976, .F. ) ;
#2621 = PLANE ( 'NONE',  #2104 ) ;
#2622 = PRESENTATION_LAYER_ASSIGNMENT (  '', '', ( #2819 ) ) ;
#2623 = EDGE_CURVE ( 'NONE', #2717, #1697, #185, .T. ) ;
#2624 = CIRCLE ( 'NONE', #270, 2.999999999999988898 ) ;
#2625 = EDGE_CURVE ( 'NONE', #2784, #2088, #3669, .T. ) ;
#2626 = ORIENTED_EDGE ( 'NONE', *, *, #2881, .F. ) ;
#2627 = AXIS2_PLACEMENT_3D ( 'NONE', #2211, #3157, #1199 ) ;
#2628 = CARTESIAN_POINT ( 'NONE',  ( -164.4999999999999716, 0.000000000000000000, 74.99999999999998579 ) ) ;
#2629 = EDGE_CURVE ( 'NONE', #75, #3753, #2053, .T. ) ;
#2630 = PLANE ( 'NONE',  #682 ) ;
#2631 = EDGE_LOOP ( 'NONE', ( #2979, #366, #2075, #3076 ) ) ;
#2632 = LINE ( 'NONE', #2609, #1666 ) ;
#2633 = CARTESIAN_POINT ( 'NONE',  ( -6.782377500059701816E-15, 3.000000000000000000, 26.00000000000000355 ) ) ;
#2634 = LINE ( 'NONE', #1742, #1694 ) ;
#2635 = FACE_OUTER_BOUND ( 'NONE', #3581, .T. ) ;
#2636 = ORIENTED_EDGE ( 'NONE', *, *, #1655, .F. ) ;
#2637 = CARTESIAN_POINT ( 'NONE',  ( -44.79999999999997584, 0.000000000000000000, -48.00000000000000000 ) ) ;
#2638 = VECTOR ( 'NONE', #2903, 1000.000000000000000 ) ;
#2639 = ORIENTED_EDGE ( 'NONE', *, *, #806, .T. ) ;
#2640 = FACE_BOUND ( 'NONE', #3446, .T. ) ;
#2641 = AXIS2_PLACEMENT_3D ( 'NONE', #783, #3271, #3663 ) ;
#2642 = ORIENTED_EDGE ( 'NONE', *, *, #2175, .F. ) ;
#2643 = ORIENTED_EDGE ( 'NONE', *, *, #3455, .T. ) ;
#2644 = EDGE_CURVE ( 'NONE', #1556, #3053, #751, .T. ) ;
#2645 = DIRECTION ( 'NONE',  ( -0.000000000000000000, -1.000000000000000000, -0.000000000000000000 ) ) ;
#2646 = VECTOR ( 'NONE', #1033, 1000.000000000000000 ) ;
#2647 = DIRECTION ( 'NONE',  ( -0.000000000000000000, -1.000000000000000000, 0.000000000000000000 ) ) ;
#2648 = EDGE_LOOP ( 'NONE', ( #1813, #3415, #2397, #2452 ) ) ;
#2649 = ADVANCED_FACE ( 'NONE', ( #3068 ), #1126, .T. ) ;
#2650 = DIRECTION ( 'NONE',  ( 1.000000000000000000, 0.000000000000000000, 0.000000000000000000 ) ) ;
#2651 = VERTEX_POINT ( 'NONE', #434 ) ;
#2652 = CARTESIAN_POINT ( 'NONE',  ( 0.000000000000000000, 3.000000000000000000, -17.99999999999999289 ) ) ;
#2653 = CARTESIAN_POINT ( 'NONE',  ( 100.0000000000000000, 3.000000000000000000, -5.551115123125782702E-14 ) ) ;
#2654 = CARTESIAN_POINT ( 'NONE',  ( -164.4999999999999716, 0.000000000000000000, 75.00000000000000000 ) ) ;
#2655 = CARTESIAN_POINT ( 'NONE',  ( 63.14999999999997016, 3.000000000000000000, -26.00000000000002132 ) ) ;
#2656 = ORIENTED_EDGE ( 'NONE', *, *, #3526, .F. ) ;
#2657 = DIRECTION ( 'NONE',  ( -0.000000000000000000, -1.000000000000000000, -0.000000000000000000 ) ) ;
#2658 = VERTEX_POINT ( 'NONE', #2687 ) ;
#2659 = DIRECTION ( 'NONE',  ( 0.000000000000000000, 0.000000000000000000, 1.000000000000000000 ) ) ;
#2660 = VERTEX_POINT ( 'NONE', #2074 ) ;
#2661 = ORIENTED_EDGE ( 'NONE', *, *, #1927, .T. ) ;
#2662 = PLANE ( 'NONE',  #962 ) ;
#2663 = EDGE_CURVE ( 'NONE', #3280, #1284, #1721, .T. ) ;
#2664 = ORIENTED_EDGE ( 'NONE', *, *, #2238, .T. ) ;
#2665 = CARTESIAN_POINT ( 'NONE',  ( -100.0000000000000000, 3.000000000000000000, 0.000000000000000000 ) ) ;
#2666 = VERTEX_POINT ( 'NONE', #1147 ) ;
#2667 = DIRECTION ( 'NONE',  ( -0.000000000000000000, -1.000000000000000000, -0.000000000000000000 ) ) ;
#2668 = ADVANCED_FACE ( 'NONE', ( #2441 ), #3959, .F. ) ;
#2669 = DIRECTION ( 'NONE',  ( 0.000000000000000000, 0.000000000000000000, -1.000000000000000000 ) ) ;
#2670 = LINE ( 'NONE', #2037, #3231 ) ;
#2671 = CARTESIAN_POINT ( 'NONE',  ( 55.15000000000004832, 3.000000000000000000, 0.000000000000000000 ) ) ;
#2672 = EDGE_LOOP ( 'NONE', ( #1111, #994, #3014, #618 ) ) ;
#2673 = LINE ( 'NONE', #3945, #1208 ) ;
#2674 = VECTOR ( 'NONE', #20, 1000.000000000000000 ) ;
#2675 = EDGE_CURVE ( 'NONE', #360, #3726, #2118, .T. ) ;
#2676 = VERTEX_POINT ( 'NONE', #3338 ) ;
#2677 = DIRECTION ( 'NONE',  ( -1.000000000000000000, 0.000000000000000000, 9.637352644315595243E-17 ) ) ;
#2678 = ORIENTED_EDGE ( 'NONE', *, *, #918, .T. ) ;
#2679 = ORIENTED_EDGE ( 'NONE', *, *, #4107, .T. ) ;
#2680 = DIRECTION ( 'NONE',  ( 0.000000000000000000, 0.000000000000000000, -1.000000000000000000 ) ) ;
#2681 = EDGE_LOOP ( 'NONE', ( #1036, #2957, #2127, #1793, #114, #2739, #2825, #2246, #2350, #2721, #3452, #1417 ) ) ;
#2682 = DIRECTION ( 'NONE',  ( 0.000000000000000000, 0.000000000000000000, 1.000000000000000000 ) ) ;
#2683 = ORIENTED_EDGE ( 'NONE', *, *, #1175, .F. ) ;
#2684 = CARTESIAN_POINT ( 'NONE',  ( -8.591011500075604892E-15, 3.000000000000000000, -26.00000000000000000 ) ) ;
#2685 = AXIS2_PLACEMENT_3D ( 'NONE', #3062, #2703, #198 ) ;
#2686 = ORIENTED_EDGE ( 'NONE', *, *, #598, .T. ) ;
#2687 = CARTESIAN_POINT ( 'NONE',  ( 3.136893421757446328E-14, 3.000000000000000000, 62.49999999999991473 ) ) ;
#2688 = VECTOR ( 'NONE', #1470, 1000.000000000000000 ) ;
#2689 = LINE ( 'NONE', #2633, #3687 ) ;
#2690 = DIRECTION ( 'NONE',  ( 0.000000000000000000, 0.000000000000000000, -1.000000000000000000 ) ) ;
#2691 = CARTESIAN_POINT ( 'NONE',  ( -44.79999999999997584, 3.000000000000000000, 0.000000000000000000 ) ) ;
#2692 = EDGE_LOOP ( 'NONE', ( #516, #670, #3868, #1017 ) ) ;
#2693 = CARTESIAN_POINT ( 'NONE',  ( -44.79999999999997584, 3.000000000000000000, 29.00000000000000000 ) ) ;
#2694 = EDGE_CURVE ( 'NONE', #2271, #3011, #3396, .T. ) ;
#2695 = VERTEX_POINT ( 'NONE', #208 ) ;
#2696 = FACE_OUTER_BOUND ( 'NONE', #3565, .T. ) ;
#2697 = ORIENTED_EDGE ( 'NONE', *, *, #3998, .T. ) ;
#2698 = VECTOR ( 'NONE', #1447, 1000.000000000000000 ) ;
#2699 = ORIENTED_EDGE ( 'NONE', *, *, #2121, .F. ) ;
#2700 = CARTESIAN_POINT ( 'NONE',  ( 63.14999999999997016, 3.000000000000000000, -14.74999999999998224 ) ) ;
#2701 = COLOUR_RGB ( '',0.1215686274509803905, 0.2509803921568627416, 1.000000000000000000 ) ;
#2702 = VECTOR ( 'NONE', #1203, 1000.000000000000000 ) ;
#2703 = DIRECTION ( 'NONE',  ( -0.000000000000000000, -1.000000000000000000, 0.000000000000000000 ) ) ;
#2704 = LINE ( 'NONE', #845, #2702 ) ;
#2705 = ORIENTED_EDGE ( 'NONE', *, *, #1142, .T. ) ;
#2706 = VECTOR ( 'NONE', #1473, 1000.000000000000000 ) ;
#2707 = LINE ( 'NONE', #3121, #3347 ) ;
#2708 = AXIS2_PLACEMENT_3D ( 'NONE', #2389, #2785, #3722 ) ;
#2709 = ORIENTED_EDGE ( 'NONE', *, *, #523, .F. ) ;
#2710 = PLANE ( 'NONE',  #1062 ) ;
#2711 = CARTESIAN_POINT ( 'NONE',  ( 63.14999999999997016, 0.000000000000000000, -17.99999999999997868 ) ) ;
#2712 = ADVANCED_FACE ( 'NONE', ( #3729 ), #1486, .F. ) ;
#2713 = FACE_OUTER_BOUND ( 'NONE', #2585, .T. ) ;
#2714 = CARTESIAN_POINT ( 'NONE',  ( -55.15000000000001990, 3.000000000000000000, 0.000000000000000000 ) ) ;
#2715 = ORIENTED_EDGE ( 'NONE', *, *, #2790, .F. ) ;
#2716 = DIRECTION ( 'NONE',  ( 1.000000000000000000, -0.000000000000000000, 0.000000000000000000 ) ) ;
#2717 = VERTEX_POINT ( 'NONE', #1571 ) ;
#2718 = EDGE_CURVE ( 'NONE', #2594, #2760, #599, .T. ) ;
#2719 =( BOUNDED_SURFACE ( )  B_SPLINE_SURFACE ( 3, 1, ( 
 ( #4149, #311 ),
 ( #348, #3836 ),
 ( #2964, #2628 ),
 ( #1926, #3206 ) ),
 .UNSPECIFIED., .F., .F., .T. ) 
 B_SPLINE_SURFACE_WITH_KNOTS ( ( 4, 4 ),
 ( 2, 2 ),
 ( 0.000000000000000000, 1.000000000000000000 ),
 ( 0.000000000000000000, 1.000000000000000000 ),
 .UNSPECIFIED. ) 
 GEOMETRIC_REPRESENTATION_ITEM ( )  RATIONAL_B_SPLINE_SURFACE ( (
 ( 1.000000000000000000, 1.000000000000000000),
 ( 0.3333333333333337034, 0.3333333333333337034),
 ( 0.3333333333333337034, 0.3333333333333337034),
 ( 1.000000000000000000, 1.000000000000000000) ) ) 
 REPRESENTATION_ITEM ( '' )  SURFACE ( )  );
#2720 = PLANE ( 'NONE',  #2843 ) ;
#2721 = ORIENTED_EDGE ( 'NONE', *, *, #2465, .F. ) ;
#2722 = VERTEX_POINT ( 'NONE', #2815 ) ;
#2723 = DIRECTION ( 'NONE',  ( 1.000000000000000000, -0.000000000000000000, 0.000000000000000000 ) ) ;
#2724 = EDGE_CURVE ( 'NONE', #2793, #1310, #3437, .T. ) ;
#2725 = LINE ( 'NONE', #2369, #2349 ) ;
#2726 = EDGE_CURVE ( 'NONE', #2554, #1678, #2882, .T. ) ;
#2727 = LINE ( 'NONE', #1990, #2908 ) ;
#2728 = EDGE_LOOP ( 'NONE', ( #4130, #763, #48, #3180 ) ) ;
#2729 = CARTESIAN_POINT ( 'NONE',  ( 63.14999999999997016, 0.000000000000000000, 0.000000000000000000 ) ) ;
#2730 = CARTESIAN_POINT ( 'NONE',  ( 31.50000000000000000, 0.000000000000000000, 26.00000000000001066 ) ) ;
#2731 = ORIENTED_EDGE ( 'NONE', *, *, #2862, .F. ) ;
#2732 = DIRECTION ( 'NONE',  ( -0.000000000000000000, -1.000000000000000000, -0.000000000000000000 ) ) ;
#2733 = DIRECTION ( 'NONE',  ( 0.000000000000000000, 0.000000000000000000, 1.000000000000000000 ) ) ;
#2734 = DIRECTION ( 'NONE',  ( 0.000000000000000000, 0.000000000000000000, -1.000000000000000000 ) ) ;
#2735 = CARTESIAN_POINT ( 'NONE',  ( 95.50000000000000000, 3.000000000000000000, 74.99999999999995737 ) ) ;
#2736 = ORIENTED_EDGE ( 'NONE', *, *, #1602, .F. ) ;
#2737 = FACE_OUTER_BOUND ( 'NONE', #2297, .T. ) ;
#2738 = ADVANCED_FACE ( 'NONE', ( #2460 ), #3088, .F. ) ;
#2739 = ORIENTED_EDGE ( 'NONE', *, *, #1440, .T. ) ;
#2740 = CARTESIAN_POINT ( 'NONE',  ( -44.79999999999997584, 3.000000000000000000, -48.00000000000000000 ) ) ;
#2741 = VERTEX_POINT ( 'NONE', #898 ) ;
#2742 = EDGE_LOOP ( 'NONE', ( #2019, #3410, #1421, #1385 ) ) ;
#2743 = CARTESIAN_POINT ( 'NONE',  ( -17.49999999999998934, 3.000000000000000000, 74.99999999999997158 ) ) ;
#2744 = VECTOR ( 'NONE', #145, 1000.000000000000000 ) ;
#2745 = CARTESIAN_POINT ( 'NONE',  ( 17.50000000000000711, 3.000000000000000000, 53.99999999999999289 ) ) ;
#2746 = DIRECTION ( 'NONE',  ( -0.000000000000000000, -1.000000000000000000, 0.000000000000000000 ) ) ;
#2747 = EDGE_LOOP ( 'NONE', ( #553, #3071, #919, #430 ) ) ;
#2748 = LINE ( 'NONE', #1521, #3745 ) ;
#2749 = VECTOR ( 'NONE', #2161, 1000.000000000000000 ) ;
#2750 = EDGE_CURVE ( 'NONE', #336, #441, #3416, .T. ) ;
#2751 = EDGE_CURVE ( 'NONE', #867, #425, #1819, .T. ) ;
#2752 = VECTOR ( 'NONE', #515, 1000.000000000000000 ) ;
#2753 = ORIENTED_EDGE ( 'NONE', *, *, #2985, .F. ) ;
#2754 = DIRECTION ( 'NONE',  ( 1.000000000000000000, 0.000000000000000000, -9.637352644315594010E-17 ) ) ;
#2755 = EDGE_CURVE ( 'NONE', #3791, #2325, #4045, .T. ) ;
#2756 = AXIS2_PLACEMENT_3D ( 'NONE', #723, #1632, #1650 ) ;
#2757 = DIRECTION ( 'NONE',  ( 0.000000000000000000, 0.000000000000000000, 1.000000000000000000 ) ) ;
#2758 = DIRECTION ( 'NONE',  ( -0.000000000000000000, -1.000000000000000000, -0.000000000000000000 ) ) ;
#2759 = CIRCLE ( 'NONE', #2488, 3.000000000000002665 ) ;
#2760 = VERTEX_POINT ( 'NONE', #580 ) ;
#2761 = DIRECTION ( 'NONE',  ( -1.000000000000000000, 0.000000000000000000, -5.217213461584385709E-16 ) ) ;
#2762 = VECTOR ( 'NONE', #257, 1000.000000000000000 ) ;
#2763 = ORIENTED_EDGE ( 'NONE', *, *, #168, .F. ) ;
#2764 = DIRECTION ( 'NONE',  ( -0.000000000000000000, -1.000000000000000000, -0.000000000000000000 ) ) ;
#2765 = ORIENTED_EDGE ( 'NONE', *, *, #3714, .F. ) ;
#2766 = DIRECTION ( 'NONE',  ( 0.000000000000000000, 0.000000000000000000, 1.000000000000000000 ) ) ;
#2767 = AXIS2_PLACEMENT_3D ( 'NONE', #1931, #1553, #986 ) ;
#2768 = CARTESIAN_POINT ( 'NONE',  ( 17.49999999999997513, 3.000000000000000000, -54.00000000000002132 ) ) ;
#2769 = CARTESIAN_POINT ( 'NONE',  ( 0.000000000000000000, 0.000000000000000000, 25.99999999999999289 ) ) ;
#2770 = ORIENTED_EDGE ( 'NONE', *, *, #3208, .F. ) ;
#2771 = CARTESIAN_POINT ( 'NONE',  ( -99.49999999999997158, 0.000000000000000000, 48.99999999999999289 ) ) ;
#2772 = EDGE_CURVE ( 'NONE', #1310, #1177, #2861, .T. ) ;
#2773 = VECTOR ( 'NONE', #2618, 1000.000000000000000 ) ;
#2774 = VERTEX_POINT ( 'NONE', #849 ) ;
#2775 = DIRECTION ( 'NONE',  ( 1.000000000000000000, -0.000000000000000000, 0.000000000000000000 ) ) ;
#2776 = AXIS2_PLACEMENT_3D ( 'NONE', #4053, #1156, #841 ) ;
#2777 = DIRECTION ( 'NONE',  ( 0.000000000000000000, 0.000000000000000000, 1.000000000000000000 ) ) ;
#2778 = CARTESIAN_POINT ( 'NONE',  ( 44.79999999999997584, 3.000000000000000000, 48.00000000000001421 ) ) ;
#2779 = VECTOR ( 'NONE', #76, 1000.000000000000000 ) ;
#2780 = ORIENTED_EDGE ( 'NONE', *, *, #2601, .F. ) ;
#2781 = CARTESIAN_POINT ( 'NONE',  ( 69.65000000000001990, 3.000000000000000000, 0.000000000000000000 ) ) ;
#2782 = EDGE_LOOP ( 'NONE', ( #3311, #3559, #536, #757 ) ) ;
#2783 = DIRECTION ( 'NONE',  ( -1.000000000000000000, 0.000000000000000000, 4.818676322157795403E-16 ) ) ;
#2784 = VERTEX_POINT ( 'NONE', #3476 ) ;
#2785 = DIRECTION ( 'NONE',  ( -2.608606730792192854E-16, 0.000000000000000000, 1.000000000000000000 ) ) ;
#2786 = LINE ( 'NONE', #3724, #70 ) ;
#2787 = LINE ( 'NONE', #4058, #1892 ) ;
#2788 = VERTEX_POINT ( 'NONE', #230 ) ;
#2789 = DIRECTION ( 'NONE',  ( -0.000000000000000000, -1.000000000000000000, 0.000000000000000000 ) ) ;
#2790 = EDGE_CURVE ( 'NONE', #1772, #2938, #4131, .T. ) ;
#2791 = DIRECTION ( 'NONE',  ( 0.000000000000000000, 0.000000000000000000, 1.000000000000000000 ) ) ;
#2792 = EDGE_LOOP ( 'NONE', ( #158, #3627 ) ) ;
#2793 = VERTEX_POINT ( 'NONE', #2135 ) ;
#2794 = CARTESIAN_POINT ( 'NONE',  ( 31.50000000000000000, 3.000000000000000000, 0.000000000000000000 ) ) ;
#2795 = ADVANCED_FACE ( 'NONE', ( #1841 ), #2525, .F. ) ;
#2796 = LINE ( 'NONE', #3692, #1810 ) ;
#2797 = CARTESIAN_POINT ( 'NONE',  ( -55.15000000000001990, 3.000000000000000000, 0.000000000000000000 ) ) ;
#2798 = ORIENTED_EDGE ( 'NONE', *, *, #3719, .T. ) ;
#2799 = DIRECTION ( 'NONE',  ( 0.000000000000000000, 0.000000000000000000, 1.000000000000000000 ) ) ;
#2800 = EDGE_CURVE ( 'NONE', #3436, #1840, #1882, .T. ) ;
#2801 = ORIENTED_EDGE ( 'NONE', *, *, #1173, .F. ) ;
#2802 = EDGE_CURVE ( 'NONE', #433, #150, #292, .T. ) ;
#2803 = DIRECTION ( 'NONE',  ( -0.000000000000000000, -1.000000000000000000, -0.000000000000000000 ) ) ;
#2804 = EDGE_LOOP ( 'NONE', ( #1701, #1506, #3195, #2679 ) ) ;
#2805 = CARTESIAN_POINT ( 'NONE',  ( -8.591011500075604892E-15, 0.000000000000000000, -26.00000000000000000 ) ) ;
#2806 = LINE ( 'NONE', #1377, #793 ) ;
#2807 = EDGE_CURVE ( 'NONE', #3516, #2326, #2071, .T. ) ;
#2808 = DIRECTION ( 'NONE',  ( 0.000000000000000000, 0.000000000000000000, 1.000000000000000000 ) ) ;
#2809 = CYLINDRICAL_SURFACE ( 'NONE', #288, 1.999999999999994893 ) ;
#2810 = ORIENTED_EDGE ( 'NONE', *, *, #2522, .T. ) ;
#2811 = CARTESIAN_POINT ( 'NONE',  ( 55.15000000000004832, 3.000000000000000000, 0.000000000000000000 ) ) ;
#2812 = CARTESIAN_POINT ( 'NONE',  ( 99.50000000000002842, 3.000000000000000000, 50.99999999999991473 ) ) ;
#2813 = ORIENTED_EDGE ( 'NONE', *, *, #473, .T. ) ;
#2814 = VECTOR ( 'NONE', #16, 1000.000000000000000 ) ;
#2815 = CARTESIAN_POINT ( 'NONE',  ( -63.15000000000001279, 0.000000000000000000, -25.99999999999999289 ) ) ;
#2816 = CARTESIAN_POINT ( 'NONE',  ( -63.14999999999994174, 3.000000000000000000, 0.000000000000000000 ) ) ;
#2817 = ORIENTED_EDGE ( 'NONE', *, *, #1998, .T. ) ;
#2818 = EDGE_CURVE ( 'NONE', #2856, #1746, #2224, .T. ) ;
#2819 = STYLED_ITEM ( 'NONE', ( #1374 ), #3575 ) ;
#2820 = DIRECTION ( 'NONE',  ( 0.000000000000000000, 1.000000000000000000, -0.000000000000000000 ) ) ;
#2821 = VECTOR ( 'NONE', #303, 1000.000000000000000 ) ;
#2822 = VERTEX_POINT ( 'NONE', #248 ) ;
#2823 = DIRECTION ( 'NONE',  ( 0.000000000000000000, 0.000000000000000000, -1.000000000000000000 ) ) ;
#2824 = EDGE_CURVE ( 'NONE', #3555, #4050, #3775, .T. ) ;
#2825 = ORIENTED_EDGE ( 'NONE', *, *, #2126, .F. ) ;
#2826 = LINE ( 'NONE', #1219, #3688 ) ;
#2827 = LINE ( 'NONE', #590, #1934 ) ;
#2828 = EDGE_CURVE ( 'NONE', #4001, #3065, #2586, .T. ) ;
#2829 = VECTOR ( 'NONE', #4068, 1000.000000000000000 ) ;
#2830 = CARTESIAN_POINT ( 'NONE',  ( 0.000000000000000000, 0.000000000000000000, -25.99999999999999289 ) ) ;
#2831 = DIRECTION ( 'NONE',  ( -9.637352644315594010E-17, 0.000000000000000000, -1.000000000000000000 ) ) ;
#2832 = EDGE_LOOP ( 'NONE', ( #3950, #3599, #2108, #1328 ) ) ;
#2833 = DIRECTION ( 'NONE',  ( 0.000000000000000000, 0.000000000000000000, -1.000000000000000000 ) ) ;
#2834 = LINE ( 'NONE', #2477, #3480 ) ;
#2835 = ORIENTED_EDGE ( 'NONE', *, *, #3007, .T. ) ;
#2836 = AXIS2_PLACEMENT_3D ( 'NONE', #1257, #1575, #2231 ) ;
#2837 = CARTESIAN_POINT ( 'NONE',  ( -55.15000000000001990, 3.000000000000000000, 0.000000000000000000 ) ) ;
#2838 = PRODUCT ( 'Car chassis', 'Car chassis', '', ( #1883 ) ) ;
#2839 = CIRCLE ( 'NONE', #3702, 10.49999999999999112 ) ;
#2840 = DIRECTION ( 'NONE',  ( 0.000000000000000000, 0.000000000000000000, 1.000000000000000000 ) ) ;
#2841 = VERTEX_POINT ( 'NONE', #2566 ) ;
#2842 = DIRECTION ( 'NONE',  ( 0.000000000000000000, 1.000000000000000000, -0.000000000000000000 ) ) ;
#2843 = AXIS2_PLACEMENT_3D ( 'NONE', #3990, #3056, #1689 ) ;
#2844 = EDGE_CURVE ( 'NONE', #2695, #1097, #1272, .T. ) ;
#2845 = LINE ( 'NONE', #2, #1148 ) ;
#2846 = DIRECTION ( 'NONE',  ( -9.637352644315595243E-17, 0.000000000000000000, -1.000000000000000000 ) ) ;
#2847 = AXIS2_PLACEMENT_3D ( 'NONE', #2181, #3808, #956 ) ;
#2848 = VECTOR ( 'NONE', #502, 1000.000000000000000 ) ;
#2849 = EDGE_LOOP ( 'NONE', ( #1983, #4018, #2279, #1651 ) ) ;
#2850 = DIRECTION ( 'NONE',  ( 1.000000000000000000, 0.000000000000000000, 0.000000000000000000 ) ) ;
#2851 = FACE_OUTER_BOUND ( 'NONE', #3909, .T. ) ;
#2852 =( BOUNDED_CURVE ( )  B_SPLINE_CURVE ( 3, ( #455, #1088, #2654, #3278 ),
 .UNSPECIFIED., .F., .T. ) 
 B_SPLINE_CURVE_WITH_KNOTS ( ( 4, 4 ),
 ( 3.141592653589794004, 6.283185307179586232 ),
 .UNSPECIFIED. ) 
 CURVE ( )  GEOMETRIC_REPRESENTATION_ITEM ( )  RATIONAL_B_SPLINE_CURVE ( ( 1.000000000000000000, 0.3333333333333337034, 0.3333333333333337034, 1.000000000000000000 ) ) 
 REPRESENTATION_ITEM ( '' )  );
#2853 = ORIENTED_EDGE ( 'NONE', *, *, #2041, .F. ) ;
#2854 = CARTESIAN_POINT ( 'NONE',  ( 5.947623346206188427E-15, 3.000000000000000000, 18.00000000000000000 ) ) ;
#2855 = CARTESIAN_POINT ( 'NONE',  ( 20.50000000000001066, 3.000000000000000000, 50.99999999999999289 ) ) ;
#2856 = VERTEX_POINT ( 'NONE', #1948 ) ;
#2857 = CARTESIAN_POINT ( 'NONE',  ( -2.504262461560504825E-14, 3.000000000000000000, -47.99999999999999289 ) ) ;
#2858 = ADVANCED_FACE ( 'NONE', ( #1609 ), #3856, .T. ) ;
#2859 = CARTESIAN_POINT ( 'NONE',  ( -8.591011500075604892E-15, 3.000000000000000000, 26.00000000000000000 ) ) ;
#2860 = ORIENTED_EDGE ( 'NONE', *, *, #78, .F. ) ;
#2861 = LINE ( 'NONE', #1232, #1129 ) ;
#2862 = EDGE_CURVE ( 'NONE', #1797, #2822, #3189, .T. ) ;
#2863 = LINE ( 'NONE', #3458, #2638 ) ;
#2864 = EDGE_LOOP ( 'NONE', ( #498, #2304 ) ) ;
#2865 = CARTESIAN_POINT ( 'NONE',  ( 55.15000000000004832, 3.000000000000000000, 0.000000000000000000 ) ) ;
#2866 = CARTESIAN_POINT ( 'NONE',  ( -48.64999999999996305, 3.000000000000000000, -25.99999999999999289 ) ) ;
#2867 = CARTESIAN_POINT ( 'NONE',  ( 63.14999999999997016, 3.000000000000000000, -29.25000000000001421 ) ) ;
#2868 = ORIENTED_EDGE ( 'NONE', *, *, #1362, .F. ) ;
#2869 = DIRECTION ( 'NONE',  ( -0.000000000000000000, -1.000000000000000000, -0.000000000000000000 ) ) ;
#2870 = CYLINDRICAL_SURFACE ( 'NONE', #265, 10.49999999999999112 ) ;
#2871 = ORIENTED_EDGE ( 'NONE', *, *, #786, .F. ) ;
#2872 = LINE ( 'NONE', #615, #1205 ) ;
#2873 = LINE ( 'NONE', #304, #2773 ) ;
#2874 = ORIENTED_EDGE ( 'NONE', *, *, #3287, .T. ) ;
#2875 = ADVANCED_FACE ( 'NONE', ( #981 ), #683, .F. ) ;
#2876 = CARTESIAN_POINT ( 'NONE',  ( -6.782377500059701816E-15, 0.000000000000000000, 26.00000000000000355 ) ) ;
#2877 = FACE_OUTER_BOUND ( 'NONE', #3369, .T. ) ;
#2878 = ORIENTED_EDGE ( 'NONE', *, *, #2007, .T. ) ;
#2879 = EDGE_CURVE ( 'NONE', #4118, #1094, #1907, .T. ) ;
#2880 = CARTESIAN_POINT ( 'NONE',  ( -92.50000000000000000, 0.000000000000000000, -50.99999999999998579 ) ) ;
#2881 = EDGE_CURVE ( 'NONE', #439, #3622, #4011, .T. ) ;
#2882 = CIRCLE ( 'NONE', #3874, 1.999999999999994893 ) ;
#2883 = CARTESIAN_POINT ( 'NONE',  ( 31.49999999999998579, 0.000000000000000000, 0.000000000000000000 ) ) ;
#2884 = ORIENTED_EDGE ( 'NONE', *, *, #2502, .F. ) ;
#2885 = FACE_BOUND ( 'NONE', #1091, .T. ) ;
#2886 = VECTOR ( 'NONE', #3179, 1000.000000000000000 ) ;
#2887 = DIRECTION ( 'NONE',  ( 0.000000000000000000, 0.000000000000000000, 1.000000000000000000 ) ) ;
#2888 = LINE ( 'NONE', #316, #1222 ) ;
#2889 = AXIS2_PLACEMENT_3D ( 'NONE', #1794, #3727, #4000 ) ;
#2890 = EDGE_LOOP ( 'NONE', ( #56, #1859, #769, #3886 ) ) ;
#2891 = DIRECTION ( 'NONE',  ( 0.000000000000000000, 0.000000000000000000, -1.000000000000000000 ) ) ;
#2892 = LINE ( 'NONE', #1262, #3085 ) ;
#2893 = EDGE_LOOP ( 'NONE', ( #3839, #3097, #3647, #609 ) ) ;
#2894 = DIRECTION ( 'NONE',  ( -1.000000000000000000, 0.000000000000000000, 4.336808689942059151E-16 ) ) ;
#2895 = ORIENTED_EDGE ( 'NONE', *, *, #2772, .F. ) ;
#2896 = DIRECTION ( 'NONE',  ( 0.000000000000000000, 0.000000000000000000, 1.000000000000000000 ) ) ;
#2897 = ADVANCED_FACE ( 'NONE', ( #3917 ), #2719, .F. ) ;
#2898 = LINE ( 'NONE', #35, #937 ) ;
#2899 = EDGE_LOOP ( 'NONE', ( #3240, #3927, #1005, #226, #3849, #1314, #462, #3603, #1171, #1752, #3949, #774, #848, #505, #3982, #2813, #2664, #3721, #3460, #929, #4039, #2524, #2478, #2935, #2073, #2044, #2569, #369, #4124, #1429, #3303, #3660, #2256, #1877, #1716, #649, #983, #3633, #390, #1642 ) ) ;
#2900 = CARTESIAN_POINT ( 'NONE',  ( -99.50000000000000000, 3.000000000000000000, -51.00000000000000711 ) ) ;
#2901 = EDGE_CURVE ( 'NONE', #1094, #1231, #2606, .T. ) ;
#2902 = FILL_AREA_STYLE ('',( #2204 ) ) ;
#2903 = DIRECTION ( 'NONE',  ( 1.000000000000000000, -0.000000000000000000, 0.000000000000000000 ) ) ;
#2904 = EDGE_LOOP ( 'NONE', ( #1645, #4152, #3873, #1691 ) ) ;
#2905 = EDGE_CURVE ( 'NONE', #3620, #2326, #3561, .T. ) ;
#2906 = VECTOR ( 'NONE', #147, 1000.000000000000000 ) ;
#2907 = CARTESIAN_POINT ( 'NONE',  ( 0.000000000000000000, 0.000000000000000000, 29.00000000000000000 ) ) ;
#2908 = VECTOR ( 'NONE', #181, 1000.000000000000000 ) ;
#2909 = EDGE_CURVE ( 'NONE', #932, #1746, #961, .T. ) ;
#2910 = FACE_OUTER_BOUND ( 'NONE', #2122, .T. ) ;
#2911 = DIRECTION ( 'NONE',  ( 0.000000000000000000, 0.000000000000000000, 1.000000000000000000 ) ) ;
#2912 = AXIS2_PLACEMENT_3D ( 'NONE', #859, #3424, #2823 ) ;
#2913 = ORIENTED_EDGE ( 'NONE', *, *, #3182, .F. ) ;
#2914 = DIRECTION ( 'NONE',  ( 1.000000000000000000, -0.000000000000000000, 0.000000000000000000 ) ) ;
#2915 = CARTESIAN_POINT ( 'NONE',  ( 0.000000000000000000, 3.000000000000000000, 25.99999999999999289 ) ) ;
#2916 = VECTOR ( 'NONE', #2833, 1000.000000000000000 ) ;
#2917 = ORIENTED_EDGE ( 'NONE', *, *, #1422, .F. ) ;
#2918 = LINE ( 'NONE', #1016, #17 ) ;
#2919 = ORIENTED_EDGE ( 'NONE', *, *, #4107, .F. ) ;
#2920 = ORIENTED_EDGE ( 'NONE', *, *, #3939, .F. ) ;
#2921 = LINE ( 'NONE', #54, #3438 ) ;
#2922 = LINE ( 'NONE', #1986, #3219 ) ;
#2923 = VERTEX_POINT ( 'NONE', #2880 ) ;
#2924 = EDGE_CURVE ( 'NONE', #1881, #3042, #1588, .T. ) ;
#2925 = DIRECTION ( 'NONE',  ( -0.000000000000000000, -1.000000000000000000, -0.000000000000000000 ) ) ;
#2926 = PLANE ( 'NONE',  #1555 ) ;
#2927 = EDGE_LOOP ( 'NONE', ( #3556, #2382, #3833, #1198 ) ) ;
#2928 = CARTESIAN_POINT ( 'NONE',  ( -48.64999999999996305, 3.000000000000000000, 25.99999999999999289 ) ) ;
#2929 = CARTESIAN_POINT ( 'NONE',  ( -63.14999999999994174, 3.000000000000000000, 17.99999999999999289 ) ) ;
#2930 = CARTESIAN_POINT ( 'NONE',  ( -55.15000000000001990, 3.000000000000000000, 25.99999999999999289 ) ) ;
#2931 = ORIENTED_EDGE ( 'NONE', *, *, #4063, .F. ) ;
#2932 = FACE_OUTER_BOUND ( 'NONE', #2608, .T. ) ;
#2933 = ADVANCED_FACE ( 'NONE', ( #2942 ), #1334, .T. ) ;
#2934 = CARTESIAN_POINT ( 'NONE',  ( -69.64999999999999147, 3.000000000000000000, 25.99999999999999289 ) ) ;
#2935 = ORIENTED_EDGE ( 'NONE', *, *, #1214, .F. ) ;
#2936 = DIRECTION ( 'NONE',  ( -1.000000000000000000, 0.000000000000000000, 3.304235192336771568E-16 ) ) ;
#2937 = VERTEX_POINT ( 'NONE', #1025 ) ;
#2938 = VERTEX_POINT ( 'NONE', #2311 ) ;
#2939 = CARTESIAN_POINT ( 'NONE',  ( -20.49999999999998934, 0.000000000000000000, -50.99999999999999289 ) ) ;
#2940 = ADVANCED_FACE ( 'NONE', ( #705 ), #643, .T. ) ;
#2941 = ORIENTED_EDGE ( 'NONE', *, *, #2909, .T. ) ;
#2942 = FACE_OUTER_BOUND ( 'NONE', #1472, .T. ) ;
#2943 = DIRECTION ( 'NONE',  ( 0.000000000000000000, 0.000000000000000000, 1.000000000000000000 ) ) ;
#2944 = ORIENTED_EDGE ( 'NONE', *, *, #1947, .T. ) ;
#2945 = DIRECTION ( 'NONE',  ( 0.000000000000000000, 0.000000000000000000, 1.000000000000000000 ) ) ;
#2946 = DIRECTION ( 'NONE',  ( 0.000000000000000000, 1.000000000000000000, -0.000000000000000000 ) ) ;
#2947 = DIRECTION ( 'NONE',  ( 0.000000000000000000, 0.000000000000000000, -1.000000000000000000 ) ) ;
#2948 = CARTESIAN_POINT ( 'NONE',  ( -8.591011500075604892E-15, 0.000000000000000000, 26.00000000000000000 ) ) ;
#2949 = EDGE_LOOP ( 'NONE', ( #4133, #3332 ) ) ;
#2950 = CIRCLE ( 'NONE', #1063, 3.000000000000002665 ) ;
#2951 = DIRECTION ( 'NONE',  ( -0.000000000000000000, -1.000000000000000000, -0.000000000000000000 ) ) ;
#2952 = VECTOR ( 'NONE', #832, 1000.000000000000000 ) ;
#2953 = ORIENTED_EDGE ( 'NONE', *, *, #2384, .F. ) ;
#2954 = EDGE_CURVE ( 'NONE', #2993, #2666, #3296, .T. ) ;
#2955 = DIRECTION ( 'NONE',  ( 0.000000000000000000, 0.000000000000000000, 1.000000000000000000 ) ) ;
#2956 = ORIENTED_EDGE ( 'NONE', *, *, #403, .F. ) ;
#2957 = ORIENTED_EDGE ( 'NONE', *, *, #429, .T. ) ;
#2958 = DIRECTION ( 'NONE',  ( 1.000000000000000000, 0.000000000000000000, 0.000000000000000000 ) ) ;
#2959 = EDGE_CURVE ( 'NONE', #2565, #2110, #1831, .T. ) ;
#2960 = CIRCLE ( 'NONE', #2281, 1.999999999999994893 ) ;
#2961 = CARTESIAN_POINT ( 'NONE',  ( -92.50000000000000000, 3.000000000000000000, -50.99999999999998579 ) ) ;
#2962 = AXIS2_PLACEMENT_3D ( 'NONE', #771, #1364, #127 ) ;
#2963 = ORIENTED_EDGE ( 'NONE', *, *, #1123, .T. ) ;
#2964 = CARTESIAN_POINT ( 'NONE',  ( -164.4999999999999716, 3.000000000000000000, 74.99999999999998579 ) ) ;
#2965 = DIRECTION ( 'NONE',  ( -0.000000000000000000, -1.000000000000000000, -0.000000000000000000 ) ) ;
#2966 = ORIENTED_EDGE ( 'NONE', *, *, #786, .T. ) ;
#2967 = CARTESIAN_POINT ( 'NONE',  ( -63.14999999999994174, 3.000000000000000000, 14.74999999999999822 ) ) ;
#2968 = FACE_OUTER_BOUND ( 'NONE', #2171, .T. ) ;
#2969 = DIRECTION ( 'NONE',  ( -0.000000000000000000, -1.000000000000000000, -0.000000000000000000 ) ) ;
#2970 = LINE ( 'NONE', #1995, #224 ) ;
#2971 = EDGE_LOOP ( 'NONE', ( #2527, #3828, #2514, #600 ) ) ;
#2972 = CARTESIAN_POINT ( 'NONE',  ( -31.49999999999998579, 3.000000000000000000, -26.00000000000000355 ) ) ;
#2973 = VECTOR ( 'NONE', #539, 1000.000000000000000 ) ;
#2974 = ADVANCED_FACE ( 'NONE', ( #2050 ), #1718, .T. ) ;
#2975 = ORIENTED_EDGE ( 'NONE', *, *, #694, .T. ) ;
#2976 = PLANE ( 'NONE',  #1359 ) ;
#2977 = VECTOR ( 'NONE', #3141, 1000.000000000000000 ) ;
#2978 = EDGE_LOOP ( 'NONE', ( #1454, #3504, #2217, #2617 ) ) ;
#2979 = ORIENTED_EDGE ( 'NONE', *, *, #3935, .F. ) ;
#2980 = CARTESIAN_POINT ( 'NONE',  ( -20.49999999999998934, 3.000000000000000000, -53.99999999999999289 ) ) ;
#2981 = VECTOR ( 'NONE', #214, 1000.000000000000000 ) ;
#2982 = LINE ( 'NONE', #1354, #3291 ) ;
#2983 = ORIENTED_EDGE ( 'NONE', *, *, #834, .F. ) ;
#2984 = DIRECTION ( 'NONE',  ( 0.000000000000000000, 0.000000000000000000, -1.000000000000000000 ) ) ;
#2985 = EDGE_CURVE ( 'NONE', #3297, #393, #2471, .T. ) ;
#2986 = EDGE_CURVE ( 'NONE', #1556, #3021, #2348, .T. ) ;
#2987 = VERTEX_POINT ( 'NONE', #3739 ) ;
#2988 = CARTESIAN_POINT ( 'NONE',  ( 0.000000000000000000, 3.000000000000000000, -25.99999999999999289 ) ) ;
#2989 = EDGE_CURVE ( 'NONE', #802, #2025, #2806, .T. ) ;
#2990 = DIRECTION ( 'NONE',  ( 0.000000000000000000, 0.000000000000000000, 1.000000000000000000 ) ) ;
#2991 = CARTESIAN_POINT ( 'NONE',  ( 48.64999999999999147, 0.000000000000000000, 26.00000000000001776 ) ) ;
#2992 = CYLINDRICAL_SURFACE ( 'NONE', #3905, 2.999999999999988898 ) ;
#2993 = VERTEX_POINT ( 'NONE', #3003 ) ;
#2994 = CARTESIAN_POINT ( 'NONE',  ( -17.49999999999998934, 3.000000000000000000, 53.99999999999999289 ) ) ;
#2995 = VERTEX_POINT ( 'NONE', #431 ) ;
#2996 = PRODUCT_DEFINITION ( 'UNKNOWN', '', #881, #3590 ) ;
#2997 = DIRECTION ( 'NONE',  ( -4.625929269271471123E-15, 0.000000000000000000, 1.000000000000000000 ) ) ;
#2998 = ORIENTED_EDGE ( 'NONE', *, *, #2828, .F. ) ;
#2999 = ORIENTED_EDGE ( 'NONE', *, *, #620, .F. ) ;
#3000 = LINE ( 'NONE', #1649, #422 ) ;
#3001 = CARTESIAN_POINT ( 'NONE',  ( 100.0000000000000000, 0.000000000000000000, -5.551115123125782702E-14 ) ) ;
#3002 = ORIENTED_EDGE ( 'NONE', *, *, #2500, .F. ) ;
#3003 = CARTESIAN_POINT ( 'NONE',  ( 69.65000000000001990, 3.000000000000000000, -17.99999999999997513 ) ) ;
#3004 = EDGE_CURVE ( 'NONE', #2039, #441, #164, .T. ) ;
#3005 = VERTEX_POINT ( 'NONE', #410 ) ;
#3006 = CARTESIAN_POINT ( 'NONE',  ( 0.000000000000000000, 3.000000000000000000, -25.99999999999999289 ) ) ;
#3007 = EDGE_CURVE ( 'NONE', #4054, #1737, #3334, .T. ) ;
#3008 = FACE_OUTER_BOUND ( 'NONE', #508, .T. ) ;
#3009 = CARTESIAN_POINT ( 'NONE',  ( 100.0000000000000000, 3.000000000000000000, -5.551115123125782702E-14 ) ) ;
#3010 = DIRECTION ( 'NONE',  ( 1.000000000000000000, 0.000000000000000000, 0.000000000000000000 ) ) ;
#3011 = VERTEX_POINT ( 'NONE', #2148 ) ;
#3012 = PLANE ( 'NONE',  #77 ) ;
#3013 = VECTOR ( 'NONE', #3049, 1000.000000000000000 ) ;
#3014 = ORIENTED_EDGE ( 'NONE', *, *, #3314, .T. ) ;
#3015 = DIRECTION ( 'NONE',  ( 0.000000000000000000, 0.000000000000000000, 1.000000000000000000 ) ) ;
#3016 = ORIENTED_EDGE ( 'NONE', *, *, #123, .F. ) ;
#3017 = ORIENTED_EDGE ( 'NONE', *, *, #3911, .F. ) ;
#3018 = DIRECTION ( 'NONE',  ( -4.625929269271471123E-15, 0.000000000000000000, -1.000000000000000000 ) ) ;
#3019 = VECTOR ( 'NONE', #338, 1000.000000000000000 ) ;
#3020 = DIRECTION ( 'NONE',  ( -0.000000000000000000, -1.000000000000000000, 0.000000000000000000 ) ) ;
#3021 = VERTEX_POINT ( 'NONE', #787 ) ;
#3022 = CYLINDRICAL_SURFACE ( 'NONE', #3813, 10.49999999999999112 ) ;
#3023 = ADVANCED_FACE ( 'NONE', ( #3427 ), #3356, .F. ) ;
#3024 = VECTOR ( 'NONE', #231, 1000.000000000000000 ) ;
#3025 = ORIENTED_EDGE ( 'NONE', *, *, #946, .F. ) ;
#3026 = CARTESIAN_POINT ( 'NONE',  ( -55.15000000000001990, 3.000000000000000000, 17.99999999999999289 ) ) ;
#3027 = EDGE_CURVE ( 'NONE', #3807, #1452, #2070, .T. ) ;
#3028 = DIRECTION ( 'NONE',  ( -0.000000000000000000, -1.000000000000000000, -0.000000000000000000 ) ) ;
#3029 = DIRECTION ( 'NONE',  ( 0.000000000000000000, 1.000000000000000000, -0.000000000000000000 ) ) ;
#3030 = ORIENTED_EDGE ( 'NONE', *, *, #4099, .F. ) ;
#3031 = LINE ( 'NONE', #4008, #3558 ) ;
#3032 = ADVANCED_FACE ( 'NONE', ( #1698 ), #3956, .T. ) ;
#3033 = ORIENTED_EDGE ( 'NONE', *, *, #852, .T. ) ;
#3034 = CARTESIAN_POINT ( 'NONE',  ( 44.80000000000020322, 3.000000000000000000, 2.072416312633628403E-13 ) ) ;
#3035 = ORIENTED_EDGE ( 'NONE', *, *, #1485, .T. ) ;
#3036 = AXIS2_PLACEMENT_3D ( 'NONE', #1549, #1234, #2840 ) ;
#3037 = VERTEX_POINT ( 'NONE', #1758 ) ;
#3038 = LINE ( 'NONE', #4035, #557 ) ;
#3039 = VECTOR ( 'NONE', #1636, 1000.000000000000000 ) ;
#3040 = DIRECTION ( 'NONE',  ( 1.000000000000000000, -0.000000000000000000, 0.000000000000000000 ) ) ;
#3041 = DIRECTION ( 'NONE',  ( 3.304235192336770581E-16, -0.000000000000000000, 1.000000000000000000 ) ) ;
#3042 = VERTEX_POINT ( 'NONE', #2730 ) ;
#3043 = DIRECTION ( 'NONE',  ( 0.000000000000000000, 0.000000000000000000, -1.000000000000000000 ) ) ;
#3044 = AXIS2_PLACEMENT_3D ( 'NONE', #1641, #2530, #3800 ) ;
#3045 = CARTESIAN_POINT ( 'NONE',  ( 3.440534894020669087E-14, 3.000000000000000000, 51.00000000000000711 ) ) ;
#3046 = VECTOR ( 'NONE', #3018, 1000.000000000000000 ) ;
#3047 = ORIENTED_EDGE ( 'NONE', *, *, #1839, .T. ) ;
#3048 = ADVANCED_FACE ( 'NONE', ( #1735 ), #3022, .F. ) ;
#3049 = DIRECTION ( 'NONE',  ( 1.000000000000000000, -0.000000000000000000, 0.000000000000000000 ) ) ;
#3050 = LINE ( 'NONE', #3382, #2218 ) ;
#3051 = DIRECTION ( 'NONE',  ( 0.000000000000000000, 1.000000000000000000, -0.000000000000000000 ) ) ;
#3052 = DIRECTION ( 'NONE',  ( -0.000000000000000000, -1.000000000000000000, -0.000000000000000000 ) ) ;
#3053 = VERTEX_POINT ( 'NONE', #240 ) ;
#3054 = CYLINDRICAL_SURFACE ( 'NONE', #275, 10.49999999999999112 ) ;
#3055 = VERTEX_POINT ( 'NONE', #1179 ) ;
#3056 = DIRECTION ( 'NONE',  ( -3.202566417187950042E-16, 0.000000000000000000, -1.000000000000000000 ) ) ;
#3057 = ORIENTED_EDGE ( 'NONE', *, *, #3027, .T. ) ;
#3058 = EDGE_CURVE ( 'NONE', #1772, #571, #2707, .T. ) ;
#3059 = EDGE_LOOP ( 'NONE', ( #1297, #1760, #514, #4013 ) ) ;
#3060 = DIRECTION ( 'NONE',  ( -0.000000000000000000, -1.000000000000000000, -0.000000000000000000 ) ) ;
#3061 = EDGE_CURVE ( 'NONE', #802, #1348, #4076, .T. ) ;
#3062 = CARTESIAN_POINT ( 'NONE',  ( 3.136893421757446328E-14, 3.000000000000000000, 64.49999999999991473 ) ) ;
#3063 = CARTESIAN_POINT ( 'NONE',  ( 69.65000000000001990, 3.000000000000000000, 17.99999999999997513 ) ) ;
#3064 = EDGE_CURVE ( 'NONE', #2554, #2660, #1200, .T. ) ;
#3065 = VERTEX_POINT ( 'NONE', #2031 ) ;
#3066 = DIRECTION ( 'NONE',  ( -1.000000000000000000, 0.000000000000000000, -0.000000000000000000 ) ) ;
#3067 = ORIENTED_EDGE ( 'NONE', *, *, #565, .T. ) ;
#3068 = FACE_OUTER_BOUND ( 'NONE', #3474, .T. ) ;
#3069 = CARTESIAN_POINT ( 'NONE',  ( -63.15000000000001279, 0.000000000000000000, -14.74999999999999822 ) ) ;
#3070 = PLANE ( 'NONE',  #2027 ) ;
#3071 = ORIENTED_EDGE ( 'NONE', *, *, #2954, .F. ) ;
#3072 = LINE ( 'NONE', #2781, #1078 ) ;
#3073 = ADVANCED_FACE ( 'NONE', ( #281 ), #4097, .T. ) ;
#3074 = VERTEX_POINT ( 'NONE', #3848 ) ;
#3075 = LINE ( 'NONE', #586, #21 ) ;
#3076 = ORIENTED_EDGE ( 'NONE', *, *, #3763, .F. ) ;
#3077 = LINE ( 'NONE', #2453, #690 ) ;
#3078 = EDGE_CURVE ( 'NONE', #433, #3436, #1283, .T. ) ;
#3079 = VECTOR ( 'NONE', #2352, 1000.000000000000000 ) ;
#3080 = CARTESIAN_POINT ( 'NONE',  ( 20.49999999999995026, 0.000000000000000000, -54.00000000000000711 ) ) ;
#3081 = FACE_OUTER_BOUND ( 'NONE', #2648, .T. ) ;
#3082 = APPLICATION_CONTEXT ( 'automotive_design' ) ;
#3083 = ORIENTED_EDGE ( 'NONE', *, *, #1440, .F. ) ;
#3084 = CARTESIAN_POINT ( 'NONE',  ( -69.64999999999999147, 3.000000000000000000, 0.000000000000000000 ) ) ;
#3085 = VECTOR ( 'NONE', #1895, 1000.000000000000000 ) ;
#3086 = AXIS2_PLACEMENT_3D ( 'NONE', #362, #2274, #3550 ) ;
#3087 = VERTEX_POINT ( 'NONE', #3448 ) ;
#3088 = PLANE ( 'NONE',  #3737 ) ;
#3089 = VECTOR ( 'NONE', #266, 1000.000000000000000 ) ;
#3090 = PLANE ( 'NONE',  #1944 ) ;
#3091 = CARTESIAN_POINT ( 'NONE',  ( 48.64999999999999147, 3.000000000000000000, 17.99999999999998224 ) ) ;
#3092 = AXIS2_PLACEMENT_3D ( 'NONE', #2653, #3629, #2036 ) ;
#3093 = ORIENTED_EDGE ( 'NONE', *, *, #2986, .T. ) ;
#3094 = CARTESIAN_POINT ( 'NONE',  ( 0.000000000000000000, 0.000000000000000000, 17.99999999999999289 ) ) ;
#3095 = ORIENTED_EDGE ( 'NONE', *, *, #2496, .F. ) ;
#3096 = CARTESIAN_POINT ( 'NONE',  ( 3.440534894020669087E-14, 0.000000000000000000, 51.00000000000000711 ) ) ;
#3097 = ORIENTED_EDGE ( 'NONE', *, *, #1491, .F. ) ;
#3098 = EDGE_CURVE ( 'NONE', #855, #3715, #2950, .T. ) ;
#3099 = DIRECTION ( 'NONE',  ( -0.000000000000000000, -1.000000000000000000, -0.000000000000000000 ) ) ;
#3100 = CARTESIAN_POINT ( 'NONE',  ( -95.49999999999997158, 0.000000000000000000, -54.00000000000000000 ) ) ;
#3101 = CARTESIAN_POINT ( 'NONE',  ( 3.161386357740393357E-14, 3.000000000000000000, 66.49999999999991473 ) ) ;
#3102 = EDGE_LOOP ( 'NONE', ( #74, #1018, #673, #1621 ) ) ;
#3103 = CARTESIAN_POINT ( 'NONE',  ( 20.49999999999995026, 3.000000000000000000, -54.00000000000000711 ) ) ;
#3104 = CIRCLE ( 'NONE', #1030, 10.49999999999999112 ) ;
#3105 = LINE ( 'NONE', #2859, #2213 ) ;
#3106 = AXIS2_PLACEMENT_3D ( 'NONE', #364, #1582, #3200 ) ;
#3107 = VERTEX_POINT ( 'NONE', #29 ) ;
#3108 = EDGE_CURVE ( 'NONE', #3555, #4001, #887, .T. ) ;
#3109 = DIRECTION ( 'NONE',  ( 0.000000000000000000, 0.000000000000000000, 1.000000000000000000 ) ) ;
#3110 = EDGE_CURVE ( 'NONE', #3585, #717, #1800, .T. ) ;
#3111 = VECTOR ( 'NONE', #1827, 1000.000000000000000 ) ;
#3112 = CARTESIAN_POINT ( 'NONE',  ( 92.49999999999997158, 0.000000000000000000, -51.00000000000003553 ) ) ;
#3113 = LINE ( 'NONE', #232, #749 ) ;
#3114 = EDGE_CURVE ( 'NONE', #2594, #206, #2827, .T. ) ;
#3115 = ORIENTED_EDGE ( 'NONE', *, *, #1165, .F. ) ;
#3116 = LINE ( 'NONE', #2510, #1662 ) ;
#3117 = ORIENTED_EDGE ( 'NONE', *, *, #791, .T. ) ;
#3118 = CARTESIAN_POINT ( 'NONE',  ( 55.15000000000004832, 0.000000000000000000, 26.00000000000001776 ) ) ;
#3119 = EDGE_LOOP ( 'NONE', ( #443, #1369 ) ) ;
#3120 = CARTESIAN_POINT ( 'NONE',  ( 3.440534894020669087E-14, 3.000000000000000000, 51.00000000000000711 ) ) ;
#3121 = CARTESIAN_POINT ( 'NONE',  ( -8.591011500075604892E-15, 3.000000000000000000, -26.00000000000000000 ) ) ;
#3122 = CARTESIAN_POINT ( 'NONE',  ( 0.000000000000000000, 3.000000000000000000, -29.00000000000000000 ) ) ;
#3123 = CARTESIAN_POINT ( 'NONE',  ( -4.915049848600952119E-15, 3.000000000000000000, -50.99999999999999289 ) ) ;
#3124 = VERTEX_POINT ( 'NONE', #3785 ) ;
#3125 = DIRECTION ( 'NONE',  ( -1.000000000000000000, 0.000000000000000000, -0.000000000000000000 ) ) ;
#3126 = CARTESIAN_POINT ( 'NONE',  ( 63.14999999999997016, 0.000000000000000000, 17.99999999999997868 ) ) ;
#3127 = ORIENTED_EDGE ( 'NONE', *, *, #2589, .F. ) ;
#3128 = CARTESIAN_POINT ( 'NONE',  ( -44.80000000000020322, 3.000000000000000000, 2.072416312633628403E-13 ) ) ;
#3129 = EDGE_CURVE ( 'NONE', #3297, #200, #2493, .T. ) ;
#3130 = PRESENTATION_STYLE_ASSIGNMENT (( #2543 ) ) ;
#3131 = CARTESIAN_POINT ( 'NONE',  ( 48.64999999999999147, 0.000000000000000000, 17.99999999999998224 ) ) ;
#3132 = EDGE_LOOP ( 'NONE', ( #1441, #2407, #569, #2878 ) ) ;
#3133 = EDGE_CURVE ( 'NONE', #475, #3728, #3159, .T. ) ;
#3134 = LINE ( 'NONE', #4134, #1012 ) ;
#3135 = VERTEX_POINT ( 'NONE', #908 ) ;
#3136 = LINE ( 'NONE', #3096, #3643 ) ;
#3137 = ORIENTED_EDGE ( 'NONE', *, *, #2724, .F. ) ;
#3138 = CARTESIAN_POINT ( 'NONE',  ( 3.136893421757446328E-14, 0.000000000000000000, 64.49999999999991473 ) ) ;
#3139 = CARTESIAN_POINT ( 'NONE',  ( 20.50000000000001066, 3.000000000000000000, 53.99999999999999289 ) ) ;
#3140 = DIRECTION ( 'NONE',  ( -0.000000000000000000, -1.000000000000000000, 0.000000000000000000 ) ) ;
#3141 = DIRECTION ( 'NONE',  ( -1.000000000000000000, 0.000000000000000000, 4.818676322157795403E-16 ) ) ;
#3142 = EDGE_LOOP ( 'NONE', ( #247, #842 ) ) ;
#3143 = CARTESIAN_POINT ( 'NONE',  ( -63.14999999999994174, 3.000000000000000000, 17.99999999999999289 ) ) ;
#3144 = VECTOR ( 'NONE', #874, 1000.000000000000000 ) ;
#3145 = LINE ( 'NONE', #1586, #459 ) ;
#3146 = VERTEX_POINT ( 'NONE', #1852 ) ;
#3147 = ADVANCED_FACE ( 'NONE', ( #2851 ), #3466, .F. ) ;
#3148 = CARTESIAN_POINT ( 'NONE',  ( 0.000000000000000000, 3.000000000000000000, 48.00000000000000000 ) ) ;
#3149 = DIRECTION ( 'NONE',  ( -1.000000000000000000, 0.000000000000000000, -0.000000000000000000 ) ) ;
#3150 = ORIENTED_EDGE ( 'NONE', *, *, #2824, .F. ) ;
#3151 = VECTOR ( 'NONE', #289, 1000.000000000000000 ) ;
#3152 = FACE_BOUND ( 'NONE', #2864, .T. ) ;
#3153 = EDGE_CURVE ( 'NONE', #3254, #4012, #2533, .T. ) ;
#3154 = VECTOR ( 'NONE', #3407, 1000.000000000000000 ) ;
#3155 = DIRECTION ( 'NONE',  ( -0.000000000000000000, -1.000000000000000000, -0.000000000000000000 ) ) ;
#3156 = ORIENTED_EDGE ( 'NONE', *, *, #839, .F. ) ;
#3157 = DIRECTION ( 'NONE',  ( -0.000000000000000000, -1.000000000000000000, 0.000000000000000000 ) ) ;
#3158 = ADVANCED_FACE ( 'NONE', ( #319 ), #3803, .F. ) ;
#3159 = LINE ( 'NONE', #2195, #125 ) ;
#3160 = DIRECTION ( 'NONE',  ( 1.000000000000000000, -0.000000000000000000, 1.321694076934710205E-15 ) ) ;
#3161 = FACE_OUTER_BOUND ( 'NONE', #1121, .T. ) ;
#3162 = ORIENTED_EDGE ( 'NONE', *, *, #2718, .F. ) ;
#3163 = DIRECTION ( 'NONE',  ( -1.000000000000000000, 0.000000000000000000, -3.304235192336771568E-16 ) ) ;
#3164 = CARTESIAN_POINT ( 'NONE',  ( 63.14999999999997016, 3.000000000000000000, 14.74999999999998224 ) ) ;
#3165 = EDGE_LOOP ( 'NONE', ( #460, #1174, #255, #2643 ) ) ;
#3166 = VECTOR ( 'NONE', #2354, 1000.000000000000000 ) ;
#3167 = CARTESIAN_POINT ( 'NONE',  ( 44.79999999999999005, 3.000000000000000000, -29.00000000000001066 ) ) ;
#3168 = AXIS2_PLACEMENT_3D ( 'NONE', #1182, #3392, #1812 ) ;
#3169 = EDGE_CURVE ( 'NONE', #310, #3135, #3475, .T. ) ;
#3170 = CARTESIAN_POINT ( 'NONE',  ( 55.15000000000004832, 0.000000000000000000, -14.74999999999998401 ) ) ;
#3171 = ORIENTED_EDGE ( 'NONE', *, *, #2571, .F. ) ;
#3172 = DIRECTION ( 'NONE',  ( 0.000000000000000000, 0.000000000000000000, -1.000000000000000000 ) ) ;
#3173 = AXIS2_PLACEMENT_3D ( 'NONE', #3904, #3029, #1068 ) ;
#3174 = CARTESIAN_POINT ( 'NONE',  ( -69.64999999999996305, 0.000000000000000000, 0.000000000000000000 ) ) ;
#3175 = CARTESIAN_POINT ( 'NONE',  ( 55.15000000000004832, 0.000000000000000000, 29.25000000000001066 ) ) ;
#3176 = CIRCLE ( 'NONE', #2627, 3.000000000000002665 ) ;
#3177 = VERTEX_POINT ( 'NONE', #612 ) ;
#3178 = LINE ( 'NONE', #1871, #2762 ) ;
#3179 = DIRECTION ( 'NONE',  ( 0.000000000000000000, 0.000000000000000000, -1.000000000000000000 ) ) ;
#3180 = ORIENTED_EDGE ( 'NONE', *, *, #1274, .T. ) ;
#3181 = CARTESIAN_POINT ( 'NONE',  ( 69.65000000000001990, 3.000000000000000000, -26.00000000000002132 ) ) ;
#3182 = EDGE_CURVE ( 'NONE', #3011, #3244, #2892, .T. ) ;
#3183 = DIRECTION ( 'NONE',  ( 0.000000000000000000, 0.000000000000000000, 1.000000000000000000 ) ) ;
#3184 = ORIENTED_EDGE ( 'NONE', *, *, #3763, .T. ) ;
#3185 = DIRECTION ( 'NONE',  ( -4.336808689942021187E-16, 0.000000000000000000, -1.000000000000000000 ) ) ;
#3186 = DIRECTION ( 'NONE',  ( 0.000000000000000000, 0.000000000000000000, 1.000000000000000000 ) ) ;
#3187 = EDGE_CURVE ( 'NONE', #1840, #39, #634, .T. ) ;
#3188 = ORIENTED_EDGE ( 'NONE', *, *, #4042, .T. ) ;
#3189 = LINE ( 'NONE', #1635, #58 ) ;
#3190 = FACE_OUTER_BOUND ( 'NONE', #236, .T. ) ;
#3191 = ORIENTED_EDGE ( 'NONE', *, *, #3366, .T. ) ;
#3192 = CARTESIAN_POINT ( 'NONE',  ( -55.15000000000001990, 3.000000000000000000, 0.000000000000000000 ) ) ;
#3193 = DIRECTION ( 'NONE',  ( -0.000000000000000000, -1.000000000000000000, -0.000000000000000000 ) ) ;
#3194 = DIRECTION ( 'NONE',  ( -0.000000000000000000, -1.000000000000000000, 0.000000000000000000 ) ) ;
#3195 = ORIENTED_EDGE ( 'NONE', *, *, #3482, .F. ) ;
#3196 = CARTESIAN_POINT ( 'NONE',  ( -55.15000000000001990, 0.000000000000000000, 25.99999999999999289 ) ) ;
#3197 = DIRECTION ( 'NONE',  ( 0.000000000000000000, 1.000000000000000000, -0.000000000000000000 ) ) ;
#3198 = ADVANCED_FACE ( 'NONE', ( #2556 ), #2870, .F. ) ;
#3199 = ORIENTED_EDGE ( 'NONE', *, *, #1613, .F. ) ;
#3200 = DIRECTION ( 'NONE',  ( 0.000000000000000000, 0.000000000000000000, -1.000000000000000000 ) ) ;
#3201 = ORIENTED_EDGE ( 'NONE', *, *, #3526, .T. ) ;
#3202 = LINE ( 'NONE', #4125, #3243 ) ;
#3203 = EDGE_CURVE ( 'NONE', #3955, #2588, #1936, .T. ) ;
#3204 = DIRECTION ( 'NONE',  ( -0.000000000000000000, -1.000000000000000000, -0.000000000000000000 ) ) ;
#3205 = ORIENTED_EDGE ( 'NONE', *, *, #3129, .T. ) ;
#3206 = CARTESIAN_POINT ( 'NONE',  ( -95.50000000000001421, 0.000000000000000000, 75.00000000000002842 ) ) ;
#3207 = VECTOR ( 'NONE', #1380, 1000.000000000000000 ) ;
#3208 = EDGE_CURVE ( 'NONE', #784, #1697, #1623, .T. ) ;
#3209 = AXIS2_PLACEMENT_3D ( 'NONE', #391, #3270, #2264 ) ;
#3210 = CARTESIAN_POINT ( 'NONE',  ( -95.49999999999990052, 3.000000000000000000, 1.262217843472647224E-13 ) ) ;
#3211 = ORIENTED_EDGE ( 'NONE', *, *, #204, .T. ) ;
#3212 = CARTESIAN_POINT ( 'NONE',  ( -31.49999999999998579, 3.000000000000000000, 0.000000000000000000 ) ) ;
#3213 = DIRECTION ( 'NONE',  ( -0.000000000000000000, -1.000000000000000000, -0.000000000000000000 ) ) ;
#3214 = CARTESIAN_POINT ( 'NONE',  ( 44.79999999999996163, 3.000000000000000000, -51.00000000000002132 ) ) ;
#3215 = CIRCLE ( 'NONE', #3747, 10.49999999999999112 ) ;
#3216 = ORIENTED_EDGE ( 'NONE', *, *, #1532, .F. ) ;
#3217 = CARTESIAN_POINT ( 'NONE',  ( 63.14999999999997016, 3.000000000000000000, 0.000000000000000000 ) ) ;
#3218 = CARTESIAN_POINT ( 'NONE',  ( -44.79999999999997584, 0.000000000000000000, -0.000000000000000000 ) ) ;
#3219 = VECTOR ( 'NONE', #79, 1000.000000000000000 ) ;
#3220 = ORIENTED_EDGE ( 'NONE', *, *, #2121, .T. ) ;
#3221 = FACE_BOUND ( 'NONE', #2388, .T. ) ;
#3222 = ADVANCED_FACE ( 'NONE', ( #672 ), #1644, .T. ) ;
#3223 = ORIENTED_EDGE ( 'NONE', *, *, #245, .T. ) ;
#3224 = CARTESIAN_POINT ( 'NONE',  ( 44.79999999999997584, 0.000000000000000000, 48.00000000000001421 ) ) ;
#3225 = VECTOR ( 'NONE', #2951, 1000.000000000000000 ) ;
#3226 = DIRECTION ( 'NONE',  ( -0.000000000000000000, -1.000000000000000000, -0.000000000000000000 ) ) ;
#3227 = VERTEX_POINT ( 'NONE', #3864 ) ;
#3228 = CARTESIAN_POINT ( 'NONE',  ( -31.49999999999998579, 3.000000000000000000, 0.000000000000000000 ) ) ;
#3229 = DIRECTION ( 'NONE',  ( 1.321694076934710402E-15, 0.000000000000000000, 1.000000000000000000 ) ) ;
#3230 = EDGE_CURVE ( 'NONE', #2025, #2987, #990, .T. ) ;
#3231 = VECTOR ( 'NONE', #1403, 1000.000000000000000 ) ;
#3232 = VERTEX_POINT ( 'NONE', #2934 ) ;
#3233 = LINE ( 'NONE', #355, #3344 ) ;
#3234 = ADVANCED_FACE ( 'NONE', ( #2069 ), #1481, .F. ) ;
#3235 = VECTOR ( 'NONE', #1563, 1000.000000000000000 ) ;
#3236 = PLANE ( 'NONE',  #2767 ) ;
#3237 = EDGE_CURVE ( 'NONE', #3422, #3367, #3665, .T. ) ;
#3238 = CARTESIAN_POINT ( 'NONE',  ( -31.49999999999998579, 3.000000000000000000, -48.00000000000000000 ) ) ;
#3239 = VECTOR ( 'NONE', #1136, 1000.000000000000000 ) ;
#3240 = ORIENTED_EDGE ( 'NONE', *, *, #1965, .F. ) ;
#3241 = LINE ( 'NONE', #1980, #4087 ) ;
#3242 = CARTESIAN_POINT ( 'NONE',  ( 17.49999999999995381, 3.000000000000000000, -75.00000000000004263 ) ) ;
#3243 = VECTOR ( 'NONE', #287, 1000.000000000000000 ) ;
#3244 = VERTEX_POINT ( 'NONE', #847 ) ;
#3245 = FACE_OUTER_BOUND ( 'NONE', #2249, .T. ) ;
#3246 = ORIENTED_EDGE ( 'NONE', *, *, #2390, .F. ) ;
#3247 = EDGE_LOOP ( 'NONE', ( #213, #2263, #2305, #2239, #1114, #1709, #2463, #3804, #3342, #3736, #182, #681 ) ) ;
#3248 = LINE ( 'NONE', #367, #2035 ) ;
#3249 = FACE_OUTER_BOUND ( 'NONE', #1044, .T. ) ;
#3250 = ORIENTED_EDGE ( 'NONE', *, *, #1451, .F. ) ;
#3251 = CARTESIAN_POINT ( 'NONE',  ( -17.49999999999998934, 0.000000000000000000, -0.000000000000000000 ) ) ;
#3252 = EDGE_CURVE ( 'NONE', #2084, #1591, #1144, .T. ) ;
#3253 = CARTESIAN_POINT ( 'NONE',  ( -2.414221701368337005E-14, 3.000000000000000000, -64.50000000000000000 ) ) ;
#3254 = VERTEX_POINT ( 'NONE', #1757 ) ;
#3255 = CARTESIAN_POINT ( 'NONE',  ( -7.564959519297359869E-15, 3.000000000000000000, -29.00000000000000000 ) ) ;
#3256 = EDGE_CURVE ( 'NONE', #1309, #2325, #163, .T. ) ;
#3257 = FACE_OUTER_BOUND ( 'NONE', #3132, .T. ) ;
#3258 = PLANE ( 'NONE',  #3897 ) ;
#3259 = EDGE_CURVE ( 'NONE', #1939, #2092, #2748, .T. ) ;
#3260 = CARTESIAN_POINT ( 'NONE',  ( -55.15000000000001990, 3.000000000000000000, -29.25000000000000000 ) ) ;
#3261 = ORIENTED_EDGE ( 'NONE', *, *, #2909, .F. ) ;
#3262 = CARTESIAN_POINT ( 'NONE',  ( -2.457524924300475350E-14, 3.000000000000000000, -51.00000000000000000 ) ) ;
#3263 = EDGE_LOOP ( 'NONE', ( #2131, #2387, #2780, #4073 ) ) ;
#3264 = LINE ( 'NONE', #1266, #347 ) ;
#3265 = EDGE_LOOP ( 'NONE', ( #2193, #3754, #977, #696 ) ) ;
#3266 = ORIENTED_EDGE ( 'NONE', *, *, #245, .F. ) ;
#3267 = PLANE ( 'NONE',  #227 ) ;
#3268 = FILL_AREA_STYLE ('',( #2262 ) ) ;
#3269 = ORIENTED_EDGE ( 'NONE', *, *, #83, .T. ) ;
#3270 = DIRECTION ( 'NONE',  ( -1.000000000000000000, 0.000000000000000000, 0.000000000000000000 ) ) ;
#3271 = DIRECTION ( 'NONE',  ( -0.000000000000000000, -1.000000000000000000, 0.000000000000000000 ) ) ;
#3272 = ORIENTED_EDGE ( 'NONE', *, *, #1487, .T. ) ;
#3273 = EDGE_CURVE ( 'NONE', #3177, #2226, #3394, .T. ) ;
#3274 = VECTOR ( 'NONE', #1028, 1000.000000000000000 ) ;
#3275 = CARTESIAN_POINT ( 'NONE',  ( 55.15000000000004832, 3.000000000000000000, -29.25000000000001066 ) ) ;
#3276 = VECTOR ( 'NONE', #1423, 1000.000000000000000 ) ;
#3277 = DIRECTION ( 'NONE',  ( 1.000000000000000000, 0.000000000000000000, 3.304235192336770581E-16 ) ) ;
#3278 = CARTESIAN_POINT ( 'NONE',  ( -95.49999999999997158, 0.000000000000000000, 74.99999999999998579 ) ) ;
#3279 = CARTESIAN_POINT ( 'NONE',  ( -55.15000000000001990, 0.000000000000000000, -0.000000000000000000 ) ) ;
#3280 = VERTEX_POINT ( 'NONE', #4060 ) ;
#3281 = VECTOR ( 'NONE', #2287, 1000.000000000000000 ) ;
#3282 = LINE ( 'NONE', #1643, #3358 ) ;
#3283 = VECTOR ( 'NONE', #1122, 1000.000000000000000 ) ;
#3284 = ORIENTED_EDGE ( 'NONE', *, *, #1508, .F. ) ;
#3285 = DIRECTION ( 'NONE',  ( 0.000000000000000000, 0.000000000000000000, 1.000000000000000000 ) ) ;
#3286 = EDGE_LOOP ( 'NONE', ( #2765, #2021, #3710, #3794 ) ) ;
#3287 = EDGE_CURVE ( 'NONE', #142, #1310, #223, .T. ) ;
#3288 = ORIENTED_EDGE ( 'NONE', *, *, #3237, .T. ) ;
#3289 = DIRECTION ( 'NONE',  ( -0.000000000000000000, -1.000000000000000000, -0.000000000000000000 ) ) ;
#3290 = ORIENTED_EDGE ( 'NONE', *, *, #3810, .F. ) ;
#3291 = VECTOR ( 'NONE', #55, 1000.000000000000000 ) ;
#3292 = EDGE_CURVE ( 'NONE', #2788, #1577, #534, .T. ) ;
#3293 = CIRCLE ( 'NONE', #2962, 10.49999999999999112 ) ;
#3294 = EDGE_CURVE ( 'NONE', #1498, #2717, #183, .T. ) ;
#3295 = VERTEX_POINT ( 'NONE', #1504 ) ;
#3296 = LINE ( 'NONE', #725, #325 ) ;
#3297 = VERTEX_POINT ( 'NONE', #3686 ) ;
#3298 = DIRECTION ( 'NONE',  ( 1.000000000000000000, -0.000000000000000000, 0.000000000000000000 ) ) ;
#3299 = CIRCLE ( 'NONE', #2359, 2.000000000000001776 ) ;
#3300 = LINE ( 'NONE', #4141, #4021 ) ;
#3301 = CARTESIAN_POINT ( 'NONE',  ( 55.15000000000004832, 3.000000000000000000, 29.25000000000001066 ) ) ;
#3302 = CARTESIAN_POINT ( 'NONE',  ( 48.64999999999999147, 3.000000000000000000, -17.99999999999998224 ) ) ;
#3303 = ORIENTED_EDGE ( 'NONE', *, *, #547, .T. ) ;
#3304 = DIRECTION ( 'NONE',  ( 1.000000000000000000, 0.000000000000000000, 0.000000000000000000 ) ) ;
#3305 = CIRCLE ( 'NONE', #2836, 1.999999999999994893 ) ;
#3306 = ADVANCED_FACE ( 'NONE', ( #1442 ), #3706, .F. ) ;
#3307 = ORIENTED_EDGE ( 'NONE', *, *, #3708, .F. ) ;
#3308 = CARTESIAN_POINT ( 'NONE',  ( -2.414221701368337005E-14, 3.000000000000000000, -64.50000000000000000 ) ) ;
#3309 = VECTOR ( 'NONE', #1728, 1000.000000000000000 ) ;
#3310 = ORIENTED_EDGE ( 'NONE', *, *, #1095, .F. ) ;
#3311 = ORIENTED_EDGE ( 'NONE', *, *, #197, .T. ) ;
#3312 = FACE_OUTER_BOUND ( 'NONE', #1979, .T. ) ;
#3313 = VECTOR ( 'NONE', #3052, 1000.000000000000000 ) ;
#3314 = EDGE_CURVE ( 'NONE', #1629, #2937, #1461, .T. ) ;
#3315 = CARTESIAN_POINT ( 'NONE',  ( 44.79999999999996163, 0.000000000000000000, 51.00000000000002132 ) ) ;
#3316 = ORIENTED_EDGE ( 'NONE', *, *, #788, .F. ) ;
#3317 = CARTESIAN_POINT ( 'NONE',  ( 0.000000000000000000, 3.000000000000000000, 29.00000000000000000 ) ) ;
#3318 = ORIENTED_EDGE ( 'NONE', *, *, #872, .F. ) ;
#3319 = DIRECTION ( 'NONE',  ( 0.000000000000000000, 0.000000000000000000, 1.000000000000000000 ) ) ;
#3320 = CARTESIAN_POINT ( 'NONE',  ( 3.198396408832267663E-15, 3.000000000000000000, 14.74999999999999645 ) ) ;
#3321 = CARTESIAN_POINT ( 'NONE',  ( 0.000000000000000000, 3.000000000000000000, 14.74999999999999822 ) ) ;
#3322 = DIRECTION ( 'NONE',  ( -9.637352644315594010E-17, 0.000000000000000000, -1.000000000000000000 ) ) ;
#3323 = ORIENTED_EDGE ( 'NONE', *, *, #3153, .F. ) ;
#3324 = DIRECTION ( 'NONE',  ( 0.000000000000000000, 0.000000000000000000, -1.000000000000000000 ) ) ;
#3325 = EDGE_LOOP ( 'NONE', ( #3898, #1958, #2678, #2447 ) ) ;
#3326 = CARTESIAN_POINT ( 'NONE',  ( -48.64999999999996305, 3.000000000000000000, 0.000000000000000000 ) ) ;
#3327 = ORIENTED_EDGE ( 'NONE', *, *, #435, .T. ) ;
#3328 = VERTEX_POINT ( 'NONE', #2771 ) ;
#3329 = EDGE_CURVE ( 'NONE', #3232, #677, #2116, .T. ) ;
#3330 = CARTESIAN_POINT ( 'NONE',  ( -8.591011500075604892E-15, 3.000000000000000000, -26.00000000000000000 ) ) ;
#3331 = DIRECTION ( 'NONE',  ( -0.000000000000000000, -1.000000000000000000, -0.000000000000000000 ) ) ;
#3332 = ORIENTED_EDGE ( 'NONE', *, *, #40, .T. ) ;
#3333 = EDGE_CURVE ( 'NONE', #2987, #708, #202, .T. ) ;
#3334 = LINE ( 'NONE', #862, #1736 ) ;
#3335 = EDGE_CURVE ( 'NONE', #1389, #1664, #785, .T. ) ;
#3336 = ORIENTED_EDGE ( 'NONE', *, *, #3133, .F. ) ;
#3337 = EDGE_CURVE ( 'NONE', #1961, #587, #267, .T. ) ;
#3338 = CARTESIAN_POINT ( 'NONE',  ( 44.79999999999999005, 3.000000000000000000, 26.00000000000001421 ) ) ;
#3339 = CARTESIAN_POINT ( 'NONE',  ( -2.414221701368337005E-14, 0.000000000000000000, -66.50000000000000000 ) ) ;
#3340 = CARTESIAN_POINT ( 'NONE',  ( -44.79999999999996874, 0.000000000000000000, 51.00000000000000000 ) ) ;
#3341 = DIRECTION ( 'NONE',  ( -4.336808689942059151E-16, 0.000000000000000000, 1.000000000000000000 ) ) ;
#3342 = ORIENTED_EDGE ( 'NONE', *, *, #3058, .F. ) ;
#3343 = LINE ( 'NONE', #3401, #8 ) ;
#3344 = VECTOR ( 'NONE', #1638, 1000.000000000000000 ) ;
#3345 = ORIENTED_EDGE ( 'NONE', *, *, #2800, .F. ) ;
#3346 = DIRECTION ( 'NONE',  ( -0.000000000000000000, -1.000000000000000000, -0.000000000000000000 ) ) ;
#3347 = VECTOR ( 'NONE', #1517, 1000.000000000000000 ) ;
#3348 = ORIENTED_EDGE ( 'NONE', *, *, #3058, .T. ) ;
#3349 = VERTEX_POINT ( 'NONE', #1837 ) ;
#3350 = CARTESIAN_POINT ( 'NONE',  ( 48.64999999999999147, 3.000000000000000000, 0.000000000000000000 ) ) ;
#3351 = ADVANCED_FACE ( 'NONE', ( #2475 ), #3744, .T. ) ;
#3352 = DIRECTION ( 'NONE',  ( -0.000000000000000000, -1.000000000000000000, -0.000000000000000000 ) ) ;
#3353 = FACE_OUTER_BOUND ( 'NONE', #3679, .T. ) ;
#3354 = ORIENTED_EDGE ( 'NONE', *, *, #486, .T. ) ;
#3355 = CARTESIAN_POINT ( 'NONE',  ( -31.49999999999998579, 3.000000000000000000, 50.99999999999999289 ) ) ;
#3356 = PLANE ( 'NONE',  #453 ) ;
#3357 = VECTOR ( 'NONE', #4098, 1000.000000000000000 ) ;
#3358 = VECTOR ( 'NONE', #2020, 1000.000000000000000 ) ;
#3359 = ORIENTED_EDGE ( 'NONE', *, *, #4070, .F. ) ;
#3360 = LINE ( 'NONE', #770, #191 ) ;
#3361 = ADVANCED_FACE ( 'NONE', ( #244 ), #1104, .T. ) ;
#3362 = LINE ( 'NONE', #4066, #411 ) ;
#3363 = CARTESIAN_POINT ( 'NONE',  ( -44.80000000000020322, 0.000000000000000000, 2.072416312633628403E-13 ) ) ;
#3364 = EDGE_LOOP ( 'NONE', ( #687, #3680 ) ) ;
#3365 = FACE_OUTER_BOUND ( 'NONE', #1826, .T. ) ;
#3366 = EDGE_CURVE ( 'NONE', #2788, #2356, #1904, .T. ) ;
#3367 = VERTEX_POINT ( 'NONE', #596 ) ;
#3368 = CARTESIAN_POINT ( 'NONE',  ( -31.49999999999998579, 3.000000000000000000, -26.00000000000000355 ) ) ;
#3369 = EDGE_LOOP ( 'NONE', ( #1455, #1460, #740, #2188 ) ) ;
#3370 = VECTOR ( 'NONE', #330, 1000.000000000000000 ) ;
#3371 = ORIENTED_EDGE ( 'NONE', *, *, #2313, .F. ) ;
#3372 = CARTESIAN_POINT ( 'NONE',  ( 31.50000000000000000, 3.000000000000000000, 26.00000000000001066 ) ) ;
#3373 = AXIS2_PLACEMENT_3D ( 'NONE', #699, #10, #2955 ) ;
#3374 = DIRECTION ( 'NONE',  ( -0.000000000000000000, -1.000000000000000000, -0.000000000000000000 ) ) ;
#3375 = DIRECTION ( 'NONE',  ( 1.000000000000000000, 0.000000000000000000, -3.304235192336770581E-16 ) ) ;
#3376 = EDGE_LOOP ( 'NONE', ( #1749, #2763, #2953, #2276 ) ) ;
#3377 = DIRECTION ( 'NONE',  ( -0.000000000000000000, -1.000000000000000000, -0.000000000000000000 ) ) ;
#3378 = VECTOR ( 'NONE', #2320, 1000.000000000000000 ) ;
#3379 = ORIENTED_EDGE ( 'NONE', *, *, #852, .F. ) ;
#3380 = EDGE_CURVE ( 'NONE', #2588, #3244, #1522, .T. ) ;
#3381 = DIRECTION ( 'NONE',  ( -4.625929269271471123E-15, 0.000000000000000000, -1.000000000000000000 ) ) ;
#3382 = CARTESIAN_POINT ( 'NONE',  ( 31.50000000000000000, 3.000000000000000000, 0.000000000000000000 ) ) ;
#3383 = DIRECTION ( 'NONE',  ( 0.000000000000000000, 0.000000000000000000, 1.000000000000000000 ) ) ;
#3384 = VERTEX_POINT ( 'NONE', #3435 ) ;
#3385 = FACE_OUTER_BOUND ( 'NONE', #496, .T. ) ;
#3386 = EDGE_CURVE ( 'NONE', #1503, #4007, #2245, .T. ) ;
#3387 = EDGE_LOOP ( 'NONE', ( #4095, #3944, #2337, #2575 ) ) ;
#3388 = FACE_OUTER_BOUND ( 'NONE', #1394, .T. ) ;
#3389 = EDGE_LOOP ( 'NONE', ( #638, #1317, #279, #823 ) ) ;
#3390 = PLANE ( 'NONE',  #894 ) ;
#3391 = CARTESIAN_POINT ( 'NONE',  ( 20.50000000000001066, 0.000000000000000000, 53.99999999999999289 ) ) ;
#3392 = DIRECTION ( 'NONE',  ( 1.000000000000000000, -0.000000000000000000, 4.625929269271471123E-15 ) ) ;
#3393 = ORIENTED_EDGE ( 'NONE', *, *, #1720, .T. ) ;
#3394 = LINE ( 'NONE', #1778, #3283 ) ;
#3395 = ORIENTED_EDGE ( 'NONE', *, *, #3835, .F. ) ;
#3396 = LINE ( 'NONE', #1210, #1392 ) ;
#3397 = CARTESIAN_POINT ( 'NONE',  ( 95.50000000000000000, 0.000000000000000000, 0.000000000000000000 ) ) ;
#3398 = EDGE_CURVE ( 'NONE', #336, #3227, #225, .T. ) ;
#3399 = CARTESIAN_POINT ( 'NONE',  ( 44.79999999999996163, 3.000000000000000000, -51.00000000000002132 ) ) ;
#3400 = ORIENTED_EDGE ( 'NONE', *, *, #2150, .T. ) ;
#3401 = CARTESIAN_POINT ( 'NONE',  ( 55.15000000000004832, 3.000000000000000000, -14.74999999999998401 ) ) ;
#3402 = ORIENTED_EDGE ( 'NONE', *, *, #396, .F. ) ;
#3403 = CARTESIAN_POINT ( 'NONE',  ( 99.49999999999997158, 3.000000000000000000, -49.00000000000007105 ) ) ;
#3404 = ORIENTED_EDGE ( 'NONE', *, *, #3114, .F. ) ;
#3405 = DIRECTION ( 'NONE',  ( 1.000000000000000000, -0.000000000000000000, 0.000000000000000000 ) ) ;
#3406 = EDGE_CURVE ( 'NONE', #1678, #3328, #1185, .T. ) ;
#3407 = DIRECTION ( 'NONE',  ( -0.000000000000000000, -1.000000000000000000, -0.000000000000000000 ) ) ;
#3408 = EDGE_CURVE ( 'NONE', #1515, #3074, #3454, .T. ) ;
#3409 = CARTESIAN_POINT ( 'NONE',  ( 44.79999999999999005, 0.000000000000000000, 0.000000000000000000 ) ) ;
#3410 = ORIENTED_EDGE ( 'NONE', *, *, #499, .F. ) ;
#3411 = DIRECTION ( 'NONE',  ( -0.000000000000000000, -1.000000000000000000, -0.000000000000000000 ) ) ;
#3412 = EDGE_CURVE ( 'NONE', #3135, #310, #1874, .T. ) ;
#3413 = VECTOR ( 'NONE', #1916, 1000.000000000000000 ) ;
#3414 = EDGE_CURVE ( 'NONE', #206, #327, #4061, .T. ) ;
#3415 = ORIENTED_EDGE ( 'NONE', *, *, #178, .F. ) ;
#3416 = LINE ( 'NONE', #3499, #2065 ) ;
#3417 = AXIS2_PLACEMENT_3D ( 'NONE', #3391, #1754, #1438 ) ;
#3418 = FACE_OUTER_BOUND ( 'NONE', #1056, .T. ) ;
#3419 = DIRECTION ( 'NONE',  ( -0.000000000000000000, -1.000000000000000000, -0.000000000000000000 ) ) ;
#3420 = ORIENTED_EDGE ( 'NONE', *, *, #3406, .T. ) ;
#3421 = CARTESIAN_POINT ( 'NONE',  ( 31.50000000000000000, 0.000000000000000000, -0.000000000000000000 ) ) ;
#3422 = VERTEX_POINT ( 'NONE', #3126 ) ;
#3423 = AXIS2_PLACEMENT_3D ( 'NONE', #605, #1551, #3172 ) ;
#3424 = DIRECTION ( 'NONE',  ( 1.000000000000000000, 0.000000000000000000, 0.000000000000000000 ) ) ;
#3425 = ORIENTED_EDGE ( 'NONE', *, *, #1378, .T. ) ;
#3426 = CARTESIAN_POINT ( 'NONE',  ( 0.000000000000000000, 0.000000000000000000, -17.99999999999999289 ) ) ;
#3427 = FACE_OUTER_BOUND ( 'NONE', #1528, .T. ) ;
#3428 = CARTESIAN_POINT ( 'NONE',  ( 92.49999999999994316, 0.000000000000000000, -54.00000000000004263 ) ) ;
#3429 = LINE ( 'NONE', #199, #2977 ) ;
#3430 = VECTOR ( 'NONE', #3419, 1000.000000000000000 ) ;
#3431 = ORIENTED_EDGE ( 'NONE', *, *, #918, .F. ) ;
#3432 = CARTESIAN_POINT ( 'NONE',  ( 0.000000000000000000, 3.000000000000000000, -17.99999999999999289 ) ) ;
#3433 = EDGE_CURVE ( 'NONE', #2285, #2110, #2834, .T. ) ;
#3434 = VECTOR ( 'NONE', #1519, 1000.000000000000000 ) ;
#3435 = CARTESIAN_POINT ( 'NONE',  ( -44.79999999999996163, 3.000000000000000000, -50.99999999999998579 ) ) ;
#3436 = VERTEX_POINT ( 'NONE', #308 ) ;
#3437 = LINE ( 'NONE', #1860, #3144 ) ;
#3438 = VECTOR ( 'NONE', #3289, 1000.000000000000000 ) ;
#3439 = DIRECTION ( 'NONE',  ( 1.000000000000000000, 0.000000000000000000, -4.625929269271471123E-15 ) ) ;
#3440 = DIRECTION ( 'NONE',  ( -1.000000000000000000, 0.000000000000000000, 0.000000000000000000 ) ) ;
#3441 = ORIENTED_EDGE ( 'NONE', *, *, #2879, .F. ) ;
#3442 = ORIENTED_EDGE ( 'NONE', *, *, #3153, .T. ) ;
#3443 = FACE_BOUND ( 'NONE', #1788, .T. ) ;
#3444 = ORIENTED_EDGE ( 'NONE', *, *, #1796, .T. ) ;
#3445 = CARTESIAN_POINT ( 'NONE',  ( 31.50000000000000000, 3.000000000000000000, -29.00000000000000711 ) ) ;
#3446 = EDGE_LOOP ( 'NONE', ( #3912, #1235, #1855, #93 ) ) ;
#3447 = DIRECTION ( 'NONE',  ( -4.625929269271471123E-15, 0.000000000000000000, 1.000000000000000000 ) ) ;
#3448 = CARTESIAN_POINT ( 'NONE',  ( -55.15000000000001990, 0.000000000000000000, -14.74999999999999822 ) ) ;
#3449 = DIRECTION ( 'NONE',  ( 0.000000000000000000, 1.000000000000000000, -0.000000000000000000 ) ) ;
#3450 = FACE_OUTER_BOUND ( 'NONE', #2489, .T. ) ;
#3451 = ADVANCED_FACE ( 'NONE', ( #871 ), #966, .T. ) ;
#3452 = ORIENTED_EDGE ( 'NONE', *, *, #2959, .T. ) ;
#3453 = DIRECTION ( 'NONE',  ( 1.000000000000000000, 0.000000000000000000, -5.217213461584385709E-16 ) ) ;
#3454 = LINE ( 'NONE', #1880, #67 ) ;
#3455 = EDGE_CURVE ( 'NONE', #2097, #964, #3145, .T. ) ;
#3456 = ORIENTED_EDGE ( 'NONE', *, *, #2333, .F. ) ;
#3457 = DIRECTION ( 'NONE',  ( 0.000000000000000000, 0.000000000000000000, 1.000000000000000000 ) ) ;
#3458 = CARTESIAN_POINT ( 'NONE',  ( 0.000000000000000000, 0.000000000000000000, -48.00000000000000000 ) ) ;
#3459 = ADVANCED_FACE ( 'NONE', ( #2877 ), #4106, .T. ) ;
#3460 = ORIENTED_EDGE ( 'NONE', *, *, #1868, .T. ) ;
#3461 = DIRECTION ( 'NONE',  ( -0.000000000000000000, -1.000000000000000000, -0.000000000000000000 ) ) ;
#3462 = DIRECTION ( 'NONE',  ( 0.000000000000000000, 1.000000000000000000, -0.000000000000000000 ) ) ;
#3463 = CARTESIAN_POINT ( 'NONE',  ( -44.80000000000020322, 3.000000000000000000, -2.072416312633628403E-13 ) ) ;
#3464 = ORIENTED_EDGE ( 'NONE', *, *, #2420, .F. ) ;
#3465 = CARTESIAN_POINT ( 'NONE',  ( 69.65000000000001990, 3.000000000000000000, 17.99999999999997513 ) ) ;
#3466 = PLANE ( 'NONE',  #2479 ) ;
#3467 = DIRECTION ( 'NONE',  ( -1.000000000000000000, 0.000000000000000000, 3.304235192336771568E-16 ) ) ;
#3468 = DIRECTION ( 'NONE',  ( 1.000000000000000000, -0.000000000000000000, 0.000000000000000000 ) ) ;
#3469 = ORIENTED_EDGE ( 'NONE', *, *, #3482, .T. ) ;
#3470 = LINE ( 'NONE', #619, #3776 ) ;
#3471 = EDGE_CURVE ( 'NONE', #2342, #3244, #3790, .T. ) ;
#3472 = VECTOR ( 'NONE', #967, 1000.000000000000000 ) ;
#3473 = DIRECTION ( 'NONE',  ( 0.000000000000000000, 0.000000000000000000, -1.000000000000000000 ) ) ;
#3474 = EDGE_LOOP ( 'NONE', ( #3862, #524, #1669, #3700 ) ) ;
#3475 = CIRCLE ( 'NONE', #1671, 1.999999999999994893 ) ;
#3476 = CARTESIAN_POINT ( 'NONE',  ( 100.0000000000000000, 3.000000000000000000, 10.49999999999993605 ) ) ;
#3477 = VECTOR ( 'NONE', #2093, 1000.000000000000000 ) ;
#3478 = CARTESIAN_POINT ( 'NONE',  ( 92.49999999999997158, 3.000000000000000000, -51.00000000000003553 ) ) ;
#3479 = VERTEX_POINT ( 'NONE', #3164 ) ;
#3480 = VECTOR ( 'NONE', #3186, 1000.000000000000000 ) ;
#3481 = LINE ( 'NONE', #2140, #1319 ) ;
#3482 = EDGE_CURVE ( 'NONE', #3778, #425, #3105, .T. ) ;
#3483 = VECTOR ( 'NONE', #1540, 1000.000000000000000 ) ;
#3484 = LINE ( 'NONE', #3174, #2375 ) ;
#3485 = ADVANCED_FACE ( 'NONE', ( #936 ), #2221, .F. ) ;
#3486 = CARTESIAN_POINT ( 'NONE',  ( -55.15000000000001990, 3.000000000000000000, 29.25000000000000000 ) ) ;
#3487 = ORIENTED_EDGE ( 'NONE', *, *, #3560, .T. ) ;
#3488 = DIRECTION ( 'NONE',  ( -1.000000000000000000, 0.000000000000000000, 3.304235192336771568E-16 ) ) ;
#3489 = DIRECTION ( 'NONE',  ( -1.000000000000000000, 0.000000000000000000, 2.608606730792192854E-16 ) ) ;
#3490 = ADVANCED_FACE ( 'NONE', ( #535 ), #2584, .F. ) ;
#3491 = ORIENTED_EDGE ( 'NONE', *, *, #2358, .F. ) ;
#3492 = CARTESIAN_POINT ( 'NONE',  ( 95.49999999999984368, 3.000000000000000000, 1.262217843472646467E-13 ) ) ;
#3493 = DIRECTION ( 'NONE',  ( 0.000000000000000000, 0.000000000000000000, 1.000000000000000000 ) ) ;
#3494 = VERTEX_POINT ( 'NONE', #2961 ) ;
#3495 = CARTESIAN_POINT ( 'NONE',  ( -1.268516541808042239E-14, 3.000000000000000000, -29.25000000000002132 ) ) ;
#3496 = CARTESIAN_POINT ( 'NONE',  ( -99.49999999999997158, 3.000000000000000000, 48.99999999999999289 ) ) ;
#3497 = VECTOR ( 'NONE', #2119, 1000.000000000000000 ) ;
#3498 = VERTEX_POINT ( 'NONE', #1923 ) ;
#3499 = CARTESIAN_POINT ( 'NONE',  ( 0.000000000000000000, 3.000000000000000000, -17.99999999999999289 ) ) ;
#3500 = ORIENTED_EDGE ( 'NONE', *, *, #40, .F. ) ;
#3501 = CIRCLE ( 'NONE', #4105, 3.000000000000002665 ) ;
#3502 =( LENGTH_UNIT ( ) NAMED_UNIT ( * ) SI_UNIT ( .MILLI., .METRE. ) );
#3503 = DIRECTION ( 'NONE',  ( 0.000000000000000000, 0.000000000000000000, -1.000000000000000000 ) ) ;
#3504 = ORIENTED_EDGE ( 'NONE', *, *, #3256, .F. ) ;
#3505 = EDGE_CURVE ( 'NONE', #924, #4054, #3932, .T. ) ;
#3506 = DIRECTION ( 'NONE',  ( -0.000000000000000000, -1.000000000000000000, -0.000000000000000000 ) ) ;
#3507 = VECTOR ( 'NONE', #3632, 1000.000000000000000 ) ;
#3508 = CARTESIAN_POINT ( 'NONE',  ( -2.414221701368337005E-14, 0.000000000000000000, -64.50000000000000000 ) ) ;
#3509 = DIRECTION ( 'NONE',  ( -4.625929269271471123E-15, 0.000000000000000000, 1.000000000000000000 ) ) ;
#3510 = AXIS2_PLACEMENT_3D ( 'NONE', #3495, #3185, #1584 ) ;
#3511 = ADVANCED_FACE ( 'NONE', ( #3249 ), #703, .F. ) ;
#3512 = ORIENTED_EDGE ( 'NONE', *, *, #657, .F. ) ;
#3513 = CARTESIAN_POINT ( 'NONE',  ( -95.49999999999990052, 3.000000000000000000, 1.262217843472647224E-13 ) ) ;
#3514 = DIRECTION ( 'NONE',  ( -0.000000000000000000, -1.000000000000000000, -0.000000000000000000 ) ) ;
#3515 = ADVANCED_FACE ( 'NONE', ( #1605 ), #368, .F. ) ;
#3516 = VERTEX_POINT ( 'NONE', #1313 ) ;
#3517 = LINE ( 'NONE', #3910, #957 ) ;
#3518 = VERTEX_POINT ( 'NONE', #680 ) ;
#3519 = CARTESIAN_POINT ( 'NONE',  ( -31.49999999999998579, 3.000000000000000000, 48.00000000000000000 ) ) ;
#3520 = PLANE ( 'NONE',  #4083 ) ;
#3521 = ORIENTED_EDGE ( 'NONE', *, *, #2465, .T. ) ;
#3522 = DIRECTION ( 'NONE',  ( -1.982541115402064913E-15, 0.000000000000000000, -1.000000000000000000 ) ) ;
#3523 = DIRECTION ( 'NONE',  ( -3.304235192336770581E-16, 0.000000000000000000, 1.000000000000000000 ) ) ;
#3524 = EDGE_LOOP ( 'NONE', ( #1276, #3379, #384, #1034, #2619, #33, #2133, #1390, #3552, #68, #365, #2159 ) ) ;
#3525 = DIRECTION ( 'NONE',  ( 0.000000000000000000, 0.000000000000000000, 1.000000000000000000 ) ) ;
#3526 = EDGE_CURVE ( 'NONE', #1498, #784, #2922, .T. ) ;
#3527 = CARTESIAN_POINT ( 'NONE',  ( -164.4999999999999147, 3.000000000000000000, -74.99999999999991473 ) ) ;
#3528 = CARTESIAN_POINT ( 'NONE',  ( 0.000000000000000000, 0.000000000000000000, -26.00000000000000355 ) ) ;
#3529 = ORIENTED_EDGE ( 'NONE', *, *, #888, .F. ) ;
#3530 = LINE ( 'NONE', #3094, #606 ) ;
#3531 = CARTESIAN_POINT ( 'NONE',  ( 95.50000000000000000, 3.000000000000000000, 0.000000000000000000 ) ) ;
#3532 = ORIENTED_EDGE ( 'NONE', *, *, #3757, .F. ) ;
#3533 = DIRECTION ( 'NONE',  ( 0.000000000000000000, 0.000000000000000000, 1.000000000000000000 ) ) ;
#3534 = ADVANCED_FACE ( 'NONE', ( #3854 ), #3520, .T. ) ;
#3535 = VERTEX_POINT ( 'NONE', #641 ) ;
#3536 = LINE ( 'NONE', #306, #1703 ) ;
#3537 = EDGE_CURVE ( 'NONE', #677, #9, #979, .T. ) ;
#3538 = CARTESIAN_POINT ( 'NONE',  ( -99.50000000000000000, 3.000000000000000000, -51.00000000000000711 ) ) ;
#3539 = ORIENTED_EDGE ( 'NONE', *, *, #51, .T. ) ;
#3540 = CARTESIAN_POINT ( 'NONE',  ( -44.79999999999997584, 3.000000000000000000, 26.00000000000000355 ) ) ;
#3541 = EDGE_CURVE ( 'NONE', #1039, #2741, #2982, .T. ) ;
#3542 = CARTESIAN_POINT ( 'NONE',  ( 63.14999999999997016, 3.000000000000000000, 29.25000000000001421 ) ) ;
#3543 = ORIENTED_EDGE ( 'NONE', *, *, #1491, .T. ) ;
#3544 = DIRECTION ( 'NONE',  ( 0.000000000000000000, 0.000000000000000000, 1.000000000000000000 ) ) ;
#3545 = CARTESIAN_POINT ( 'NONE',  ( 44.79999999999999005, 3.000000000000000000, 26.00000000000001421 ) ) ;
#3546 = LINE ( 'NONE', #3238, #1762 ) ;
#3547 = VECTOR ( 'NONE', #3352, 1000.000000000000000 ) ;
#3548 = ORIENTED_EDGE ( 'NONE', *, *, #1214, .T. ) ;
#3549 = CARTESIAN_POINT ( 'NONE',  ( 44.79999999999999005, 0.000000000000000000, -0.000000000000000000 ) ) ;
#3550 = DIRECTION ( 'NONE',  ( -1.000000000000000000, 0.000000000000000000, -0.000000000000000000 ) ) ;
#3551 = VECTOR ( 'NONE', #2100, 1000.000000000000000 ) ;
#3552 = ORIENTED_EDGE ( 'NONE', *, *, #1487, .F. ) ;
#3553 = CIRCLE ( 'NONE', #870, 2.000000000000001776 ) ;
#3554 = CARTESIAN_POINT ( 'NONE',  ( 0.000000000000000000, 3.000000000000000000, 0.000000000000000000 ) ) ;
#3555 = VERTEX_POINT ( 'NONE', #100 ) ;
#3556 = ORIENTED_EDGE ( 'NONE', *, *, #3656, .F. ) ;
#3557 = DIRECTION ( 'NONE',  ( 1.000000000000000000, -0.000000000000000000, 0.000000000000000000 ) ) ;
#3558 = VECTOR ( 'NONE', #2761, 1000.000000000000000 ) ;
#3559 = ORIENTED_EDGE ( 'NONE', *, *, #1639, .F. ) ;
#3560 = EDGE_CURVE ( 'NONE', #1098, #1246, #2960, .T. ) ;
#3561 = LINE ( 'NONE', #3251, #2814 ) ;
#3562 = EDGE_CURVE ( 'NONE', #2666, #4054, #2898, .T. ) ;
#3563 = DIRECTION ( 'NONE',  ( 0.000000000000000000, 1.000000000000000000, -0.000000000000000000 ) ) ;
#3564 = VECTOR ( 'NONE', #3795, 1000.000000000000000 ) ;
#3565 = EDGE_LOOP ( 'NONE', ( #3588, #1406, #3047, #1435 ) ) ;
#3566 = PRESENTATION_LAYER_ASSIGNMENT (  '', '', ( #1149 ) ) ;
#3567 = LINE ( 'NONE', #87, #2611 ) ;
#3568 = VECTOR ( 'NONE', #2965, 1000.000000000000000 ) ;
#3569 = DIRECTION ( 'NONE',  ( -1.000000000000000000, 0.000000000000000000, 2.168404344971029576E-16 ) ) ;
#3570 = DIRECTION ( 'NONE',  ( -0.000000000000000000, -1.000000000000000000, -0.000000000000000000 ) ) ;
#3571 = PLANE ( 'NONE',  #3773 ) ;
#3572 = VECTOR ( 'NONE', #1684, 1000.000000000000000 ) ;
#3573 = ORIENTED_EDGE ( 'NONE', *, *, #1988, .F. ) ;
#3574 = DIRECTION ( 'NONE',  ( 0.000000000000000000, 0.000000000000000000, -1.000000000000000000 ) ) ;
#3575 = MANIFOLD_SOLID_BREP ( 'Boss-Extrude1', #2567 ) ;
#3576 = VECTOR ( 'NONE', #3661, 1000.000000000000000 ) ;
#3577 = AXIS2_PLACEMENT_3D ( 'NONE', #1296, #664, #4132 ) ;
#3578 = VERTEX_POINT ( 'NONE', #2308 ) ;
#3579 = CARTESIAN_POINT ( 'NONE',  ( -31.49999999999998579, 0.000000000000000000, 0.000000000000000000 ) ) ;
#3580 = ORIENTED_EDGE ( 'NONE', *, *, #814, .F. ) ;
#3581 = EDGE_LOOP ( 'NONE', ( #541, #3150, #363, #597 ) ) ;
#3582 = DIRECTION ( 'NONE',  ( 1.000000000000000000, 0.000000000000000000, -3.304235192336770581E-16 ) ) ;
#3583 = ADVANCED_FACE ( 'NONE', ( #3602 ), #2604, .T. ) ;
#3584 = CARTESIAN_POINT ( 'NONE',  ( -6.782377500059701816E-15, 3.000000000000000000, 26.00000000000000355 ) ) ;
#3585 = VERTEX_POINT ( 'NONE', #446 ) ;
#3586 = DIRECTION ( 'NONE',  ( 0.000000000000000000, 0.000000000000000000, 1.000000000000000000 ) ) ;
#3587 = CARTESIAN_POINT ( 'NONE',  ( -63.15000000000001279, 3.000000000000000000, -25.99999999999999289 ) ) ;
#3588 = ORIENTED_EDGE ( 'NONE', *, *, #1562, .F. ) ;
#3589 = DIRECTION ( 'NONE',  ( 0.000000000000000000, 0.000000000000000000, -1.000000000000000000 ) ) ;
#3590 = PRODUCT_DEFINITION_CONTEXT ( 'detailed design', #3082, 'design' ) ;
#3591 = EDGE_CURVE ( 'NONE', #4050, #3055, #1140, .T. ) ;
#3592 = DIRECTION ( 'NONE',  ( -0.000000000000000000, -1.000000000000000000, -0.000000000000000000 ) ) ;
#3593 = LINE ( 'NONE', #1067, #3166 ) ;
#3594 = DIRECTION ( 'NONE',  ( 0.000000000000000000, 0.000000000000000000, -1.000000000000000000 ) ) ;
#3595 = ORIENTED_EDGE ( 'NONE', *, *, #3412, .T. ) ;
#3596 = DIRECTION ( 'NONE',  ( -0.000000000000000000, -1.000000000000000000, -0.000000000000000000 ) ) ;
#3597 = ORIENTED_EDGE ( 'NONE', *, *, #381, .F. ) ;
#3598 = CARTESIAN_POINT ( 'NONE',  ( 31.49999999999998579, 0.000000000000000000, 48.00000000000000711 ) ) ;
#3599 = ORIENTED_EDGE ( 'NONE', *, *, #2610, .F. ) ;
#3600 = VERTEX_POINT ( 'NONE', #1790 ) ;
#3601 = CYLINDRICAL_SURFACE ( 'NONE', #1029, 2.999999999999988898 ) ;
#3602 = FACE_OUTER_BOUND ( 'NONE', #2904, .T. ) ;
#3603 = ORIENTED_EDGE ( 'NONE', *, *, #4024, .F. ) ;
#3604 = EDGE_CURVE ( 'NONE', #1195, #1103, #2725, .T. ) ;
#3605 = DIRECTION ( 'NONE',  ( 1.000000000000000000, 0.000000000000000000, -6.746146851020918889E-16 ) ) ;
#3606 = ORIENTED_EDGE ( 'NONE', *, *, #1896, .F. ) ;
#3607 = EDGE_CURVE ( 'NONE', #3535, #3753, #4019, .T. ) ;
#3608 = CARTESIAN_POINT ( 'NONE',  ( 3.198396408832267663E-15, 0.000000000000000000, 14.74999999999999645 ) ) ;
#3609 = DIRECTION ( 'NONE',  ( 0.000000000000000000, 0.000000000000000000, 1.000000000000000000 ) ) ;
#3610 = FACE_OUTER_BOUND ( 'NONE', #2001, .T. ) ;
#3611 = CARTESIAN_POINT ( 'NONE',  ( -1.268516541808051705E-14, 3.000000000000000000, 29.24999999999998934 ) ) ;
#3612 = ORIENTED_EDGE ( 'NONE', *, *, #1408, .F. ) ;
#3613 = AXIS2_PLACEMENT_3D ( 'NONE', #1357, #37, #625 ) ;
#3614 = CARTESIAN_POINT ( 'NONE',  ( 17.49999999999995381, 3.000000000000000000, -75.00000000000004263 ) ) ;
#3615 = EDGE_CURVE ( 'NONE', #302, #3087, #3703, .T. ) ;
#3616 = VECTOR ( 'NONE', #810, 1000.000000000000000 ) ;
#3617 = EDGE_LOOP ( 'NONE', ( #2626, #3597 ) ) ;
#3618 = CARTESIAN_POINT ( 'NONE',  ( -95.50000000000000000, 0.000000000000000000, -75.00000000000001421 ) ) ;
#3619 = ORIENTED_EDGE ( 'NONE', *, *, #3386, .F. ) ;
#3620 = VERTEX_POINT ( 'NONE', #2391 ) ;
#3621 = CARTESIAN_POINT ( 'NONE',  ( -95.49999999999997158, 0.000000000000000000, -0.000000000000000000 ) ) ;
#3622 = VERTEX_POINT ( 'NONE', #1715 ) ;
#3623 = VECTOR ( 'NONE', #511, 1000.000000000000000 ) ;
#3624 = CARTESIAN_POINT ( 'NONE',  ( 31.49999999999998579, 3.000000000000000000, 48.00000000000000711 ) ) ;
#3625 = ORIENTED_EDGE ( 'NONE', *, *, #2545, .F. ) ;
#3626 = DIRECTION ( 'NONE',  ( -0.000000000000000000, -1.000000000000000000, -0.000000000000000000 ) ) ;
#3627 = ORIENTED_EDGE ( 'NONE', *, *, #1720, .F. ) ;
#3628 = CARTESIAN_POINT ( 'NONE',  ( 0.000000000000000000, 3.000000000000000000, -48.00000000000000000 ) ) ;
#3629 = DIRECTION ( 'NONE',  ( -0.000000000000000000, -1.000000000000000000, -0.000000000000000000 ) ) ;
#3630 = EDGE_CURVE ( 'NONE', #2774, #1097, #1415, .T. ) ;
#3631 = PLANE ( 'NONE',  #1419 ) ;
#3632 = DIRECTION ( 'NONE',  ( -1.000000000000000000, 0.000000000000000000, -2.168404344971029576E-16 ) ) ;
#3633 = ORIENTED_EDGE ( 'NONE', *, *, #1170, .T. ) ;
#3634 = CARTESIAN_POINT ( 'NONE',  ( -63.15000000000001279, 3.000000000000000000, -29.24999999999999645 ) ) ;
#3635 = VECTOR ( 'NONE', #2166, 1000.000000000000000 ) ;
#3636 = ORIENTED_EDGE ( 'NONE', *, *, #2370, .T. ) ;
#3637 = EDGE_CURVE ( 'NONE', #3715, #3753, #1733, .T. ) ;
#3638 = CYLINDRICAL_SURFACE ( 'NONE', #756, 2.000000000000001776 ) ;
#3639 = VECTOR ( 'NONE', #801, 1000.000000000000000 ) ;
#3640 = EDGE_LOOP ( 'NONE', ( #742, #3307, #1351, #2198 ) ) ;
#3641 = VERTEX_POINT ( 'NONE', #3315 ) ;
#3642 = DIRECTION ( 'NONE',  ( 0.000000000000000000, 0.000000000000000000, -1.000000000000000000 ) ) ;
#3643 = VECTOR ( 'NONE', #1787, 1000.000000000000000 ) ;
#3644 = DIRECTION ( 'NONE',  ( -1.000000000000000000, 0.000000000000000000, 5.217213461584385709E-16 ) ) ;
#3645 = EDGE_CURVE ( 'NONE', #2468, #313, #1458, .T. ) ;
#3646 = AXIS2_PLACEMENT_3D ( 'NONE', #2603, #2046, #3642 ) ;
#3647 = ORIENTED_EDGE ( 'NONE', *, *, #1927, .F. ) ;
#3648 = CARTESIAN_POINT ( 'NONE',  ( -99.49999999999997158, 3.000000000000000000, 52.99999999999998579 ) ) ;
#3649 = ORIENTED_EDGE ( 'NONE', *, *, #4063, .T. ) ;
#3650 = LINE ( 'NONE', #476, #122 ) ;
#3651 = DIRECTION ( 'NONE',  ( 1.000000000000000000, 0.000000000000000000, -9.637352644315596475E-17 ) ) ;
#3652 = FACE_OUTER_BOUND ( 'NONE', #3376, .T. ) ;
#3653 = CARTESIAN_POINT ( 'NONE',  ( 3.198396408832267663E-15, 0.000000000000000000, -14.74999999999999645 ) ) ;
#3654 = ORIENTED_EDGE ( 'NONE', *, *, #3591, .T. ) ;
#3655 = LINE ( 'NONE', #131, #2688 ) ;
#3656 = EDGE_CURVE ( 'NONE', #2923, #1784, #141, .T. ) ;
#3657 = ORIENTED_EDGE ( 'NONE', *, *, #63, .F. ) ;
#3658 = DIRECTION ( 'NONE',  ( -0.000000000000000000, -1.000000000000000000, -0.000000000000000000 ) ) ;
#3659 = VERTEX_POINT ( 'NONE', #2113 ) ;
#3660 = ORIENTED_EDGE ( 'NONE', *, *, #4099, .T. ) ;
#3661 = DIRECTION ( 'NONE',  ( 1.000000000000000000, -0.000000000000000000, 0.000000000000000000 ) ) ;
#3662 = CARTESIAN_POINT ( 'NONE',  ( 31.49999999999998579, 0.000000000000000000, -51.00000000000001421 ) ) ;
#3663 = DIRECTION ( 'NONE',  ( 0.000000000000000000, 0.000000000000000000, 1.000000000000000000 ) ) ;
#3664 = EDGE_LOOP ( 'NONE', ( #463, #1209, #1846, #1204 ) ) ;
#3665 = LINE ( 'NONE', #2729, #3946 ) ;
#3666 = DIRECTION ( 'NONE',  ( 0.000000000000000000, 0.000000000000000000, 1.000000000000000000 ) ) ;
#3667 = EDGE_CURVE ( 'NONE', #1570, #708, #863, .T. ) ;
#3668 = EDGE_LOOP ( 'NONE', ( #2871, #3913, #952, #211 ) ) ;
#3669 = LINE ( 'NONE', #1761, #1125 ) ;
#3670 = EDGE_CURVE ( 'NONE', #1372, #1231, #160, .T. ) ;
#3671 = CARTESIAN_POINT ( 'NONE',  ( 48.64999999999999147, 0.000000000000000000, -26.00000000000001776 ) ) ;
#3672 = CARTESIAN_POINT ( 'NONE',  ( -63.14999999999994174, 3.000000000000000000, 0.000000000000000000 ) ) ;
#3673 = DIRECTION ( 'NONE',  ( -0.000000000000000000, -1.000000000000000000, -0.000000000000000000 ) ) ;
#3674 = ORIENTED_EDGE ( 'NONE', *, *, #2724, .T. ) ;
#3675 = CYLINDRICAL_SURFACE ( 'NONE', #538, 1.999999999999994893 ) ;
#3676 = ORIENTED_EDGE ( 'NONE', *, *, #2363, .T. ) ;
#3677 = CARTESIAN_POINT ( 'NONE',  ( 4.915049848600952908E-15, 3.000000000000000000, 50.99999999999999289 ) ) ;
#3678 = AXIS2_PLACEMENT_3D ( 'NONE', #3045, #1395, #3605 ) ;
#3679 = EDGE_LOOP ( 'NONE', ( #1925, #2715, #3348, #4032 ) ) ;
#3680 = ORIENTED_EDGE ( 'NONE', *, *, #117, .F. ) ;
#3681 = CARTESIAN_POINT ( 'NONE',  ( -48.64999999999996305, 3.000000000000000000, 0.000000000000000000 ) ) ;
#3682 = DIRECTION ( 'NONE',  ( -0.000000000000000000, -1.000000000000000000, -0.000000000000000000 ) ) ;
#3683 = CARTESIAN_POINT ( 'NONE',  ( 99.50000000000002842, 0.000000000000000000, 50.99999999999991473 ) ) ;
#3684 = ORIENTED_EDGE ( 'NONE', *, *, #3670, .T. ) ;
#3685 = VECTOR ( 'NONE', #2182, 1000.000000000000000 ) ;
#3686 = CARTESIAN_POINT ( 'NONE',  ( 48.64999999999999147, 3.000000000000000000, 26.00000000000001776 ) ) ;
#3687 = VECTOR ( 'NONE', #415, 1000.000000000000000 ) ;
#3688 = VECTOR ( 'NONE', #2515, 1000.000000000000000 ) ;
#3689 = EDGE_CURVE ( 'NONE', #2937, #1060, #1119, .T. ) ;
#3690 = ORIENTED_EDGE ( 'NONE', *, *, #1891, .T. ) ;
#3691 = CARTESIAN_POINT ( 'NONE',  ( -99.50000000000000000, 3.000000000000000000, -49.00000000000000711 ) ) ;
#3692 = CARTESIAN_POINT ( 'NONE',  ( 69.65000000000001990, 0.000000000000000000, 0.000000000000000000 ) ) ;
#3693 = CARTESIAN_POINT ( 'NONE',  ( 92.50000000000000000, 3.000000000000000000, 50.99999999999994316 ) ) ;
#3694 = LINE ( 'NONE', #2735, #3313 ) ;
#3695 = ORIENTED_EDGE ( 'NONE', *, *, #1796, .F. ) ;
#3696 = DIRECTION ( 'NONE',  ( -1.000000000000000000, 0.000000000000000000, 0.000000000000000000 ) ) ;
#3697 = ORIENTED_EDGE ( 'NONE', *, *, #3560, .F. ) ;
#3698 = LINE ( 'NONE', #3445, #2706 ) ;
#3699 = VECTOR ( 'NONE', #1169, 1000.000000000000000 ) ;
#3700 = ORIENTED_EDGE ( 'NONE', *, *, #78, .T. ) ;
#3701 = LINE ( 'NONE', #3681, #1633 ) ;
#3702 = AXIS2_PLACEMENT_3D ( 'NONE', #3896, #3704, #808 ) ;
#3703 = LINE ( 'NONE', #2028, #133 ) ;
#3704 = DIRECTION ( 'NONE',  ( -0.000000000000000000, -1.000000000000000000, 0.000000000000000000 ) ) ;
#3705 = ORIENTED_EDGE ( 'NONE', *, *, #2048, .T. ) ;
#3706 = PLANE ( 'NONE',  #3815 ) ;
#3707 = VECTOR ( 'NONE', #3843, 1000.000000000000000 ) ;
#3708 = EDGE_CURVE ( 'NONE', #3989, #3422, #1775, .T. ) ;
#3709 = AXIS2_PLACEMENT_3D ( 'NONE', #1118, #1138, #2432 ) ;
#3710 = ORIENTED_EDGE ( 'NONE', *, *, #1250, .T. ) ;
#3711 = LINE ( 'NONE', #452, #1596 ) ;
#3712 =( LENGTH_UNIT ( ) NAMED_UNIT ( * ) SI_UNIT ( .MILLI., .METRE. ) );
#3713 = DIRECTION ( 'NONE',  ( -1.000000000000000000, 0.000000000000000000, 0.000000000000000000 ) ) ;
#3714 = EDGE_CURVE ( 'NONE', #700, #2658, #332, .T. ) ;
#3715 = VERTEX_POINT ( 'NONE', #2745 ) ;
#3716 = DIRECTION ( 'NONE',  ( -0.000000000000000000, -1.000000000000000000, -0.000000000000000000 ) ) ;
#3717 = EDGE_CURVE ( 'NONE', #587, #708, #1478, .T. ) ;
#3718 = VERTEX_POINT ( 'NONE', #1100 ) ;
#3719 = EDGE_CURVE ( 'NONE', #2741, #2045, #2434, .T. ) ;
#3720 = FACE_OUTER_BOUND ( 'NONE', #873, .T. ) ;
#3721 = ORIENTED_EDGE ( 'NONE', *, *, #2623, .T. ) ;
#3722 = DIRECTION ( 'NONE',  ( 1.000000000000000000, 0.000000000000000000, 2.608606730792192854E-16 ) ) ;
#3723 = EDGE_CURVE ( 'NONE', #2088, #3726, #3215, .T. ) ;
#3724 = CARTESIAN_POINT ( 'NONE',  ( 31.50000000000000000, 3.000000000000000000, 0.000000000000000000 ) ) ;
#3725 = LINE ( 'NONE', #3409, #3434 ) ;
#3726 = VERTEX_POINT ( 'NONE', #3954 ) ;
#3727 = DIRECTION ( 'NONE',  ( 1.000000000000000000, 0.000000000000000000, 0.000000000000000000 ) ) ;
#3728 = VERTEX_POINT ( 'NONE', #3662 ) ;
#3729 = FACE_OUTER_BOUND ( 'NONE', #1673, .T. ) ;
#3730 = DIRECTION ( 'NONE',  ( -0.000000000000000000, -1.000000000000000000, -0.000000000000000000 ) ) ;
#3731 = ORIENTED_EDGE ( 'NONE', *, *, #3294, .F. ) ;
#3732 = DIRECTION ( 'NONE',  ( -1.000000000000000000, 0.000000000000000000, 2.608606730792192854E-16 ) ) ;
#3733 = ORIENTED_EDGE ( 'NONE', *, *, #204, .F. ) ;
#3734 = CARTESIAN_POINT ( 'NONE',  ( 48.64999999999999147, 0.000000000000000000, -17.99999999999998224 ) ) ;
#3735 = EDGE_CURVE ( 'NONE', #3107, #2651, #782, .T. ) ;
#3736 = ORIENTED_EDGE ( 'NONE', *, *, #2330, .F. ) ;
#3737 = AXIS2_PLACEMENT_3D ( 'NONE', #915, #4085, #2505 ) ;
#3738 = LINE ( 'NONE', #492, #3046 ) ;
#3739 = CARTESIAN_POINT ( 'NONE',  ( 17.49999999999995381, 0.000000000000000000, -75.00000000000004263 ) ) ;
#3740 = VECTOR ( 'NONE', #103, 1000.000000000000000 ) ;
#3741 = LINE ( 'NONE', #2830, #3357 ) ;
#3742 = CARTESIAN_POINT ( 'NONE',  ( -17.49999999999998934, 3.000000000000000000, -75.00000000000004263 ) ) ;
#3743 = ORIENTED_EDGE ( 'NONE', *, *, #1585, .T. ) ;
#3744 = PLANE ( 'NONE',  #1003 ) ;
#3745 = VECTOR ( 'NONE', #3411, 1000.000000000000000 ) ;
#3746 = DIRECTION ( 'NONE',  ( 1.000000000000000000, 0.000000000000000000, 0.000000000000000000 ) ) ;
#3747 = AXIS2_PLACEMENT_3D ( 'NONE', #3001, #3020, #2682 ) ;
#3748 = ORIENTED_EDGE ( 'NONE', *, *, #1748, .F. ) ;
#3749 = DIRECTION ( 'NONE',  ( 0.000000000000000000, 0.000000000000000000, -1.000000000000000000 ) ) ;
#3750 = VECTOR ( 'NONE', #4057, 1000.000000000000000 ) ;
#3751 = LINE ( 'NONE', #4047, #3497 ) ;
#3752 = DIRECTION ( 'NONE',  ( 0.000000000000000000, 0.000000000000000000, -1.000000000000000000 ) ) ;
#3753 = VERTEX_POINT ( 'NONE', #1899 ) ;
#3754 = ORIENTED_EDGE ( 'NONE', *, *, #2048, .F. ) ;
#3755 = DIRECTION ( 'NONE',  ( 0.000000000000000000, 0.000000000000000000, 1.000000000000000000 ) ) ;
#3756 = AXIS2_PLACEMENT_3D ( 'NONE', #856, #2842, #2799 ) ;
#3757 = EDGE_CURVE ( 'NONE', #2658, #700, #1679, .T. ) ;
#3758 = ORIENTED_EDGE ( 'NONE', *, *, #3329, .F. ) ;
#3759 = CARTESIAN_POINT ( 'NONE',  ( 31.49999999999998579, 3.000000000000000000, -48.00000000000000711 ) ) ;
#3760 = EDGE_LOOP ( 'NONE', ( #2360, #105, #1329, #3705 ) ) ;
#3761 = DIRECTION ( 'NONE',  ( -0.000000000000000000, -1.000000000000000000, -0.000000000000000000 ) ) ;
#3762 = CARTESIAN_POINT ( 'NONE',  ( 48.64999999999999147, 3.000000000000000000, 26.00000000000001776 ) ) ;
#3763 = EDGE_CURVE ( 'NONE', #1881, #2741, #2786, .T. ) ;
#3764 = LINE ( 'NONE', #2178, #3750 ) ;
#3765 = DIRECTION ( 'NONE',  ( 1.000000000000000000, 0.000000000000000000, 0.000000000000000000 ) ) ;
#3766 = VECTOR ( 'NONE', #3730, 1000.000000000000000 ) ;
#3767 = AXIS2_PLACEMENT_3D ( 'NONE', #1611, #602, #1589 ) ;
#3768 = ORIENTED_EDGE ( 'NONE', *, *, #1839, .F. ) ;
#3769 = FACE_OUTER_BOUND ( 'NONE', #2782, .T. ) ;
#3770 = VECTOR ( 'NONE', #2894, 1000.000000000000000 ) ;
#3771 = EDGE_CURVE ( 'NONE', #2058, #4059, #2624, .T. ) ;
#3772 = DIRECTION ( 'NONE',  ( 0.000000000000000000, 0.000000000000000000, -1.000000000000000000 ) ) ;
#3773 = AXIS2_PLACEMENT_3D ( 'NONE', #2252, #2846, #1576 ) ;
#3774 = EDGE_LOOP ( 'NONE', ( #2853, #1580, #914, #3093 ) ) ;
#3775 = LINE ( 'NONE', #3540, #928 ) ;
#3776 = VECTOR ( 'NONE', #2896, 1000.000000000000000 ) ;
#3777 = CARTESIAN_POINT ( 'NONE',  ( -55.15000000000001990, 3.000000000000000000, 0.000000000000000000 ) ) ;
#3778 = VERTEX_POINT ( 'NONE', #1833 ) ;
#3779 = FACE_BOUND ( 'NONE', #1756, .T. ) ;
#3780 = ORIENTED_EDGE ( 'NONE', *, *, #499, .T. ) ;
#3781 = DIRECTION ( 'NONE',  ( -0.000000000000000000, -1.000000000000000000, -0.000000000000000000 ) ) ;
#3782 = ORIENTED_EDGE ( 'NONE', *, *, #3064, .F. ) ;
#3783 = EDGE_CURVE ( 'NONE', #3659, #2938, #3764, .T. ) ;
#3784 = FACE_OUTER_BOUND ( 'NONE', #2087, .T. ) ;
#3785 = CARTESIAN_POINT ( 'NONE',  ( -100.0000000000000000, 3.000000000000000000, -10.49999999999999112 ) ) ;
#3786 = DIRECTION ( 'NONE',  ( 1.000000000000000000, 0.000000000000000000, -3.304235192336770581E-16 ) ) ;
#3787 = CARTESIAN_POINT ( 'NONE',  ( -20.49999999999998934, 3.000000000000000000, -50.99999999999999289 ) ) ;
#3788 = VERTEX_POINT ( 'NONE', #3100 ) ;
#3789 = CARTESIAN_POINT ( 'NONE',  ( -31.49999999999998579, 3.000000000000000000, -48.00000000000000000 ) ) ;
#3790 = LINE ( 'NONE', #2200, #733 ) ;
#3791 = VERTEX_POINT ( 'NONE', #909 ) ;
#3792 = ADVANCED_FACE ( 'NONE', ( #1561 ), #4122, .F. ) ;
#3793 = DIRECTION ( 'NONE',  ( -1.000000000000000000, 0.000000000000000000, 2.608606730792192854E-16 ) ) ;
#3794 = ORIENTED_EDGE ( 'NONE', *, *, #1145, .F. ) ;
#3795 = DIRECTION ( 'NONE',  ( -0.000000000000000000, -1.000000000000000000, -0.000000000000000000 ) ) ;
#3796 = ORIENTED_EDGE ( 'NONE', *, *, #3783, .F. ) ;
#3797 = EDGE_CURVE ( 'NONE', #2253, #3715, #2872, .T. ) ;
#3798 = FACE_BOUND ( 'NONE', #346, .T. ) ;
#3799 = DIRECTION ( 'NONE',  ( 0.000000000000000000, 0.000000000000000000, 1.000000000000000000 ) ) ;
#3800 = DIRECTION ( 'NONE',  ( 0.000000000000000000, 0.000000000000000000, -1.000000000000000000 ) ) ;
#3801 = EDGE_LOOP ( 'NONE', ( #720, #762, #2998, #294 ) ) ;
#3802 = DIRECTION ( 'NONE',  ( 0.000000000000000000, 0.000000000000000000, 1.000000000000000000 ) ) ;
#3803 = CYLINDRICAL_SURFACE ( 'NONE', #658, 2.000000000000001776 ) ;
#3804 = ORIENTED_EDGE ( 'NONE', *, *, #4143, .F. ) ;
#3805 = CARTESIAN_POINT ( 'NONE',  ( -31.49999999999998579, 3.000000000000000000, 0.000000000000000000 ) ) ;
#3806 = DIRECTION ( 'NONE',  ( -0.000000000000000000, -1.000000000000000000, -0.000000000000000000 ) ) ;
#3807 = VERTEX_POINT ( 'NONE', #3181 ) ;
#3808 = DIRECTION ( 'NONE',  ( 1.000000000000000000, 0.000000000000000000, 0.000000000000000000 ) ) ;
#3809 = VECTOR ( 'NONE', #1318, 1000.000000000000000 ) ;
#3810 = EDGE_CURVE ( 'NONE', #1271, #2414, #2562, .T. ) ;
#3811 = DIRECTION ( 'NONE',  ( -1.000000000000000000, 0.000000000000000000, -3.304235192336771568E-16 ) ) ;
#3812 = ORIENTED_EDGE ( 'NONE', *, *, #4151, .T. ) ;
#3813 = AXIS2_PLACEMENT_3D ( 'NONE', #2665, #3626, #3934 ) ;
#3814 = CARTESIAN_POINT ( 'NONE',  ( -6.782377500059701816E-15, 3.000000000000000000, -26.00000000000000355 ) ) ;
#3815 = AXIS2_PLACEMENT_3D ( 'NONE', #497, #1814, #3066 ) ;
#3816 = EDGE_CURVE ( 'NONE', #136, #1917, #2518, .T. ) ;
#3817 = CARTESIAN_POINT ( 'NONE',  ( 95.49999999999992895, 0.000000000000000000, -75.00000000000007105 ) ) ;
#3818 = ORIENTED_EDGE ( 'NONE', *, *, #1562, .T. ) ;
#3819 = AXIS2_PLACEMENT_3D ( 'NONE', #1269, #1816, #2564 ) ;
#3820 = CARTESIAN_POINT ( 'NONE',  ( -95.49999999999997158, 3.000000000000000000, 54.00000000000000000 ) ) ;
#3821 = VECTOR ( 'NONE', #3569, 1000.000000000000000 ) ;
#3822 = CARTESIAN_POINT ( 'NONE',  ( -63.15000000000001279, 0.000000000000000000, 0.000000000000000000 ) ) ;
#3823 = CARTESIAN_POINT ( 'NONE',  ( 63.14999999999997016, 3.000000000000000000, 0.000000000000000000 ) ) ;
#3824 = ORIENTED_EDGE ( 'NONE', *, *, #3329, .T. ) ;
#3825 = LINE ( 'NONE', #589, #1766 ) ;
#3826 = DIRECTION ( 'NONE',  ( -0.000000000000000000, -1.000000000000000000, -0.000000000000000000 ) ) ;
#3827 = VECTOR ( 'NONE', #1430, 1000.000000000000000 ) ;
#3828 = ORIENTED_EDGE ( 'NONE', *, *, #2022, .F. ) ;
#3829 = DIRECTION ( 'NONE',  ( 0.000000000000000000, 0.000000000000000000, 1.000000000000000000 ) ) ;
#3830 = ORIENTED_EDGE ( 'NONE', *, *, #636, .T. ) ;
#3831 = DIRECTION ( 'NONE',  ( 5.217213461584385709E-16, -0.000000000000000000, 1.000000000000000000 ) ) ;
#3832 = CARTESIAN_POINT ( 'NONE',  ( -95.49999999999997158, 3.000000000000000000, 0.000000000000000000 ) ) ;
#3833 = ORIENTED_EDGE ( 'NONE', *, *, #370, .T. ) ;
#3834 = VECTOR ( 'NONE', #3752, 1000.000000000000000 ) ;
#3835 = EDGE_CURVE ( 'NONE', #784, #1348, #2013, .T. ) ;
#3836 = CARTESIAN_POINT ( 'NONE',  ( -164.4999999999999147, 0.000000000000000000, -74.99999999999990052 ) ) ;
#3837 = VECTOR ( 'NONE', #1096, 1000.000000000000000 ) ;
#3838 = LINE ( 'NONE', #3210, #815 ) ;
#3839 = ORIENTED_EDGE ( 'NONE', *, *, #507, .T. ) ;
#3840 = CARTESIAN_POINT ( 'NONE',  ( 164.5000000000000568, 3.000000000000000444, 74.99999999999991473 ) ) ;
#3841 = CIRCLE ( 'NONE', #889, 2.000000000000001776 ) ;
#3842 = DIRECTION ( 'NONE',  ( -1.000000000000000000, 0.000000000000000000, 2.608606730792192854E-16 ) ) ;
#3843 = DIRECTION ( 'NONE',  ( -0.000000000000000000, -1.000000000000000000, -0.000000000000000000 ) ) ;
#3844 = VECTOR ( 'NONE', #445, 1000.000000000000000 ) ;
#3845 = VERTEX_POINT ( 'NONE', #1518 ) ;
#3846 = FACE_OUTER_BOUND ( 'NONE', #2598, .T. ) ;
#3847 = EDGE_CURVE ( 'NONE', #4007, #305, #1811, .T. ) ;
#3848 = CARTESIAN_POINT ( 'NONE',  ( -63.14999999999994174, 0.000000000000000000, 14.74999999999999822 ) ) ;
#3849 = ORIENTED_EDGE ( 'NONE', *, *, #822, .F. ) ;
#3850 = CARTESIAN_POINT ( 'NONE',  ( 63.14999999999997016, 0.000000000000000000, -26.00000000000002132 ) ) ;
#3851 = EDGE_LOOP ( 'NONE', ( #3272, #263, #1409, #3444 ) ) ;
#3852 = LINE ( 'NONE', #2199, #1295 ) ;
#3853 = ADVANCED_FACE ( 'NONE', ( #1161 ), #1223, .F. ) ;
#3854 = FACE_OUTER_BOUND ( 'NONE', #1444, .T. ) ;
#3855 = ORIENTED_EDGE ( 'NONE', *, *, #2537, .T. ) ;
#3856 = PLANE ( 'NONE',  #3613 ) ;
#3857 = CARTESIAN_POINT ( 'NONE',  ( 5.947623346206188427E-15, 3.000000000000000000, -18.00000000000000000 ) ) ;
#3858 = ORIENTED_EDGE ( 'NONE', *, *, #2625, .T. ) ;
#3859 = LINE ( 'NONE', #41, #3274 ) ;
#3860 = FACE_OUTER_BOUND ( 'NONE', #188, .T. ) ;
#3861 = LINE ( 'NONE', #2930, #3707 ) ;
#3862 = ORIENTED_EDGE ( 'NONE', *, *, #278, .F. ) ;
#3863 = LINE ( 'NONE', #28, #2155 ) ;
#3864 = CARTESIAN_POINT ( 'NONE',  ( -55.15000000000001990, 0.000000000000000000, -17.99999999999999289 ) ) ;
#3865 = EDGE_LOOP ( 'NONE', ( #1337, #2153, #1707, #490 ) ) ;
#3866 = EDGE_CURVE ( 'NONE', #1961, #1570, #241, .T. ) ;
#3867 = DIRECTION ( 'NONE',  ( -0.000000000000000000, -1.000000000000000000, 0.000000000000000000 ) ) ;
#3868 = ORIENTED_EDGE ( 'NONE', *, *, #2989, .T. ) ;
#3869 = ORIENTED_EDGE ( 'NONE', *, *, #1197, .T. ) ;
#3870 = CARTESIAN_POINT ( 'NONE',  ( -44.79999999999996874, 3.000000000000000000, 51.00000000000000000 ) ) ;
#3871 = ADVANCED_FACE ( 'NONE', ( #1501 ), #530, .T. ) ;
#3872 = SURFACE_STYLE_USAGE ( .BOTH. , #1672 ) ;
#3873 = ORIENTED_EDGE ( 'NONE', *, *, #3958, .T. ) ;
#3874 = AXIS2_PLACEMENT_3D ( 'NONE', #2202, #1507, #3109 ) ;
#3875 = VECTOR ( 'NONE', #1294, 1000.000000000000000 ) ;
#3876 = CARTESIAN_POINT ( 'NONE',  ( -44.79999999999997584, 0.000000000000000000, 48.00000000000000000 ) ) ;
#3877 = VERTEX_POINT ( 'NONE', #1202 ) ;
#3878 = CARTESIAN_POINT ( 'NONE',  ( -92.49999999999997158, 3.000000000000000000, 54.00000000000000000 ) ) ;
#3879 = LINE ( 'NONE', #1010, #1353 ) ;
#3880 = DIRECTION ( 'NONE',  ( 1.000000000000000000, 0.000000000000000000, 3.304235192336770581E-16 ) ) ;
#3881 = VECTOR ( 'NONE', #1695, 1000.000000000000000 ) ;
#3882 = ORIENTED_EDGE ( 'NONE', *, *, #2571, .T. ) ;
#3883 = LINE ( 'NONE', #2994, #2149 ) ;
#3884 = EDGE_CURVE ( 'NONE', #700, #642, #1181, .T. ) ;
#3885 = VECTOR ( 'NONE', #3609, 1000.000000000000000 ) ;
#3886 = ORIENTED_EDGE ( 'NONE', *, *, #2610, .T. ) ;
#3887 = CARTESIAN_POINT ( 'NONE',  ( -92.49999999999997158, 3.000000000000000000, 51.00000000000000000 ) ) ;
#3888 = ORIENTED_EDGE ( 'NONE', *, *, #2236, .T. ) ;
#3889 = EDGE_LOOP ( 'NONE', ( #2639, #2124, #1070, #4137 ) ) ;
#3890 = DIRECTION ( 'NONE',  ( 0.000000000000000000, 0.000000000000000000, -1.000000000000000000 ) ) ;
#3891 = EDGE_CURVE ( 'NONE', #2049, #3011, #1581, .T. ) ;
#3892 = DIRECTION ( 'NONE',  ( -2.608606730792192854E-16, 0.000000000000000000, 1.000000000000000000 ) ) ;
#3893 = EDGE_LOOP ( 'NONE', ( #912, #1987, #229, #1648 ) ) ;
#3894 = DIRECTION ( 'NONE',  ( 0.000000000000000000, 0.000000000000000000, -1.000000000000000000 ) ) ;
#3895 = EDGE_CURVE ( 'NONE', #800, #3600, #844, .T. ) ;
#3896 = CARTESIAN_POINT ( 'NONE',  ( 100.0000000000000000, 0.000000000000000000, -5.551115123125782702E-14 ) ) ;
#3897 = AXIS2_PLACEMENT_3D ( 'NONE', #1723, #3903, #754 ) ;
#3898 = ORIENTED_EDGE ( 'NONE', *, *, #4151, .F. ) ;
#3899 = VECTOR ( 'NONE', #794, 1000.000000000000000 ) ;
#3900 = CARTESIAN_POINT ( 'NONE',  ( -99.50000000000000000, 0.000000000000000000, -51.00000000000000711 ) ) ;
#3901 = AXIS2_PLACEMENT_3D ( 'NONE', #3554, #2240, #3493 ) ;
#3902 = PLANE ( 'NONE',  #601 ) ;
#3903 = DIRECTION ( 'NONE',  ( 1.000000000000000000, 0.000000000000000000, 0.000000000000000000 ) ) ;
#3904 = CARTESIAN_POINT ( 'NONE',  ( -92.50000000000000000, 3.000000000000000000, -53.99999999999998579 ) ) ;
#3905 = AXIS2_PLACEMENT_3D ( 'NONE', #3924, #1743, #1724 ) ;
#3906 = ORIENTED_EDGE ( 'NONE', *, *, #2482, .F. ) ;
#3907 = DIRECTION ( 'NONE',  ( 0.000000000000000000, 0.000000000000000000, 1.000000000000000000 ) ) ;
#3908 = VECTOR ( 'NONE', #3405, 1000.000000000000000 ) ;
#3909 = EDGE_LOOP ( 'NONE', ( #2466, #3992, #737, #1550 ) ) ;
#3910 = CARTESIAN_POINT ( 'NONE',  ( 5.947623346206188427E-15, 3.000000000000000000, 18.00000000000000000 ) ) ;
#3911 = EDGE_CURVE ( 'NONE', #4023, #2722, #3741, .T. ) ;
#3912 = ORIENTED_EDGE ( 'NONE', *, *, #102, .F. ) ;
#3913 = ORIENTED_EDGE ( 'NONE', *, *, #1947, .F. ) ;
#3914 = CARTESIAN_POINT ( 'NONE',  ( 44.80000000000020322, 3.000000000000000000, -2.072416312633628403E-13 ) ) ;
#3915 =( NAMED_UNIT ( * ) PLANE_ANGLE_UNIT ( ) SI_UNIT ( $, .RADIAN. ) );
#3916 = ORIENTED_EDGE ( 'NONE', *, *, #1408, .T. ) ;
#3917 = FACE_OUTER_BOUND ( 'NONE', #3165, .T. ) ;
#3918 = ADVANCED_FACE ( 'NONE', ( #3008 ), #1031, .F. ) ;
#3919 = EDGE_LOOP ( 'NONE', ( #2975, #1360, #3758, #3188 ) ) ;
#3920 = LINE ( 'NONE', #3608, #2003 ) ;
#3921 = CARTESIAN_POINT ( 'NONE',  ( -99.50000000000000000, 3.000000000000000000, -53.00000000000000000 ) ) ;
#3922 = DIRECTION ( 'NONE',  ( 0.000000000000000000, 0.000000000000000000, -1.000000000000000000 ) ) ;
#3923 = ADVANCED_FACE ( 'NONE', ( #1993 ), #107, .F. ) ;
#3924 = CARTESIAN_POINT ( 'NONE',  ( -92.50000000000000000, 3.000000000000000000, -53.99999999999998579 ) ) ;
#3925 = ORIENTED_EDGE ( 'NONE', *, *, #403, .T. ) ;
#3926 = DIRECTION ( 'NONE',  ( 1.000000000000000000, -0.000000000000000000, 0.000000000000000000 ) ) ;
#3927 = ORIENTED_EDGE ( 'NONE', *, *, #2905, .T. ) ;
#3928 = CYLINDRICAL_SURFACE ( 'NONE', #489, 2.999999999999988898 ) ;
#3929 = ORIENTED_EDGE ( 'NONE', *, *, #104, .T. ) ;
#3930 = EDGE_LOOP ( 'NONE', ( #2012, #2963, #2810, #2429 ) ) ;
#3931 = FACE_OUTER_BOUND ( 'NONE', #3801, .T. ) ;
#3932 = LINE ( 'NONE', #1059, #201 ) ;
#3933 = ORIENTED_EDGE ( 'NONE', *, *, #3847, .T. ) ;
#3934 = DIRECTION ( 'NONE',  ( 0.000000000000000000, 0.000000000000000000, -1.000000000000000000 ) ) ;
#3935 = EDGE_CURVE ( 'NONE', #2676, #1881, #2689, .T. ) ;
#3936 = AXIS2_PLACEMENT_3D ( 'NONE', #1847, #2820, #4091 ) ;
#3937 = ORIENTED_EDGE ( 'NONE', *, *, #126, .F. ) ;
#3938 = DIRECTION ( 'NONE',  ( -0.000000000000000000, -1.000000000000000000, -0.000000000000000000 ) ) ;
#3939 = EDGE_CURVE ( 'NONE', #932, #2356, #2759, .T. ) ;
#3940 = AXIS2_PLACEMENT_3D ( 'NONE', #2794, #4110, #2185 ) ;
#3941 = CARTESIAN_POINT ( 'NONE',  ( 99.49999999999997158, 3.000000000000000000, -51.00000000000006395 ) ) ;
#3942 = CARTESIAN_POINT ( 'NONE',  ( -44.79999999999997584, 3.000000000000000000, -26.00000000000000355 ) ) ;
#3943 = PLANE ( 'NONE',  #4108 ) ;
#3944 = ORIENTED_EDGE ( 'NONE', *, *, #1699, .F. ) ;
#3945 = CARTESIAN_POINT ( 'NONE',  ( -63.15000000000001279, 0.000000000000000000, 0.000000000000000000 ) ) ;
#3946 = VECTOR ( 'NONE', #3043, 1000.000000000000000 ) ;
#3947 = ORIENTED_EDGE ( 'NONE', *, *, #3645, .T. ) ;
#3948 = FACE_OUTER_BOUND ( 'NONE', #1729, .T. ) ;
#3949 = ORIENTED_EDGE ( 'NONE', *, *, #203, .F. ) ;
#3950 = ORIENTED_EDGE ( 'NONE', *, *, #1277, .F. ) ;
#3951 = CARTESIAN_POINT ( 'NONE',  ( 63.14999999999997016, 0.000000000000000000, -14.74999999999998224 ) ) ;
#3952 = VECTOR ( 'NONE', #2047, 1000.000000000000000 ) ;
#3953 = VECTOR ( 'NONE', #3761, 1000.000000000000000 ) ;
#3954 = CARTESIAN_POINT ( 'NONE',  ( 100.0000000000000000, 0.000000000000000000, -10.50000000000004796 ) ) ;
#3955 = VERTEX_POINT ( 'NONE', #1086 ) ;
#3956 = PLANE ( 'NONE',  #996 ) ;
#3957 = ORIENTED_EDGE ( 'NONE', *, *, #2409, .F. ) ;
#3958 = EDGE_CURVE ( 'NONE', #3479, #3107, #1382, .T. ) ;
#3959 = PLANE ( 'NONE',  #1189 ) ;
#3960 = AXIS2_PLACEMENT_3D ( 'NONE', #1279, #647, #2269 ) ;
#3961 = AXIS2_PLACEMENT_3D ( 'NONE', #376, #3028, #3922 ) ;
#3962 = CARTESIAN_POINT ( 'NONE',  ( -8.591011500075604892E-15, 3.000000000000000000, 26.00000000000000000 ) ) ;
#3963 = CARTESIAN_POINT ( 'NONE',  ( 44.79999999999999005, 0.000000000000000000, 26.00000000000001421 ) ) ;
#3964 = FACE_OUTER_BOUND ( 'NONE', #2927, .T. ) ;
#3965 = ORIENTED_EDGE ( 'NONE', *, *, #2470, .T. ) ;
#3966 = CARTESIAN_POINT ( 'NONE',  ( 44.79999999999999005, 3.000000000000000000, 0.000000000000000000 ) ) ;
#3967 = VECTOR ( 'NONE', #3183, 1000.000000000000000 ) ;
#3968 = ORIENTED_EDGE ( 'NONE', *, *, #985, .T. ) ;
#3969 = DIRECTION ( 'NONE',  ( -1.000000000000000000, 0.000000000000000000, 0.000000000000000000 ) ) ;
#3970 = VECTOR ( 'NONE', #506, 1000.000000000000000 ) ;
#3971 = ORIENTED_EDGE ( 'NONE', *, *, #4026, .T. ) ;
#3972 = ADVANCED_FACE ( 'NONE', ( #395 ), #3902, .T. ) ;
#3973 = ORIENTED_EDGE ( 'NONE', *, *, #3108, .T. ) ;
#3974 = DIRECTION ( 'NONE',  ( 1.000000000000000000, 0.000000000000000000, -9.637352644315596475E-17 ) ) ;
#3975 = EDGE_CURVE ( 'NONE', #4001, #3055, #2559, .T. ) ;
#3976 = VECTOR ( 'NONE', #1414, 1000.000000000000000 ) ;
#3977 = CARTESIAN_POINT ( 'NONE',  ( -4.915049848600952119E-15, 0.000000000000000000, -50.99999999999999289 ) ) ;
#3978 = LINE ( 'NONE', #1102, #478 ) ;
#3979 = ADVANCED_FACE ( 'NONE', ( #3257 ), #1682, .F. ) ;
#3980 = VERTEX_POINT ( 'NONE', #692 ) ;
#3981 = CARTESIAN_POINT ( 'NONE',  ( -17.50000000000008882, 3.000000000000000000, -2.312964634635753942E-14 ) ) ;
#3982 = ORIENTED_EDGE ( 'NONE', *, *, #1358, .F. ) ;
#3983 = DIRECTION ( 'NONE',  ( 0.000000000000000000, 0.000000000000000000, -1.000000000000000000 ) ) ;
#3984 = DIRECTION ( 'NONE',  ( -0.000000000000000000, -1.000000000000000000, -0.000000000000000000 ) ) ;
#3985 = CARTESIAN_POINT ( 'NONE',  ( 31.50000000000000000, 3.000000000000000000, -26.00000000000001066 ) ) ;
#3986 = DIRECTION ( 'NONE',  ( -1.000000000000000000, 0.000000000000000000, 9.637352644315594010E-17 ) ) ;
#3987 = EDGE_LOOP ( 'NONE', ( #320, #1511, #1155, #491 ) ) ;
#3988 = LINE ( 'NONE', #2428, #3827 ) ;
#3989 = VERTEX_POINT ( 'NONE', #375 ) ;
#3990 = CARTESIAN_POINT ( 'NONE',  ( -2.401924812890964227E-14, 3.000000000000000000, -75.00000000000004263 ) ) ;
#3991 = ORIENTED_EDGE ( 'NONE', *, *, #1173, .T. ) ;
#3992 = ORIENTED_EDGE ( 'NONE', *, *, #1381, .F. ) ;
#3993 = DIRECTION ( 'NONE',  ( 0.000000000000000000, 0.000000000000000000, -1.000000000000000000 ) ) ;
#3994 = ORIENTED_EDGE ( 'NONE', *, *, #307, .F. ) ;
#3995 = EDGE_CURVE ( 'NONE', #1246, #1098, #1405, .T. ) ;
#3996 = DIRECTION ( 'NONE',  ( 1.000000000000000000, 0.000000000000000000, -2.168404344971029576E-16 ) ) ;
#3997 = DIRECTION ( 'NONE',  ( -1.000000000000000000, 0.000000000000000000, 0.000000000000000000 ) ) ;
#3998 = EDGE_CURVE ( 'NONE', #439, #3585, #1009, .T. ) ;
#3999 = VERTEX_POINT ( 'NONE', #1047 ) ;
#4000 = DIRECTION ( 'NONE',  ( 0.000000000000000000, 0.000000000000000000, -1.000000000000000000 ) ) ;
#4001 = VERTEX_POINT ( 'NONE', #2353 ) ;
#4002 = DIRECTION ( 'NONE',  ( 0.000000000000000000, 0.000000000000000000, -1.000000000000000000 ) ) ;
#4003 = UNCERTAINTY_MEASURE_WITH_UNIT (LENGTH_MEASURE( 1.000000000000000082E-05 ), #3502, 'distance_accuracy_value', 'NONE');
#4004 = CARTESIAN_POINT ( 'NONE',  ( 69.65000000000001990, 3.000000000000000000, 26.00000000000002132 ) ) ;
#4005 = LINE ( 'NONE', #4089, #1021 ) ;
#4006 = PLANE ( 'NONE',  #555 ) ;
#4007 = VERTEX_POINT ( 'NONE', #753 ) ;
#4008 = CARTESIAN_POINT ( 'NONE',  ( -2.504262461560504825E-14, 0.000000000000000000, 47.99999999999999289 ) ) ;
#4009 = ORIENTED_EDGE ( 'NONE', *, *, #3337, .T. ) ;
#4010 = LINE ( 'NONE', #2467, #3239 ) ;
#4011 = CIRCLE ( 'NONE', #260, 1.999999999999994893 ) ;
#4012 = VERTEX_POINT ( 'NONE', #1741 ) ;
#4013 = ORIENTED_EDGE ( 'NONE', *, *, #3256, .T. ) ;
#4014 = ADVANCED_FACE ( 'NONE', ( #2968 ), #436, .F. ) ;
#4015 = FACE_OUTER_BOUND ( 'NONE', #222, .T. ) ;
#4016 = DIRECTION ( 'NONE',  ( -0.000000000000000000, -1.000000000000000000, -0.000000000000000000 ) ) ;
#4017 = DIRECTION ( 'NONE',  ( 0.000000000000000000, 0.000000000000000000, -1.000000000000000000 ) ) ;
#4018 = ORIENTED_EDGE ( 'NONE', *, *, #3064, .T. ) ;
#4019 = CIRCLE ( 'NONE', #3417, 3.000000000000002665 ) ;
#4020 = CARTESIAN_POINT ( 'NONE',  ( -55.15000000000001990, 3.000000000000000000, -29.25000000000000000 ) ) ;
#4021 = VECTOR ( 'NONE', #2294, 1000.000000000000000 ) ;
#4022 = AXIS2_PLACEMENT_3D ( 'NONE', #2338, #1323, #1346 ) ;
#4023 = VERTEX_POINT ( 'NONE', #711 ) ;
#4024 = EDGE_CURVE ( 'NONE', #1292, #134, #1265, .T. ) ;
#4025 = CARTESIAN_POINT ( 'NONE',  ( -63.15000000000001279, 3.000000000000000000, 0.000000000000000000 ) ) ;
#4026 = EDGE_CURVE ( 'NONE', #3124, #2291, #3293, .T. ) ;
#4027 = LINE ( 'NONE', #3397, #3551 ) ;
#4028 = FACE_OUTER_BOUND ( 'NONE', #3640, .T. ) ;
#4029 = EDGE_CURVE ( 'NONE', #2995, #1452, #2055, .T. ) ;
#4030 = VERTEX_POINT ( 'NONE', #3339 ) ;
#4031 = CARTESIAN_POINT ( 'NONE',  ( 95.50000000000000000, 3.000000000000000000, 0.000000000000000000 ) ) ;
#4032 = ORIENTED_EDGE ( 'NONE', *, *, #713, .T. ) ;
#4033 = LINE ( 'NONE', #525, #550 ) ;
#4034 = ORIENTED_EDGE ( 'NONE', *, *, #2675, .T. ) ;
#4035 = CARTESIAN_POINT ( 'NONE',  ( 4.915049848600952908E-15, 3.000000000000000000, 50.99999999999999289 ) ) ;
#4036 = VECTOR ( 'NONE', #2497, 1000.000000000000000 ) ;
#4037 = CARTESIAN_POINT ( 'NONE',  ( 31.50000000000000000, 3.000000000000000000, 29.00000000000000711 ) ) ;
#4038 = CARTESIAN_POINT ( 'NONE',  ( -55.15000000000001990, 3.000000000000000000, 0.000000000000000000 ) ) ;
#4039 = ORIENTED_EDGE ( 'NONE', *, *, #1180, .T. ) ;
#4040 = CARTESIAN_POINT ( 'NONE',  ( 17.50000000000008171, 0.000000000000000000, -3.469446951953629335E-14 ) ) ;
#4041 = AXIS2_PLACEMENT_3D ( 'NONE', #254, #1807, #1534 ) ;
#4042 = EDGE_CURVE ( 'NONE', #3232, #2774, #3300, .T. ) ;
#4043 = VECTOR ( 'NONE', #1879, 1000.000000000000000 ) ;
#4044 = ORIENTED_EDGE ( 'NONE', *, *, #228, .F. ) ;
#4045 = LINE ( 'NONE', #1251, #1327 ) ;
#4046 = EDGE_CURVE ( 'NONE', #250, #2058, #1130, .T. ) ;
#4047 = CARTESIAN_POINT ( 'NONE',  ( 48.64999999999999147, 3.000000000000000000, 0.000000000000000000 ) ) ;
#4048 = CARTESIAN_POINT ( 'NONE',  ( 31.49999999999998579, 0.000000000000000000, -0.000000000000000000 ) ) ;
#4049 = EDGE_CURVE ( 'NONE', #150, #3980, #3050, .T. ) ;
#4050 = VERTEX_POINT ( 'NONE', #1446 ) ;
#4051 = DIRECTION ( 'NONE',  ( -1.000000000000000000, 0.000000000000000000, -0.000000000000000000 ) ) ;
#4052 = ORIENTED_EDGE ( 'NONE', *, *, #3717, .F. ) ;
#4053 = CARTESIAN_POINT ( 'NONE',  ( 31.49999999999998579, 3.000000000000000000, 0.000000000000000000 ) ) ;
#4054 = VERTEX_POINT ( 'NONE', #2711 ) ;
#4055 = DIRECTION ( 'NONE',  ( -0.000000000000000000, -1.000000000000000000, -0.000000000000000000 ) ) ;
#4056 = CARTESIAN_POINT ( 'NONE',  ( -63.15000000000001279, 3.000000000000000000, -17.99999999999999289 ) ) ;
#4057 = DIRECTION ( 'NONE',  ( 0.000000000000000000, 0.000000000000000000, 1.000000000000000000 ) ) ;
#4058 = CARTESIAN_POINT ( 'NONE',  ( 48.64999999999999147, 0.000000000000000000, 0.000000000000000000 ) ) ;
#4059 = VERTEX_POINT ( 'NONE', #3112 ) ;
#4060 = CARTESIAN_POINT ( 'NONE',  ( -55.15000000000001990, 3.000000000000000000, -25.99999999999999289 ) ) ;
#4061 = LINE ( 'NONE', #1838, #1539 ) ;
#4062 = ORIENTED_EDGE ( 'NONE', *, *, #872, .T. ) ;
#4063 = EDGE_CURVE ( 'NONE', #3177, #1583, #2796, .T. ) ;
#4064 = DIRECTION ( 'NONE',  ( -0.000000000000000000, -1.000000000000000000, -0.000000000000000000 ) ) ;
#4065 = LINE ( 'NONE', #4004, #2906 ) ;
#4066 = CARTESIAN_POINT ( 'NONE',  ( -69.64999999999999147, 3.000000000000000000, 17.99999999999999289 ) ) ;
#4067 = VERTEX_POINT ( 'NONE', #3671 ) ;
#4068 = DIRECTION ( 'NONE',  ( 0.000000000000000000, 0.000000000000000000, 1.000000000000000000 ) ) ;
#4069 = EDGE_CURVE ( 'NONE', #3227, #3087, #851, .T. ) ;
#4070 = EDGE_CURVE ( 'NONE', #1264, #2084, #2077, .T. ) ;
#4071 = EDGE_LOOP ( 'NONE', ( #1387, #1412, #3733, #3916 ) ) ;
#4072 = CARTESIAN_POINT ( 'NONE',  ( 55.15000000000004832, 0.000000000000000000, -17.99999999999997868 ) ) ;
#4073 = ORIENTED_EDGE ( 'NONE', *, *, #2663, .T. ) ;
#4074 = LINE ( 'NONE', #2492, #738 ) ;
#4075 = ADVANCED_FACE ( 'NONE', ( #3418 ), #3090, .T. ) ;
#4076 = LINE ( 'NONE', #3981, #526 ) ;
#4077 = VECTOR ( 'NONE', #2925, 1000.000000000000000 ) ;
#4078 = CARTESIAN_POINT ( 'NONE',  ( 20.49999999999995026, 3.000000000000000000, -51.00000000000000711 ) ) ;
#4079 = DIRECTION ( 'NONE',  ( -0.000000000000000000, -1.000000000000000000, -0.000000000000000000 ) ) ;
#4080 = ORIENTED_EDGE ( 'NONE', *, *, #1769, .F. ) ;
#4081 = DIRECTION ( 'NONE',  ( -1.000000000000000000, 0.000000000000000000, 6.746146851020918889E-16 ) ) ;
#4082 = DIRECTION ( 'NONE',  ( -0.000000000000000000, -1.000000000000000000, -0.000000000000000000 ) ) ;
#4083 = AXIS2_PLACEMENT_3D ( 'NONE', #3584, #3892, #1290 ) ;
#4084 = ORIENTED_EDGE ( 'NONE', *, *, #710, .T. ) ;
#4085 = DIRECTION ( 'NONE',  ( 1.000000000000000000, -0.000000000000000000, 1.321694076934709810E-15 ) ) ;
#4086 = AXIS2_PLACEMENT_3D ( 'NONE', #479, #1781, #2777 ) ;
#4087 = VECTOR ( 'NONE', #2657, 1000.000000000000000 ) ;
#4088 = EDGE_CURVE ( 'NONE', #313, #2004, #209, .T. ) ;
#4089 = CARTESIAN_POINT ( 'NONE',  ( 5.947623346206188427E-15, 3.000000000000000000, -18.00000000000000000 ) ) ;
#4090 = EDGE_LOOP ( 'NONE', ( #268, #3371, #3947, #4102, #339, #3818, #4080, #3425, #3250, #860, #2642, #385 ) ) ;
#4091 = DIRECTION ( 'NONE',  ( 0.000000000000000000, 0.000000000000000000, 1.000000000000000000 ) ) ;
#4092 = VECTOR ( 'NONE', #1726, 1000.000000000000000 ) ;
#4093 = ORIENTED_EDGE ( 'NONE', *, *, #2644, .T. ) ;
#4094 = LINE ( 'NONE', #570, #623 ) ;
#4095 = ORIENTED_EDGE ( 'NONE', *, *, #3408, .T. ) ;
#4096 = DIRECTION ( 'NONE',  ( 0.000000000000000000, 0.000000000000000000, -1.000000000000000000 ) ) ;
#4097 = PLANE ( 'NONE',  #2136 ) ;
#4098 = DIRECTION ( 'NONE',  ( 1.000000000000000000, -0.000000000000000000, 0.000000000000000000 ) ) ;
#4099 = EDGE_CURVE ( 'NONE', #3578, #1281, #4027, .T. ) ;
#4100 = LINE ( 'NONE', #2769, #545 ) ;
#4101 = AXIS2_PLACEMENT_3D ( 'NONE', #2248, #3997, #1459 ) ;
#4102 = ORIENTED_EDGE ( 'NONE', *, *, #4088, .T. ) ;
#4103 = DIRECTION ( 'NONE',  ( -0.000000000000000000, -1.000000000000000000, -0.000000000000000000 ) ) ;
#4104 = ADVANCED_FACE ( 'NONE', ( #1466 ), #518, .F. ) ;
#4105 = AXIS2_PLACEMENT_3D ( 'NONE', #468, #2746, #1776 ) ;
#4106 = PLANE ( 'NONE',  #799 ) ;
#4107 = EDGE_CURVE ( 'NONE', #3778, #3177, #4065, .T. ) ;
#4108 = AXIS2_PLACEMENT_3D ( 'NONE', #755, #3322, #3986 ) ;
#4109 = ORIENTED_EDGE ( 'NONE', *, *, #3333, .F. ) ;
#4110 = DIRECTION ( 'NONE',  ( -1.000000000000000000, 0.000000000000000000, 0.000000000000000000 ) ) ;
#4111 = VECTOR ( 'NONE', #4103, 1000.000000000000000 ) ;
#4112 = AXIS2_PLACEMENT_3D ( 'NONE', #3321, #2947, #2016 ) ;
#4113 = LINE ( 'NONE', #2526, #3564 ) ;
#4114 = VERTEX_POINT ( 'NONE', #3069 ) ;
#4115 = DIRECTION ( 'NONE',  ( -0.000000000000000000, -1.000000000000000000, -0.000000000000000000 ) ) ;
#4116 = CARTESIAN_POINT ( 'NONE',  ( 31.50000000000000000, 0.000000000000000000, -29.00000000000000711 ) ) ;
#4117 = DIRECTION ( 'NONE',  ( 1.000000000000000000, -0.000000000000000000, 0.000000000000000000 ) ) ;
#4118 = VERTEX_POINT ( 'NONE', #2165 ) ;
#4119 = CARTESIAN_POINT ( 'NONE',  ( -44.80000000000020322, 3.000000000000000000, -2.072416312633628403E-13 ) ) ;
#4120 = DIRECTION ( 'NONE',  ( 0.000000000000000000, 1.000000000000000000, -0.000000000000000000 ) ) ;
#4121 = ORIENTED_EDGE ( 'NONE', *, *, #2593, .F. ) ;
#4122 = PLANE ( 'NONE',  #1744 ) ;
#4123 = FACE_OUTER_BOUND ( 'NONE', #447, .T. ) ;
#4124 = ORIENTED_EDGE ( 'NONE', *, *, #3771, .F. ) ;
#4125 = CARTESIAN_POINT ( 'NONE',  ( 31.49999999999998579, 3.000000000000000000, 0.000000000000000000 ) ) ;
#4126 = ADVANCED_FACE ( 'NONE', ( #1801 ), #1509, .T. ) ;
#4127 = CARTESIAN_POINT ( 'NONE',  ( 164.5000000000000568, 0.000000000000000000, 74.99999999999991473 ) ) ;
#4128 =( BOUNDED_CURVE ( )  B_SPLINE_CURVE ( 3, ( #729, #1278, #3840, #2014 ),
 .UNSPECIFIED., .F., .T. ) 
 B_SPLINE_CURVE_WITH_KNOTS ( ( 4, 4 ),
 ( 3.141592653589793116, 6.283185307179586232 ),
 .UNSPECIFIED. ) 
 CURVE ( )  GEOMETRIC_REPRESENTATION_ITEM ( )  RATIONAL_B_SPLINE_CURVE ( ( 1.000000000000000000, 0.3333333333333333703, 0.3333333333333333703, 1.000000000000000000 ) ) 
 REPRESENTATION_ITEM ( '' )  );
#4129 = EDGE_CURVE ( 'NONE', #1246, #1243, #1425, .T. ) ;
#4130 = ORIENTED_EDGE ( 'NONE', *, *, #473, .F. ) ;
#4131 = LINE ( 'NONE', #2542, #857 ) ;
#4132 = DIRECTION ( 'NONE',  ( 0.000000000000000000, 0.000000000000000000, 1.000000000000000000 ) ) ;
#4133 = ORIENTED_EDGE ( 'NONE', *, *, #652, .T. ) ;
#4134 = CARTESIAN_POINT ( 'NONE',  ( -6.782377500059701816E-15, 0.000000000000000000, -26.00000000000000355 ) ) ;
#4135 = CARTESIAN_POINT ( 'NONE',  ( 17.50000000000002132, 0.000000000000000000, 74.99999999999997158 ) ) ;
#4136 = CYLINDRICAL_SURFACE ( 'NONE', #3044, 2.000000000000001776 ) ;
#4137 = ORIENTED_EDGE ( 'NONE', *, *, #3252, .T. ) ;
#4138 = LINE ( 'NONE', #1261, #140 ) ;
#4139 = DIRECTION ( 'NONE',  ( -1.000000000000000000, 0.000000000000000000, -0.000000000000000000 ) ) ;
#4140 = VERTEX_POINT ( 'NONE', #2481 ) ;
#4141 = CARTESIAN_POINT ( 'NONE',  ( -69.64999999999999147, 3.000000000000000000, 25.99999999999999289 ) ) ;
#4142 = CARTESIAN_POINT ( 'NONE',  ( 63.14999999999997016, 3.000000000000000000, 29.25000000000001421 ) ) ;
#4143 = EDGE_CURVE ( 'NONE', #571, #1372, #3751, .T. ) ;
#4144 = ORIENTED_EDGE ( 'NONE', *, *, #3108, .F. ) ;
#4145 = CARTESIAN_POINT ( 'NONE',  ( -31.49999999999998579, 0.000000000000000000, 50.99999999999999289 ) ) ;
#4146 = CARTESIAN_POINT ( 'NONE',  ( 95.50000000000004263, 3.000000000000000000, 74.99999999999997158 ) ) ;
#4147 = ORIENTED_EDGE ( 'NONE', *, *, #3061, .T. ) ;
#4148 = VECTOR ( 'NONE', #4064, 1000.000000000000000 ) ;
#4149 = CARTESIAN_POINT ( 'NONE',  ( -95.49999999999998579, 3.000000000000000000, -75.00000000000000000 ) ) ;
#4150 = CARTESIAN_POINT ( 'NONE',  ( 95.50000000000000000, 0.000000000000000000, 74.99999999999995737 ) ) ;
#4151 = EDGE_CURVE ( 'NONE', #1583, #3422, #1150, .T. ) ;
#4152 = ORIENTED_EDGE ( 'NONE', *, *, #1795, .F. ) ;
#4153 = MECHANICAL_DESIGN_GEOMETRIC_PRESENTATION_REPRESENTATION (  '', ( #2819 ), #1471 ) ;
#4154 = PLANE ( 'NONE',  #921 ) ;
ENDSEC;
END-ISO-10303-21;
