ISO-10303-21;
HEADER;
FILE_DESCRIPTION (( 'STEP AP214' ),
    '1' );
FILE_NAME ('counter moment wheel.STEP',
    '2022-09-05T23:13:38',
    ( '' ),
    ( '' ),
    'SwSTEP 2.0',
    'SolidWorks 2021',
    '' );
FILE_SCHEMA (( 'AUTOMOTIVE_DESIGN' ));
ENDSEC;

DATA;
#1 = VECTOR ( 'NONE', #335, 1000.000000000000000 ) ;
#2 = FACE_BOUND ( 'NONE', #825, .T. ) ;
#3 = CARTESIAN_POINT ( 'NONE',  ( 8.533267465377127436, 6.941422502941036576, 0.000000000000000000 ) ) ;
#4 = EDGE_LOOP ( 'NONE', ( #101, #2756, #1846, #2571 ) ) ;
#5 = VERTEX_POINT ( 'NONE', #737 ) ;
#6 = EDGE_CURVE ( 'NONE', #2713, #1141, #1456, .T. ) ;
#7 = DIRECTION ( 'NONE',  ( -1.000000000000000000, -1.038790387156481519E-14, 0.000000000000000000 ) ) ;
#8 = AXIS2_PLACEMENT_3D ( 'NONE', #2262, #2053, #1806 ) ;
#9 = ORIENTED_EDGE ( 'NONE', *, *, #175, .T. ) ;
#10 =( LENGTH_UNIT ( ) NAMED_UNIT ( * ) SI_UNIT ( .MILLI., .METRE. ) );
#11 = CARTESIAN_POINT ( 'NONE',  ( -2.823492619877220111, 10.63145754003179633, 3.000000000000000000 ) ) ;
#12 = DIRECTION ( 'NONE',  ( -0.5877852522924625900, -0.8090169943749551118, 0.000000000000000000 ) ) ;
#13 = DIRECTION ( 'NONE',  ( 0.8090169943749551118, -0.5877852522924625900, 0.000000000000000000 ) ) ;
#14 = ORIENTED_EDGE ( 'NONE', *, *, #2572, .T. ) ;
#15 = EDGE_CURVE ( 'NONE', #2264, #1919, #2567, .T. ) ;
#16 = LINE ( 'NONE', #2544, #614 ) ;
#17 = DIRECTION ( 'NONE',  ( 1.000000000000000000, 0.000000000000000000, 0.000000000000000000 ) ) ;
#18 = EDGE_LOOP ( 'NONE', ( #1413, #1168, #613, #243 ) ) ;
#19 = EDGE_LOOP ( 'NONE', ( #267, #1049, #1862, #1633 ) ) ;
#20 = CARTESIAN_POINT ( 'NONE',  ( -0.6000000000000005329, 7.225129756620291666, 3.000000000000000000 ) ) ;
#21 = PLANE ( 'NONE',  #1450 ) ;
#22 = ORIENTED_EDGE ( 'NONE', *, *, #371, .T. ) ;
#23 = AXIS2_PLACEMENT_3D ( 'NONE', #1089, #2219, #2646 ) ;
#24 = DIRECTION ( 'NONE',  ( -0.3090169943749349613, -0.9510565162951576390, 0.000000000000000000 ) ) ;
#25 = DIRECTION ( 'NONE',  ( -0.000000000000000000, -0.000000000000000000, -1.000000000000000000 ) ) ;
#26 = PLANE ( 'NONE',  #683 ) ;
#27 = ORIENTED_EDGE ( 'NONE', *, *, #1556, .T. ) ;
#28 = EDGE_CURVE ( 'NONE', #1095, #2001, #512, .T. ) ;
#29 = DIRECTION ( 'NONE',  ( -8.654014496458452906E-17, -1.000000000000000000, 0.000000000000000000 ) ) ;
#30 = LINE ( 'NONE', #1896, #2858 ) ;
#31 = VERTEX_POINT ( 'NONE', #2351 ) ;
#32 = LINE ( 'NONE', #48, #819 ) ;
#33 = LINE ( 'NONE', #2645, #1947 ) ;
#34 = AXIS2_PLACEMENT_3D ( 'NONE', #1885, #1017, #2802 ) ;
#35 = LINE ( 'NONE', #958, #194 ) ;
#36 = LINE ( 'NONE', #1913, #2300 ) ;
#37 = VERTEX_POINT ( 'NONE', #2156 ) ;
#38 = DIRECTION ( 'NONE',  ( 0.000000000000000000, -0.000000000000000000, 1.000000000000000000 ) ) ;
#39 = EDGE_CURVE ( 'NONE', #225, #1030, #2129, .T. ) ;
#40 = AXIS2_PLACEMENT_3D ( 'NONE', #2364, #952, #509 ) ;
#41 = DIRECTION ( 'NONE',  ( -0.000000000000000000, -0.000000000000000000, 1.000000000000000000 ) ) ;
#42 = EDGE_CURVE ( 'NONE', #818, #297, #1427, .T. ) ;
#43 = ORIENTED_EDGE ( 'NONE', *, *, #152, .F. ) ;
#44 = CARTESIAN_POINT ( 'NONE',  ( -1.750000000000000666, 1.989974874213239486, 3.000000000000000000 ) ) ;
#45 = CARTESIAN_POINT ( 'NONE',  ( -0.6000000000000001998, -10.98362417419678394, 3.000000000000000000 ) ) ;
#46 = VECTOR ( 'NONE', #131, 1000.000000000000000 ) ;
#47 = VERTEX_POINT ( 'NONE', #2598 ) ;
#48 = CARTESIAN_POINT ( 'NONE',  ( 10.63145754003182297, -2.823492619877109977, 0.000000000000000000 ) ) ;
#49 = ORIENTED_EDGE ( 'NONE', *, *, #1143, .T. ) ;
#50 =( NAMED_UNIT ( * ) SI_UNIT ( $, .STERADIAN. ) SOLID_ANGLE_UNIT ( ) );
#51 = EDGE_CURVE ( 'NONE', #752, #1436, #546, .T. ) ;
#52 = CARTESIAN_POINT ( 'NONE',  ( -10.98362417419678216, -0.6000000000000385025, 0.000000000000000000 ) ) ;
#53 = DIRECTION ( 'NONE',  ( -0.5877852522924653655, -0.8090169943749531134, 0.000000000000000000 ) ) ;
#54 = ORIENTED_EDGE ( 'NONE', *, *, #1336, .T. ) ;
#55 = DIRECTION ( 'NONE',  ( 0.8090169943749402348, 0.5877852522924830181, 0.000000000000000000 ) ) ;
#56 = VECTOR ( 'NONE', #2623, 999.9999999999998863 ) ;
#57 = CARTESIAN_POINT ( 'NONE',  ( 5.970602109691076187, -9.238609768128128508, 0.000000000000000000 ) ) ;
#58 = VERTEX_POINT ( 'NONE', #766 ) ;
#59 = ADVANCED_FACE ( 'NONE', ( #2379 ), #1691, .F. ) ;
#60 = VECTOR ( 'NONE', #2499, 1000.000000000000114 ) ;
#61 = LINE ( 'NONE', #2827, #472 ) ;
#62 = DIRECTION ( 'NONE',  ( 3.491481338843133355E-15, -1.000000000000000000, -0.000000000000000000 ) ) ;
#63 = VERTEX_POINT ( 'NONE', #1470 ) ;
#64 = ORIENTED_EDGE ( 'NONE', *, *, #1116, .T. ) ;
#65 = PRESENTATION_STYLE_ASSIGNMENT (( #2616 ) ) ;
#66 = DIRECTION ( 'NONE',  ( -0.8090169943749486725, 0.5877852522924714718, 0.000000000000000000 ) ) ;
#67 = CARTESIAN_POINT ( 'NONE',  ( 5.970602109690872794, 9.238609768128256405, 0.000000000000000000 ) ) ;
#68 = ORIENTED_EDGE ( 'NONE', *, *, #2305, .F. ) ;
#69 = EDGE_CURVE ( 'NONE', #545, #2244, #1938, .T. ) ;
#70 = FACE_OUTER_BOUND ( 'NONE', #1620, .T. ) ;
#71 = VECTOR ( 'NONE', #480, 1000.000000000000000 ) ;
#72 = EDGE_CURVE ( 'NONE', #906, #2965, #2336, .T. ) ;
#73 = LINE ( 'NONE', #2839, #1026 ) ;
#74 = VECTOR ( 'NONE', #1216, 1000.000000000000114 ) ;
#75 = ORIENTED_EDGE ( 'NONE', *, *, #2804, .T. ) ;
#76 = DIRECTION ( 'NONE',  ( -0.3090169943749481729, 0.9510565162951534202, 0.000000000000000000 ) ) ;
#77 = LINE ( 'NONE', #2139, #742 ) ;
#78 = EDGE_CURVE ( 'NONE', #2278, #624, #32, .T. ) ;
#79 = ORIENTED_EDGE ( 'NONE', *, *, #327, .T. ) ;
#80 = DIRECTION ( 'NONE',  ( 0.5877852522924742473, -0.8090169943749466741, 0.000000000000000000 ) ) ;
#81 = EDGE_LOOP ( 'NONE', ( #1219, #1158, #300, #1551 ) ) ;
#82 = SURFACE_SIDE_STYLE ('',( #2116 ) ) ;
#83 = DIRECTION ( 'NONE',  ( 0.5877852522924713607, 0.8090169943749486725, 0.000000000000000000 ) ) ;
#84 = CARTESIAN_POINT ( 'NONE',  ( 5.970602109691076187, -9.238609768128128508, 0.000000000000000000 ) ) ;
#85 = VERTEX_POINT ( 'NONE', #2629 ) ;
#86 = VECTOR ( 'NONE', #970, 1000.000000000000114 ) ;
#87 = LINE ( 'NONE', #803, #961 ) ;
#88 = LINE ( 'NONE', #775, #492 ) ;
#89 = ADVANCED_FACE ( 'NONE', ( #1486 ), #331, .F. ) ;
#90 = VECTOR ( 'NONE', #1189, 1000.000000000000000 ) ;
#91 = ORIENTED_EDGE ( 'NONE', *, *, #470, .T. ) ;
#92 = PLANE ( 'NONE',  #2896 ) ;
#93 = CARTESIAN_POINT ( 'NONE',  ( -1.662053971582710732, 7.056916932736714720, 0.000000000000000000 ) ) ;
#94 = ORIENTED_EDGE ( 'NONE', *, *, #1448, .T. ) ;
#95 = CARTESIAN_POINT ( 'NONE',  ( 10.98362417419677683, 0.6000000000001152189, 3.000000000000000000 ) ) ;
#96 = ORIENTED_EDGE ( 'NONE', *, *, #289, .T. ) ;
#97 = LINE ( 'NONE', #1032, #162 ) ;
#98 = CARTESIAN_POINT ( 'NONE',  ( -8.533267465377180727, -6.941422502940973516, 0.000000000000000000 ) ) ;
#99 = AXIS2_PLACEMENT_3D ( 'NONE', #2762, #1639, #24 ) ;
#100 = LINE ( 'NONE', #2103, #2794 ) ;
#101 = ORIENTED_EDGE ( 'NONE', *, *, #1378, .T. ) ;
#102 = EDGE_CURVE ( 'NONE', #562, #913, #1259, .T. ) ;
#103 = FACE_OUTER_BOUND ( 'NONE', #429, .T. ) ;
#104 = LINE ( 'NONE', #805, #56 ) ;
#105 = VECTOR ( 'NONE', #506, 1000.000000000000114 ) ;
#106 = VERTEX_POINT ( 'NONE', #2615 ) ;
#107 = AXIS2_PLACEMENT_3D ( 'NONE', #764, #527, #1454 ) ;
#108 = LINE ( 'NONE', #1028, #2060 ) ;
#109 = DIRECTION ( 'NONE',  ( -0.3090169943749411230, -0.9510565162951555296, 0.000000000000000000 ) ) ;
#110 = ORIENTED_EDGE ( 'NONE', *, *, #2042, .F. ) ;
#111 = CARTESIAN_POINT ( 'NONE',  ( 13.00000000000000178, 1.592040838891559293E-15, 3.000000000000000000 ) ) ;
#112 = CARTESIAN_POINT ( 'NONE',  ( -2.803321791136896390, 6.686096539486776180, 3.000000000000000000 ) ) ;
#113 = EDGE_CURVE ( 'NONE', #1436, #797, #1923, .T. ) ;
#114 = CARTESIAN_POINT ( 'NONE',  ( 6.686096539486745094, 2.803321791136966556, 0.000000000000000000 ) ) ;
#115 = DIRECTION ( 'NONE',  ( 0.000000000000000000, -1.000000000000000000, 0.000000000000000000 ) ) ;
#116 = ORIENTED_EDGE ( 'NONE', *, *, #1585, .T. ) ;
#117 = VERTEX_POINT ( 'NONE', #1898 ) ;
#118 = DIRECTION ( 'NONE',  ( 0.9510565162951577500, -0.3090169943749349057, 0.000000000000000000 ) ) ;
#119 = FACE_OUTER_BOUND ( 'NONE', #2614, .T. ) ;
#120 = EDGE_CURVE ( 'NONE', #857, #2205, #956, .T. ) ;
#121 = ORIENTED_EDGE ( 'NONE', *, *, #2711, .F. ) ;
#122 = ADVANCED_FACE ( 'NONE', ( #2818 ), #751, .F. ) ;
#123 = LINE ( 'NONE', #1014, #670 ) ;
#124 = LINE ( 'NONE', #329, #1993 ) ;
#125 = EDGE_CURVE ( 'NONE', #1835, #2506, #827, .T. ) ;
#126 = ORIENTED_EDGE ( 'NONE', *, *, #808, .T. ) ;
#127 = LINE ( 'NONE', #591, #2295 ) ;
#128 = CARTESIAN_POINT ( 'NONE',  ( 10.63145754003176435, 2.823492619877332910, 0.000000000000000000 ) ) ;
#129 = ORIENTED_EDGE ( 'NONE', *, *, #1288, .F. ) ;
#130 = FACE_OUTER_BOUND ( 'NONE', #787, .T. ) ;
#131 = DIRECTION ( 'NONE',  ( 0.000000000000000000, -0.000000000000000000, 1.000000000000000000 ) ) ;
#132 = EDGE_CURVE ( 'NONE', #262, #2965, #617, .T. ) ;
#133 = VERTEX_POINT ( 'NONE', #1560 ) ;
#134 = ORIENTED_EDGE ( 'NONE', *, *, #1170, .T. ) ;
#135 = CARTESIAN_POINT ( 'NONE',  ( 8.533267465377127436, 6.941422502941036576, 3.000000000000000000 ) ) ;
#136 = DIRECTION ( 'NONE',  ( -0.000000000000000000, -0.000000000000000000, 1.000000000000000000 ) ) ;
#137 = VERTEX_POINT ( 'NONE', #153 ) ;
#138 = EDGE_CURVE ( 'NONE', #1238, #1108, #1306, .T. ) ;
#139 = CARTESIAN_POINT ( 'NONE',  ( -1.750000000000000666, 0.000000000000000000, 0.000000000000000000 ) ) ;
#140 = ORIENTED_EDGE ( 'NONE', *, *, #2006, .T. ) ;
#141 = DIRECTION ( 'NONE',  ( -0.9510565162951555296, 0.3090169943749411785, 0.000000000000000000 ) ) ;
#142 = VECTOR ( 'NONE', #482, 1000.000000000000114 ) ;
#143 = LINE ( 'NONE', #1955, #804 ) ;
#144 = CARTESIAN_POINT ( 'NONE',  ( -10.26063714678184446, -3.964760439431441963, 0.000000000000000000 ) ) ;
#145 = ORIENTED_EDGE ( 'NONE', *, *, #2750, .T. ) ;
#146 = ORIENTED_EDGE ( 'NONE', *, *, #2627, .T. ) ;
#147 = FACE_OUTER_BOUND ( 'NONE', #1343, .T. ) ;
#148 = VERTEX_POINT ( 'NONE', #2440 ) ;
#149 = DIRECTION ( 'NONE',  ( -0.5877852522924801315, 0.8090169943749423442, 0.000000000000000000 ) ) ;
#150 = LINE ( 'NONE', #851, #205 ) ;
#151 = ORIENTED_EDGE ( 'NONE', *, *, #1134, .F. ) ;
#152 = EDGE_CURVE ( 'NONE', #2524, #817, #1983, .T. ) ;
#153 = CARTESIAN_POINT ( 'NONE',  ( -7.056916932736719161, 1.662053971582686085, 3.000000000000000000 ) ) ;
#154 = DIRECTION ( 'NONE',  ( 0.3090169943749582204, -0.9510565162951499785, 0.000000000000000000 ) ) ;
#155 = CARTESIAN_POINT ( 'NONE',  ( 0.6000000000000005329, -7.225129756620291666, 0.000000000000000000 ) ) ;
#156 = ORIENTED_EDGE ( 'NONE', *, *, #227, .T. ) ;
#157 = ORIENTED_EDGE ( 'NONE', *, *, #1448, .F. ) ;
#158 = EDGE_LOOP ( 'NONE', ( #2916, #2665, #991, #2798 ) ) ;
#159 = DIRECTION ( 'NONE',  ( -0.000000000000000000, -0.000000000000000000, 1.000000000000000000 ) ) ;
#160 = EDGE_CURVE ( 'NONE', #2878, #2264, #1545, .T. ) ;
#161 = EDGE_LOOP ( 'NONE', ( #2237, #832, #468, #1544 ) ) ;
#162 = VECTOR ( 'NONE', #1504, 1000.000000000000227 ) ;
#163 = CARTESIAN_POINT ( 'NONE',  ( 7.056916932736730708, -1.662053971582637457, 0.000000000000000000 ) ) ;
#164 = ADVANCED_FACE ( 'NONE', ( #2685 ), #1319, .F. ) ;
#165 = FACE_OUTER_BOUND ( 'NONE', #837, .T. ) ;
#166 = EDGE_LOOP ( 'NONE', ( #2378, #2672, #2792, #1628 ) ) ;
#167 = DIRECTION ( 'NONE',  ( -0.000000000000000000, 0.000000000000000000, 1.000000000000000000 ) ) ;
#168 = DIRECTION ( 'NONE',  ( -0.9510565162951545304, 0.3090169943749447312, 0.000000000000000000 ) ) ;
#169 = EDGE_CURVE ( 'NONE', #2496, #2340, #838, .T. ) ;
#170 = LINE ( 'NONE', #2177, #2403 ) ;
#171 = ORIENTED_EDGE ( 'NONE', *, *, #1644, .F. ) ;
#172 = EDGE_LOOP ( 'NONE', ( #27, #2004, #765, #1609 ) ) ;
#173 = ORIENTED_EDGE ( 'NONE', *, *, #1236, .F. ) ;
#174 = CARTESIAN_POINT ( 'NONE',  ( 1.662053971582760692, -7.056916932736701398, 3.000000000000000000 ) ) ;
#175 = EDGE_CURVE ( 'NONE', #2331, #2807, #2173, .T. ) ;
#176 = CARTESIAN_POINT ( 'NONE',  ( 6.941422502941007266, -8.533267465377150529, 3.000000000000000000 ) ) ;
#177 = CARTESIAN_POINT ( 'NONE',  ( -3.761414520215953683, 6.197923911045422507, 0.000000000000000000 ) ) ;
#178 = DIRECTION ( 'NONE',  ( 0.8090169943749531134, -0.5877852522924653655, 0.000000000000000000 ) ) ;
#179 = VECTOR ( 'NONE', #1229, 999.9999999999998863 ) ;
#180 = EDGE_CURVE ( 'NONE', #2204, #254, #1088, .T. ) ;
#181 = LINE ( 'NONE', #1782, #2975 ) ;
#182 = ORIENTED_EDGE ( 'NONE', *, *, #2332, .F. ) ;
#183 = FACE_OUTER_BOUND ( 'NONE', #1537, .T. ) ;
#184 = FACE_BOUND ( 'NONE', #1783, .T. ) ;
#185 = FACE_OUTER_BOUND ( 'NONE', #1592, .T. ) ;
#186 = ORIENTED_EDGE ( 'NONE', *, *, #253, .F. ) ;
#187 = VECTOR ( 'NONE', #438, 1000.000000000000114 ) ;
#188 = ORIENTED_EDGE ( 'NONE', *, *, #1527, .F. ) ;
#189 = FACE_OUTER_BOUND ( 'NONE', #409, .T. ) ;
#190 = VERTEX_POINT ( 'NONE', #2427 ) ;
#191 = EDGE_CURVE ( 'NONE', #1867, #2054, #575, .T. ) ;
#192 = CARTESIAN_POINT ( 'NONE',  ( 10.26063714678181427, 3.964760439431513017, 0.000000000000000000 ) ) ;
#193 = CARTESIAN_POINT ( 'NONE',  ( -0.6000000000000001998, -10.98362417419678394, 0.000000000000000000 ) ) ;
#194 = VECTOR ( 'NONE', #973, 1000.000000000000000 ) ;
#195 = LINE ( 'NONE', #1569, #1078 ) ;
#196 = CARTESIAN_POINT ( 'NONE',  ( 6.941422502940819861, 8.533267465377303296, 0.000000000000000000 ) ) ;
#197 = VERTEX_POINT ( 'NONE', #1971 ) ;
#198 = CARTESIAN_POINT ( 'NONE',  ( 7.056916932736730708, -1.662053971582637457, 0.000000000000000000 ) ) ;
#199 = CARTESIAN_POINT ( 'NONE',  ( -0.6000000000000005329, -7.225129756620291666, 0.000000000000000000 ) ) ;
#200 = ORIENTED_EDGE ( 'NONE', *, *, #2642, .T. ) ;
#201 = VERTEX_POINT ( 'NONE', #2895 ) ;
#202 = EDGE_CURVE ( 'NONE', #595, #58, #1741, .T. ) ;
#203 = AXIS2_PLACEMENT_3D ( 'NONE', #2545, #653, #17 ) ;
#204 = DIRECTION ( 'NONE',  ( -1.000000000000000000, -1.038790387156481519E-14, 0.000000000000000000 ) ) ;
#205 = VECTOR ( 'NONE', #601, 1000.000000000000000 ) ;
#206 = VECTOR ( 'NONE', #760, 1000.000000000000000 ) ;
#207 = EDGE_LOOP ( 'NONE', ( #1632, #49, #2286, #2217 ) ) ;
#208 = DIRECTION ( 'NONE',  ( -0.8090169943749465631, -0.5877852522924742473, -0.000000000000000000 ) ) ;
#209 = EDGE_CURVE ( 'NONE', #1564, #1497, #1044, .T. ) ;
#210 = CARTESIAN_POINT ( 'NONE',  ( 0.6000000000000001998, 10.98362417419678394, 0.000000000000000000 ) ) ;
#211 = LINE ( 'NONE', #2076, #839 ) ;
#212 = ORIENTED_EDGE ( 'NONE', *, *, #1855, .T. ) ;
#213 = EDGE_CURVE ( 'NONE', #1746, #2054, #465, .T. ) ;
#214 = DIRECTION ( 'NONE',  ( 0.000000000000000000, -0.000000000000000000, 1.000000000000000000 ) ) ;
#215 = DIRECTION ( 'NONE',  ( 0.8090169943749507819, -0.5877852522924685852, -0.000000000000000000 ) ) ;
#216 = ORIENTED_EDGE ( 'NONE', *, *, #2642, .F. ) ;
#217 = VERTEX_POINT ( 'NONE', #2660 ) ;
#218 = ADVANCED_FACE ( 'NONE', ( #603 ), #2924, .F. ) ;
#219 = CARTESIAN_POINT ( 'NONE',  ( 10.63145754003182297, -2.823492619877109977, 0.000000000000000000 ) ) ;
#220 = VERTEX_POINT ( 'NONE', #2704 ) ;
#221 = APPLICATION_PROTOCOL_DEFINITION ( 'draft international standard', 'automotive_design', 1998, #1191 ) ;
#222 = CARTESIAN_POINT ( 'NONE',  ( -1.750000000000000666, -1.989974874213239486, 3.000000000000000000 ) ) ;
#223 = LINE ( 'NONE', #2330, #384 ) ;
#224 = FACE_OUTER_BOUND ( 'NONE', #19, .T. ) ;
#225 = VERTEX_POINT ( 'NONE', #2218 ) ;
#226 = AXIS2_PLACEMENT_3D ( 'NONE', #1997, #1723, #1785 ) ;
#227 = EDGE_CURVE ( 'NONE', #2340, #2669, #1766, .T. ) ;
#228 = FACE_BOUND ( 'NONE', #507, .T. ) ;
#229 = CARTESIAN_POINT ( 'NONE',  ( -2.823492619877220111, 10.63145754003179633, 0.000000000000000000 ) ) ;
#230 = EDGE_LOOP ( 'NONE', ( #2041, #2039, #2520, #1221 ) ) ;
#231 = ORIENTED_EDGE ( 'NONE', *, *, #1517, .T. ) ;
#232 = CARTESIAN_POINT ( 'NONE',  ( -5.492581608294470286, 4.732234913465870108, 0.000000000000000000 ) ) ;
#233 = AXIS2_PLACEMENT_3D ( 'NONE', #2276, #2064, #2246 ) ;
#234 = ORIENTED_EDGE ( 'NONE', *, *, #1512, .T. ) ;
#235 = CARTESIAN_POINT ( 'NONE',  ( -3.964760439431404659, 10.26063714678185868, 0.000000000000000000 ) ) ;
#236 = EDGE_CURVE ( 'NONE', #495, #1178, #127, .T. ) ;
#237 = LINE ( 'NONE', #728, #2868 ) ;
#238 = LINE ( 'NONE', #451, #1172 ) ;
#239 = ORIENTED_EDGE ( 'NONE', *, *, #51, .F. ) ;
#240 = FACE_OUTER_BOUND ( 'NONE', #388, .T. ) ;
#241 = CARTESIAN_POINT ( 'NONE',  ( -9.238609768128192457, 5.970602109690974935, 0.000000000000000000 ) ) ;
#242 = EDGE_LOOP ( 'NONE', ( #481, #173, #1016, #655 ) ) ;
#243 = ORIENTED_EDGE ( 'NONE', *, *, #1010, .T. ) ;
#244 = FACE_OUTER_BOUND ( 'NONE', #1426, .T. ) ;
#245 = CIRCLE ( 'NONE', #203, 13.00000000000000178 ) ;
#246 = ORIENTED_EDGE ( 'NONE', *, *, #1863, .T. ) ;
#247 = DIRECTION ( 'NONE',  ( -0.000000000000000000, -0.000000000000000000, -1.000000000000000000 ) ) ;
#248 = ORIENTED_EDGE ( 'NONE', *, *, #2914, .F. ) ;
#249 = ADVANCED_FACE ( 'NONE', ( #362 ), #1292, .F. ) ;
#250 = VECTOR ( 'NONE', #2061, 1000.000000000000000 ) ;
#251 = LINE ( 'NONE', #1163, #1687 ) ;
#252 = LINE ( 'NONE', #1293, #2429 ) ;
#253 = EDGE_CURVE ( 'NONE', #1970, #220, #651, .T. ) ;
#254 = VERTEX_POINT ( 'NONE', #2721 ) ;
#255 = LINE ( 'NONE', #2094, #1976 ) ;
#256 = LINE ( 'NONE', #483, #1268 ) ;
#257 = ORIENTED_EDGE ( 'NONE', *, *, #152, .T. ) ;
#258 = EDGE_LOOP ( 'NONE', ( #2918, #1944, #353, #1974 ) ) ;
#259 = DIRECTION ( 'NONE',  ( 0.5877852522924770229, -0.8090169943749445647, 0.000000000000000000 ) ) ;
#260 = ADVANCED_FACE ( 'NONE', ( #183 ), #2482, .F. ) ;
#261 = CARTESIAN_POINT ( 'NONE',  ( -10.98362417419678572, 0.5999999999999617861, 3.000000000000000000 ) ) ;
#262 = VERTEX_POINT ( 'NONE', #548 ) ;
#263 =( NAMED_UNIT ( * ) PLANE_ANGLE_UNIT ( ) SI_UNIT ( $, .RADIAN. ) );
#264 = CYLINDRICAL_SURFACE ( 'NONE', #1100, 2.649999999999999911 ) ;
#265 = EDGE_CURVE ( 'NONE', #1657, #254, #2822, .T. ) ;
#266 = CARTESIAN_POINT ( 'NONE',  ( 3.964760439431476602, -10.26063714678182670, 0.000000000000000000 ) ) ;
#267 = ORIENTED_EDGE ( 'NONE', *, *, #2837, .T. ) ;
#268 = EDGE_CURVE ( 'NONE', #2487, #442, #1475, .T. ) ;
#269 = CARTESIAN_POINT ( 'NONE',  ( 5.970602109690872794, 9.238609768128256405, 0.000000000000000000 ) ) ;
#270 = LINE ( 'NONE', #1882, #2269 ) ;
#271 = EDGE_LOOP ( 'NONE', ( #2055, #1271, #1145, #437 ) ) ;
#272 = DIRECTION ( 'NONE',  ( 0.000000000000000000, -0.000000000000000000, 1.000000000000000000 ) ) ;
#273 = DIRECTION ( 'NONE',  ( -0.8090169943749445647, -0.5877852522924770229, 0.000000000000000000 ) ) ;
#274 = VECTOR ( 'NONE', #2830, 1000.000000000000000 ) ;
#275 = DIRECTION ( 'NONE',  ( -0.5877852522924713607, -0.8090169943749485615, 0.000000000000000000 ) ) ;
#276 = CARTESIAN_POINT ( 'NONE',  ( 6.197923911045465140, -3.761414520215884849, 0.000000000000000000 ) ) ;
#277 = VECTOR ( 'NONE', #2400, 1000.000000000000000 ) ;
#278 = EDGE_LOOP ( 'NONE', ( #1728, #844, #43, #2720 ) ) ;
#279 = DIRECTION ( 'NONE',  ( 8.654014496458452906E-17, -1.000000000000000000, 0.000000000000000000 ) ) ;
#280 = EDGE_CURVE ( 'NONE', #1354, #736, #36, .T. ) ;
#281 = LINE ( 'NONE', #980, #637 ) ;
#282 = ORIENTED_EDGE ( 'NONE', *, *, #1799, .T. ) ;
#283 = CARTESIAN_POINT ( 'NONE',  ( -0.6000000000000005329, 7.225129756620291666, 0.000000000000000000 ) ) ;
#284 = DIRECTION ( 'NONE',  ( 1.056098416149398494E-14, -1.000000000000000000, 0.000000000000000000 ) ) ;
#285 = ORIENTED_EDGE ( 'NONE', *, *, #2995, .F. ) ;
#286 = ORIENTED_EDGE ( 'NONE', *, *, #2607, .F. ) ;
#287 = CARTESIAN_POINT ( 'NONE',  ( 5.492581608294401896, 4.732234913465950044, 0.000000000000000000 ) ) ;
#288 = LINE ( 'NONE', #1677, #1638 ) ;
#289 = EDGE_CURVE ( 'NONE', #1093, #2592, #1202, .T. ) ;
#290 = FACE_BOUND ( 'NONE', #1830, .T. ) ;
#291 = EDGE_LOOP ( 'NONE', ( #1525, #1902, #408, #2096 ) ) ;
#292 = AXIS2_PLACEMENT_3D ( 'NONE', #2781, #709, #1038 ) ;
#293 = FACE_OUTER_BOUND ( 'NONE', #865, .T. ) ;
#294 = VECTOR ( 'NONE', #2737, 1000.000000000000000 ) ;
#295 = DIRECTION ( 'NONE',  ( 0.8090169943749507819, -0.5877852522924685852, 0.000000000000000000 ) ) ;
#296 = VECTOR ( 'NONE', #455, 1000.000000000000000 ) ;
#297 = VERTEX_POINT ( 'NONE', #769 ) ;
#298 = CARTESIAN_POINT ( 'NONE',  ( -3.964760439431404659, 10.26063714678185868, 0.000000000000000000 ) ) ;
#299 = CARTESIAN_POINT ( 'NONE',  ( 5.492581608294401896, 4.732234913465950044, 3.000000000000000000 ) ) ;
#300 = ORIENTED_EDGE ( 'NONE', *, *, #604, .F. ) ;
#301 = VECTOR ( 'NONE', #2479, 1000.000000000000000 ) ;
#302 = DIRECTION ( 'NONE',  ( -0.3090169943749412340, -0.9510565162951556406, 0.000000000000000000 ) ) ;
#303 = CARTESIAN_POINT ( 'NONE',  ( -0.6000000000000001998, 10.98362417419678394, 3.000000000000000000 ) ) ;
#304 = FACE_BOUND ( 'NONE', #2294, .T. ) ;
#305 = DIRECTION ( 'NONE',  ( -0.5877852522924685852, -0.8090169943749507819, 0.000000000000000000 ) ) ;
#306 = ORIENTED_EDGE ( 'NONE', *, *, #289, .F. ) ;
#307 = ADVANCED_FACE ( 'NONE', ( #1218 ), #1696, .F. ) ;
#308 = FACE_OUTER_BOUND ( 'NONE', #1389, .T. ) ;
#309 = PLANE ( 'NONE',  #2227 ) ;
#310 = ORIENTED_EDGE ( 'NONE', *, *, #1575, .T. ) ;
#311 = CARTESIAN_POINT ( 'NONE',  ( 9.238609768128107191, 5.970602109691109050, 0.000000000000000000 ) ) ;
#312 = DIRECTION ( 'NONE',  ( -0.5877852522924713607, -0.8090169943749486725, -0.000000000000000000 ) ) ;
#313 = ORIENTED_EDGE ( 'NONE', *, *, #1745, .F. ) ;
#314 = ADVANCED_FACE ( 'NONE', ( #959 ), #1003, .F. ) ;
#315 = ORIENTED_EDGE ( 'NONE', *, *, #895, .F. ) ;
#316 = LINE ( 'NONE', #1869, #74 ) ;
#317 = ORIENTED_EDGE ( 'NONE', *, *, #160, .T. ) ;
#318 = FACE_BOUND ( 'NONE', #1819, .T. ) ;
#319 = DIRECTION ( 'NONE',  ( -0.5877852522924801315, 0.8090169943749423442, 0.000000000000000000 ) ) ;
#320 = VERTEX_POINT ( 'NONE', #990 ) ;
#321 = VECTOR ( 'NONE', #795, 1000.000000000000227 ) ;
#322 = DIRECTION ( 'NONE',  ( 0.000000000000000000, -0.000000000000000000, 1.000000000000000000 ) ) ;
#323 = CARTESIAN_POINT ( 'NONE',  ( -6.686096539486765522, -2.803321791136919927, 0.000000000000000000 ) ) ;
#324 = VECTOR ( 'NONE', #755, 1000.000000000000000 ) ;
#325 = VECTOR ( 'NONE', #2153, 1000.000000000000114 ) ;
#326 = EDGE_LOOP ( 'NONE', ( #212, #569, #2354, #489 ) ) ;
#327 = EDGE_CURVE ( 'NONE', #797, #1030, #1461, .T. ) ;
#328 = CARTESIAN_POINT ( 'NONE',  ( -8.533267465377228689, 6.941422502940914008, 0.000000000000000000 ) ) ;
#329 = CARTESIAN_POINT ( 'NONE',  ( 2.823492619877072229, 10.63145754003183363, 3.000000000000000000 ) ) ;
#330 = ORIENTED_EDGE ( 'NONE', *, *, #1485, .T. ) ;
#331 = PLANE ( 'NONE',  #2247 ) ;
#332 = CARTESIAN_POINT ( 'NONE',  ( -2.803321791136846208, -6.686096539486795720, 3.000000000000000000 ) ) ;
#333 = CARTESIAN_POINT ( 'NONE',  ( 0.6000000000000001998, 10.98362417419678394, 0.000000000000000000 ) ) ;
#334 = VECTOR ( 'NONE', #1756, 1000.000000000000000 ) ;
#335 = DIRECTION ( 'NONE',  ( 0.000000000000000000, -1.000000000000000000, 0.000000000000000000 ) ) ;
#336 = EDGE_LOOP ( 'NONE', ( #2069, #2319, #1323, #1091 ) ) ;
#337 = ORIENTED_EDGE ( 'NONE', *, *, #418, .T. ) ;
#338 = LINE ( 'NONE', #2622, #2597 ) ;
#339 = DIRECTION ( 'NONE',  ( -3.491481338843133355E-15, 1.000000000000000000, 0.000000000000000000 ) ) ;
#340 = ADVANCED_FACE ( 'NONE', ( #1679 ), #2852, .F. ) ;
#341 = VECTOR ( 'NONE', #2361, 999.9999999999998863 ) ;
#342 = ORIENTED_EDGE ( 'NONE', *, *, #1575, .F. ) ;
#343 = VECTOR ( 'NONE', #953, 1000.000000000000000 ) ;
#344 = EDGE_CURVE ( 'NONE', #1258, #1835, #2603, .T. ) ;
#345 = DIRECTION ( 'NONE',  ( -0.000000000000000000, -0.000000000000000000, 1.000000000000000000 ) ) ;
#346 = DIRECTION ( 'NONE',  ( 1.047444401652939849E-14, -1.000000000000000000, 0.000000000000000000 ) ) ;
#347 = VERTEX_POINT ( 'NONE', #2370 ) ;
#348 = DIRECTION ( 'NONE',  ( -0.000000000000000000, 1.000000000000000000, 0.000000000000000000 ) ) ;
#349 = DIRECTION ( 'NONE',  ( 0.3090169943749548898, -0.9510565162951511997, 0.000000000000000000 ) ) ;
#350 = DIRECTION ( 'NONE',  ( -1.000000000000000000, -3.578021483807718229E-15, 0.000000000000000000 ) ) ;
#351 = LINE ( 'NONE', #2688, #2165 ) ;
#352 = VERTEX_POINT ( 'NONE', #535 ) ;
#353 = ORIENTED_EDGE ( 'NONE', *, *, #1894, .F. ) ;
#354 = CARTESIAN_POINT ( 'NONE',  ( 10.98362417419677683, 0.6000000000001152189, 3.000000000000000000 ) ) ;
#355 = EDGE_CURVE ( 'NONE', #412, #5, #1246, .T. ) ;
#356 = PLANE ( 'NONE',  #1458 ) ;
#357 = EDGE_CURVE ( 'NONE', #1530, #1657, #561, .T. ) ;
#358 = ORIENTED_EDGE ( 'NONE', *, *, #191, .F. ) ;
#359 = LINE ( 'NONE', #2892, #375 ) ;
#360 = FACE_OUTER_BOUND ( 'NONE', #18, .T. ) ;
#361 = ORIENTED_EDGE ( 'NONE', *, *, #2207, .T. ) ;
#362 = FACE_OUTER_BOUND ( 'NONE', #1465, .T. ) ;
#363 = DIRECTION ( 'NONE',  ( -0.9510565162951555296, 0.3090169943749411785, 0.000000000000000000 ) ) ;
#364 = CARTESIAN_POINT ( 'NONE',  ( 10.26063714678181427, 3.964760439431513017, 0.000000000000000000 ) ) ;
#365 = VERTEX_POINT ( 'NONE', #1186 ) ;
#366 = EDGE_LOOP ( 'NONE', ( #2537, #531, #602, #126 ) ) ;
#367 = CARTESIAN_POINT ( 'NONE',  ( 0.000000000000000000, 0.000000000000000000, 3.000000000000000000 ) ) ;
#368 = AXIS2_PLACEMENT_3D ( 'NONE', #2582, #1440, #2009 ) ;
#369 = LINE ( 'NONE', #848, #2068 ) ;
#370 = VECTOR ( 'NONE', #866, 1000.000000000000000 ) ;
#371 = EDGE_CURVE ( 'NONE', #441, #913, #100, .T. ) ;
#372 = DIRECTION ( 'NONE',  ( -0.8090169943749551118, 0.5877852522924624790, 0.000000000000000000 ) ) ;
#373 = ORIENTED_EDGE ( 'NONE', *, *, #1552, .T. ) ;
#374 = DIRECTION ( 'NONE',  ( 0.000000000000000000, -0.000000000000000000, 1.000000000000000000 ) ) ;
#375 = VECTOR ( 'NONE', #2170, 1000.000000000000000 ) ;
#376 = CARTESIAN_POINT ( 'NONE',  ( -0.6000000000000001998, 10.98362417419678394, 0.000000000000000000 ) ) ;
#377 = DIRECTION ( 'NONE',  ( -0.8090169943749422332, -0.5877852522924802425, 0.000000000000000000 ) ) ;
#378 = EDGE_LOOP ( 'NONE', ( #2678, #1937, #2516, #140 ) ) ;
#379 = ORIENTED_EDGE ( 'NONE', *, *, #426, .F. ) ;
#380 = ORIENTED_EDGE ( 'NONE', *, *, #2362, .T. ) ;
#381 = VECTOR ( 'NONE', #136, 1000.000000000000000 ) ;
#382 = DIRECTION ( 'NONE',  ( -8.654014496458452906E-17, 1.000000000000000000, -0.000000000000000000 ) ) ;
#383 = CARTESIAN_POINT ( 'NONE',  ( -10.63145754003178567, -2.823492619877258303, 0.000000000000000000 ) ) ;
#384 = VECTOR ( 'NONE', #12, 1000.000000000000000 ) ;
#385 = ADVANCED_FACE ( 'NONE', ( #1888 ), #1943, .F. ) ;
#386 = CARTESIAN_POINT ( 'NONE',  ( 9.238609768128238642, -5.970602109690906545, 0.000000000000000000 ) ) ;
#387 = VECTOR ( 'NONE', #2519, 1000.000000000000114 ) ;
#388 = EDGE_LOOP ( 'NONE', ( #2280, #1446, #1324, #1883 ) ) ;
#389 = DIRECTION ( 'NONE',  ( 3.491481338843133355E-15, -1.000000000000000000, -0.000000000000000000 ) ) ;
#390 = AXIS2_PLACEMENT_3D ( 'NONE', #2059, #1190, #1176 ) ;
#391 = VECTOR ( 'NONE', #400, 1000.000000000000000 ) ;
#392 = CARTESIAN_POINT ( 'NONE',  ( 5.970602109690872794, 9.238609768128256405, 0.000000000000000000 ) ) ;
#393 = LINE ( 'NONE', #1973, #334 ) ;
#394 = ORIENTED_EDGE ( 'NONE', *, *, #2093, .F. ) ;
#395 = ORIENTED_EDGE ( 'NONE', *, *, #860, .T. ) ;
#396 = AXIS2_PLACEMENT_3D ( 'NONE', #2438, #2216, #810 ) ;
#397 = ADVANCED_FACE ( 'NONE', ( #503 ), #1665, .F. ) ;
#398 = DIRECTION ( 'NONE',  ( 0.3090169943749480619, -0.9510565162951533091, 0.000000000000000000 ) ) ;
#399 = ADVANCED_FACE ( 'NONE', ( #290, #974, #1901, #2585, #515, #1445, #2736, #184, #420, #665, #1383, #2772, #1351, #1152, #2023, #1335, #453, #228, #2, #2052, #1366, #2938 ), #2985, .F. ) ;
#400 = DIRECTION ( 'NONE',  ( 0.8090169943749422332, 0.5877852522924802425, -0.000000000000000000 ) ) ;
#401 = CARTESIAN_POINT ( 'NONE',  ( 9.238609768128238642, -5.970602109690906545, 0.000000000000000000 ) ) ;
#402 = CARTESIAN_POINT ( 'NONE',  ( 6.941422502940819861, 8.533267465377303296, 3.000000000000000000 ) ) ;
#403 = ORIENTED_EDGE ( 'NONE', *, *, #708, .F. ) ;
#404 = DIRECTION ( 'NONE',  ( -0.000000000000000000, -0.000000000000000000, 1.000000000000000000 ) ) ;
#405 = CARTESIAN_POINT ( 'NONE',  ( -2.803321791136895946, 6.686096539486776180, 0.000000000000000000 ) ) ;
#406 = CARTESIAN_POINT ( 'NONE',  ( -6.941422502940945982, 8.533267465377205596, 0.000000000000000000 ) ) ;
#407 = ADVANCED_FACE ( 'NONE', ( #240 ), #2291, .F. ) ;
#408 = ORIENTED_EDGE ( 'NONE', *, *, #1372, .F. ) ;
#409 = EDGE_LOOP ( 'NONE', ( #1509, #2015, #716, #1173 ) ) ;
#410 = ORIENTED_EDGE ( 'NONE', *, *, #169, .F. ) ;
#411 = DIRECTION ( 'NONE',  ( 0.5877852522924685852, 0.8090169943749507819, 0.000000000000000000 ) ) ;
#412 = VERTEX_POINT ( 'NONE', #1105 ) ;
#413 = DIRECTION ( 'NONE',  ( 0.9510565162951544194, -0.3090169943749447867, 0.000000000000000000 ) ) ;
#414 = CARTESIAN_POINT ( 'NONE',  ( 1.662053971582612810, 7.056916932736736925, 0.000000000000000000 ) ) ;
#415 = CARTESIAN_POINT ( 'NONE',  ( 8.533267465377280203, -6.941422502940850059, 3.000000000000000000 ) ) ;
#416 = VECTOR ( 'NONE', #80, 999.9999999999998863 ) ;
#417 = FACE_OUTER_BOUND ( 'NONE', #2511, .T. ) ;
#418 = EDGE_CURVE ( 'NONE', #2162, #5, #1138, .T. ) ;
#419 = ORIENTED_EDGE ( 'NONE', *, *, #2618, .F. ) ;
#420 = FACE_BOUND ( 'NONE', #172, .T. ) ;
#421 = LINE ( 'NONE', #199, #1843 ) ;
#422 = ORIENTED_EDGE ( 'NONE', *, *, #120, .T. ) ;
#423 = VECTOR ( 'NONE', #1881, 1000.000000000000000 ) ;
#424 = ORIENTED_EDGE ( 'NONE', *, *, #2215, .F. ) ;
#425 = ORIENTED_EDGE ( 'NONE', *, *, #2891, .F. ) ;
#426 = EDGE_CURVE ( 'NONE', #220, #47, #1847, .T. ) ;
#427 = VECTOR ( 'NONE', #1434, 1000.000000000000000 ) ;
#428 = CARTESIAN_POINT ( 'NONE',  ( 4.732234913465809711, 5.492581608294521800, 3.000000000000000000 ) ) ;
#429 = EDGE_LOOP ( 'NONE', ( #22, #457, #1214, #668 ) ) ;
#430 = ADVANCED_BREP_SHAPE_REPRESENTATION ( 'counter moment wheel', ( #2409, #1142 ), #2563 ) ;
#431 = CARTESIAN_POINT ( 'NONE',  ( -10.63145754003180699, 2.823492619877181919, 3.000000000000000000 ) ) ;
#432 = ORIENTED_EDGE ( 'NONE', *, *, #550, .F. ) ;
#433 = CARTESIAN_POINT ( 'NONE',  ( -5.492581608294470286, 4.732234913465870108, 3.000000000000000000 ) ) ;
#434 = CIRCLE ( 'NONE', #2546, 13.00000000000000178 ) ;
#435 = DIRECTION ( 'NONE',  ( -0.000000000000000000, -0.000000000000000000, 1.000000000000000000 ) ) ;
#436 = DIRECTION ( 'NONE',  ( -0.000000000000000000, -0.000000000000000000, 1.000000000000000000 ) ) ;
#437 = ORIENTED_EDGE ( 'NONE', *, *, #811, .T. ) ;
#438 = DIRECTION ( 'NONE',  ( -0.8090169943749530024, 0.5877852522924653655, 0.000000000000000000 ) ) ;
#439 = PLANE ( 'NONE',  #8 ) ;
#440 = EDGE_LOOP ( 'NONE', ( #2769, #54, #216, #2655 ) ) ;
#441 = VERTEX_POINT ( 'NONE', #1587 ) ;
#442 = VERTEX_POINT ( 'NONE', #1617 ) ;
#443 = AXIS2_PLACEMENT_3D ( 'NONE', #2503, #2533, #2773 ) ;
#444 = VERTEX_POINT ( 'NONE', #1396 ) ;
#445 = CARTESIAN_POINT ( 'NONE',  ( -10.63145754003180699, 2.823492619877181919, 0.000000000000000000 ) ) ;
#446 = VERTEX_POINT ( 'NONE', #686 ) ;
#447 = VECTOR ( 'NONE', #2303, 1000.000000000000000 ) ;
#448 = DIRECTION ( 'NONE',  ( 0.000000000000000000, -0.000000000000000000, 1.000000000000000000 ) ) ;
#449 = EDGE_CURVE ( 'NONE', #446, #441, #2261, .T. ) ;
#450 = CARTESIAN_POINT ( 'NONE',  ( -5.492581608294471174, 4.732234913465870108, 0.000000000000000000 ) ) ;
#451 = CARTESIAN_POINT ( 'NONE',  ( -0.6000000000000005329, 7.225129756620291666, 0.000000000000000000 ) ) ;
#452 = ORIENTED_EDGE ( 'NONE', *, *, #1654, .T. ) ;
#453 = FACE_BOUND ( 'NONE', #1046, .T. ) ;
#454 = VECTOR ( 'NONE', #154, 1000.000000000000114 ) ;
#455 = DIRECTION ( 'NONE',  ( -0.000000000000000000, 0.000000000000000000, 1.000000000000000000 ) ) ;
#456 = ORIENTED_EDGE ( 'NONE', *, *, #2341, .T. ) ;
#457 = ORIENTED_EDGE ( 'NONE', *, *, #102, .F. ) ;
#458 = CARTESIAN_POINT ( 'NONE',  ( -3.964760439431404659, 10.26063714678185868, 3.000000000000000000 ) ) ;
#459 = ORIENTED_EDGE ( 'NONE', *, *, #1615, .F. ) ;
#460 = LINE ( 'NONE', #2087, #1542 ) ;
#461 = CARTESIAN_POINT ( 'NONE',  ( 2.823492619877295162, -10.63145754003177501, 3.000000000000000000 ) ) ;
#462 = EDGE_CURVE ( 'NONE', #2641, #262, #1603, .T. ) ;
#463 = LINE ( 'NONE', #1600, #447 ) ;
#464 = ORIENTED_EDGE ( 'NONE', *, *, #2066, .F. ) ;
#465 = CIRCLE ( 'NONE', #226, 13.00000000000000178 ) ;
#466 = DIRECTION ( 'NONE',  ( -0.8090169943749487835, 0.5877852522924712497, 0.000000000000000000 ) ) ;
#467 = CARTESIAN_POINT ( 'NONE',  ( -10.26063714678184446, -3.964760439431441963, 0.000000000000000000 ) ) ;
#468 = ORIENTED_EDGE ( 'NONE', *, *, #1991, .F. ) ;
#469 = EDGE_LOOP ( 'NONE', ( #1735, #1414, #2973, #68 ) ) ;
#470 = EDGE_CURVE ( 'NONE', #1872, #1530, #1166, .T. ) ;
#471 = DIRECTION ( 'NONE',  ( 0.3090169943749383474, 0.9510565162951566398, 0.000000000000000000 ) ) ;
#472 = VECTOR ( 'NONE', #2594, 1000.000000000000000 ) ;
#473 = VERTEX_POINT ( 'NONE', #867 ) ;
#474 = CARTESIAN_POINT ( 'NONE',  ( -9.238609768128151600, -5.970602109691040660, 0.000000000000000000 ) ) ;
#475 = ADVANCED_FACE ( 'NONE', ( #1786 ), #2705, .F. ) ;
#476 = CARTESIAN_POINT ( 'NONE',  ( 2.823492619877295162, -10.63145754003177501, 0.000000000000000000 ) ) ;
#477 = AXIS2_PLACEMENT_3D ( 'NONE', #1402, #2070, #1171 ) ;
#478 = DIRECTION ( 'NONE',  ( -0.000000000000000000, -0.000000000000000000, 1.000000000000000000 ) ) ;
#479 = VECTOR ( 'NONE', #2926, 1000.000000000000000 ) ;
#480 = DIRECTION ( 'NONE',  ( -0.000000000000000000, -0.000000000000000000, 1.000000000000000000 ) ) ;
#481 = ORIENTED_EDGE ( 'NONE', *, *, #2949, .T. ) ;
#482 = DIRECTION ( 'NONE',  ( 0.8090169943749402348, 0.5877852522924831291, 0.000000000000000000 ) ) ;
#483 = CARTESIAN_POINT ( 'NONE',  ( 8.533267465377280203, -6.941422502940850059, 0.000000000000000000 ) ) ;
#484 = VERTEX_POINT ( 'NONE', #405 ) ;
#485 = ORIENTED_EDGE ( 'NONE', *, *, #1295, .F. ) ;
#486 = DIRECTION ( 'NONE',  ( -1.000000000000000000, -0.000000000000000000, -0.000000000000000000 ) ) ;
#487 = EDGE_CURVE ( 'NONE', #63, #37, #1573, .T. ) ;
#488 = PLANE ( 'NONE',  #477 ) ;
#489 = ORIENTED_EDGE ( 'NONE', *, *, #2489, .T. ) ;
#490 = SURFACE_SIDE_STYLE ('',( #724 ) ) ;
#491 = DIRECTION ( 'NONE',  ( -0.000000000000000000, -0.000000000000000000, 1.000000000000000000 ) ) ;
#492 = VECTOR ( 'NONE', #1480, 1000.000000000000000 ) ;
#493 = LINE ( 'NONE', #1827, #636 ) ;
#494 = VECTOR ( 'NONE', #2033, 1000.000000000000000 ) ;
#495 = VERTEX_POINT ( 'NONE', #882 ) ;
#496 = DIRECTION ( 'NONE',  ( 0.3090169943749383474, 0.9510565162951565288, 0.000000000000000000 ) ) ;
#497 = LINE ( 'NONE', #2321, #1941 ) ;
#498 = ORIENTED_EDGE ( 'NONE', *, *, #597, .T. ) ;
#499 = DIRECTION ( 'NONE',  ( -1.000000000000000000, -1.038790387156481519E-14, 0.000000000000000000 ) ) ;
#500 = CARTESIAN_POINT ( 'NONE',  ( 3.761414520215862645, 6.197923911045476686, 3.000000000000000000 ) ) ;
#501 = ADVANCED_FACE ( 'NONE', ( #1805 ), #2037, .F. ) ;
#502 = FACE_BOUND ( 'NONE', #1481, .T. ) ;
#503 = FACE_OUTER_BOUND ( 'NONE', #2198, .T. ) ;
#504 = VERTEX_POINT ( 'NONE', #198 ) ;
#505 = PLANE ( 'NONE',  #1056 ) ;
#506 = DIRECTION ( 'NONE',  ( 0.9510565162951511997, 0.3090169943749548342, -0.000000000000000000 ) ) ;
#507 = EDGE_LOOP ( 'NONE', ( #516, #2823, #750, #2062 ) ) ;
#508 = EDGE_CURVE ( 'NONE', #444, #1297, #2970, .T. ) ;
#509 = DIRECTION ( 'NONE',  ( 0.9510565162951544194, -0.3090169943749447867, 0.000000000000000000 ) ) ;
#510 = CARTESIAN_POINT ( 'NONE',  ( 10.26063714678189775, -3.964760439431298078, 0.000000000000000000 ) ) ;
#511 = ORIENTED_EDGE ( 'NONE', *, *, #1429, .F. ) ;
#512 = LINE ( 'NONE', #95, #1051 ) ;
#513 = DIRECTION ( 'NONE',  ( -3.491481338843133355E-15, 1.000000000000000000, 0.000000000000000000 ) ) ;
#514 = LINE ( 'NONE', #560, #1736 ) ;
#515 = FACE_BOUND ( 'NONE', #1140, .T. ) ;
#516 = ORIENTED_EDGE ( 'NONE', *, *, #532, .T. ) ;
#517 = ADVANCED_FACE ( 'NONE', ( #1424 ), #1895, .F. ) ;
#518 = DIRECTION ( 'NONE',  ( -0.8090169943749507819, 0.5877852522924685852, 0.000000000000000000 ) ) ;
#519 = AXIS2_PLACEMENT_3D ( 'NONE', #1817, #2307, #907 ) ;
#520 = DIRECTION ( 'NONE',  ( 0.5877852522924803536, -0.8090169943749422332, 0.000000000000000000 ) ) ;
#521 = ADVANCED_FACE ( 'NONE', ( #2814 ), #2138, .F. ) ;
#522 = AXIS2_PLACEMENT_3D ( 'NONE', #707, #932, #1420 ) ;
#523 = EDGE_LOOP ( 'NONE', ( #2783, #2786, #1203, #1340 ) ) ;
#524 = VECTOR ( 'NONE', #1553, 1000.000000000000000 ) ;
#525 = VECTOR ( 'NONE', #2477, 1000.000000000000000 ) ;
#526 = LINE ( 'NONE', #1410, #2395 ) ;
#527 = DIRECTION ( 'NONE',  ( 1.000000000000000000, -8.654014496458452906E-17, 0.000000000000000000 ) ) ;
#528 = STYLED_ITEM ( 'NONE', ( #1610 ), #430 ) ;
#529 = ORIENTED_EDGE ( 'NONE', *, *, #213, .T. ) ;
#530 = CARTESIAN_POINT ( 'NONE',  ( -4.732234913465890536, 5.492581608294454298, 3.000000000000000000 ) ) ;
#531 = ORIENTED_EDGE ( 'NONE', *, *, #1506, .F. ) ;
#532 = EDGE_CURVE ( 'NONE', #2013, #2258, #2579, .T. ) ;
#533 = DIRECTION ( 'NONE',  ( -0.8090169943749465631, -0.5877852522924742473, 0.000000000000000000 ) ) ;
#534 = DIRECTION ( 'NONE',  ( 1.000000000000000000, 3.404941193878548876E-15, 0.000000000000000000 ) ) ;
#535 = CARTESIAN_POINT ( 'NONE',  ( -2.803321791136846208, -6.686096539486796608, 0.000000000000000000 ) ) ;
#536 = EDGE_LOOP ( 'NONE', ( #1287, #129, #2727, #2650 ) ) ;
#537 = DIRECTION ( 'NONE',  ( 8.654014496458452906E-17, -1.000000000000000000, 0.000000000000000000 ) ) ;
#538 = DIRECTION ( 'NONE',  ( 0.8090169943749486725, -0.5877852522924713607, 0.000000000000000000 ) ) ;
#539 = VECTOR ( 'NONE', #2167, 1000.000000000000000 ) ;
#540 = ADVANCED_FACE ( 'NONE', ( #1630 ), #763, .F. ) ;
#541 = AXIS2_PLACEMENT_3D ( 'NONE', #1042, #2171, #109 ) ;
#542 = VERTEX_POINT ( 'NONE', #1226 ) ;
#543 = DIRECTION ( 'NONE',  ( -0.000000000000000000, 0.000000000000000000, 1.000000000000000000 ) ) ;
#544 = CARTESIAN_POINT ( 'NONE',  ( -0.6000000000000005329, 7.225129756620291666, 3.000000000000000000 ) ) ;
#545 = VERTEX_POINT ( 'NONE', #714 ) ;
#546 = LINE ( 'NONE', #1243, #416 ) ;
#547 = CARTESIAN_POINT ( 'NONE',  ( -3.964760439431404659, 10.26063714678185868, 3.000000000000000000 ) ) ;
#548 = CARTESIAN_POINT ( 'NONE',  ( -8.533267465377228689, 6.941422502940914008, 0.000000000000000000 ) ) ;
#549 = ORIENTED_EDGE ( 'NONE', *, *, #1930, .T. ) ;
#550 = EDGE_CURVE ( 'NONE', #2180, #2263, #2376, .T. ) ;
#551 = DIRECTION ( 'NONE',  ( -8.654014496458452906E-17, -1.000000000000000000, 0.000000000000000000 ) ) ;
#552 = CARTESIAN_POINT ( 'NONE',  ( 5.970602109691076187, -9.238609768128128508, 3.000000000000000000 ) ) ;
#553 = ORIENTED_EDGE ( 'NONE', *, *, #1478, .F. ) ;
#554 = CARTESIAN_POINT ( 'NONE',  ( 1.750000000000000666, 1.989974874213239486, 3.000000000000000000 ) ) ;
#555 = CARTESIAN_POINT ( 'NONE',  ( -1.662053971582658995, -7.056916932736726267, 3.000000000000000000 ) ) ;
#556 = ORIENTED_EDGE ( 'NONE', *, *, #2780, .T. ) ;
#557 = CARTESIAN_POINT ( 'NONE',  ( -3.964760439431404659, 10.26063714678185868, 0.000000000000000000 ) ) ;
#558 = LINE ( 'NONE', #648, #301 ) ;
#559 = DIRECTION ( 'NONE',  ( 0.8090169943749465631, 0.5877852522924744694, 0.000000000000000000 ) ) ;
#560 = CARTESIAN_POINT ( 'NONE',  ( 0.6000000000000001998, -10.98362417419678394, 3.000000000000000000 ) ) ;
#561 = LINE ( 'NONE', #276, #324 ) ;
#562 = VERTEX_POINT ( 'NONE', #1193 ) ;
#563 = VECTOR ( 'NONE', #1031, 1000.000000000000000 ) ;
#564 = EDGE_CURVE ( 'NONE', #1258, #473, #526, .T. ) ;
#565 = DIRECTION ( 'NONE',  ( 0.8090169943749485615, -0.5877852522924713607, 0.000000000000000000 ) ) ;
#566 = ADVANCED_FACE ( 'NONE', ( #2110 ), #1180, .F. ) ;
#567 = CARTESIAN_POINT ( 'NONE',  ( -8.533267465377180727, -6.941422502940973516, 0.000000000000000000 ) ) ;
#568 = VECTOR ( 'NONE', #2315, 1000.000000000000000 ) ;
#569 = ORIENTED_EDGE ( 'NONE', *, *, #2899, .F. ) ;
#570 = LINE ( 'NONE', #414, #774 ) ;
#571 = APPLICATION_CONTEXT ( 'automotive_design' ) ;
#572 = PLANE ( 'NONE',  #627 ) ;
#573 = EDGE_LOOP ( 'NONE', ( #379, #186, #1987, #2151 ) ) ;
#574 = AXIS2_PLACEMENT_3D ( 'NONE', #1447, #1220, #2135 ) ;
#575 = LINE ( 'NONE', #111, #2836 ) ;
#576 = LINE ( 'NONE', #2880, #1804 ) ;
#577 = DIRECTION ( 'NONE',  ( -0.9510565162951565288, 0.3090169943749383474, 0.000000000000000000 ) ) ;
#578 = CARTESIAN_POINT ( 'NONE',  ( -0.6000000000000005329, 7.225129756620291666, 0.000000000000000000 ) ) ;
#579 = ADVANCED_FACE ( 'NONE', ( #1453 ), #1672, .F. ) ;
#580 = ORIENTED_EDGE ( 'NONE', *, *, #985, .F. ) ;
#581 = VERTEX_POINT ( 'NONE', #311 ) ;
#582 = EDGE_CURVE ( 'NONE', #2444, #1092, #2784, .T. ) ;
#583 = DIRECTION ( 'NONE',  ( -0.9510565162951534202, -0.3090169943749481174, 0.000000000000000000 ) ) ;
#584 = PRODUCT_DEFINITION_SHAPE ( 'NONE', 'NONE',  #2764 ) ;
#585 = LINE ( 'NONE', #383, #925 ) ;
#586 = VECTOR ( 'NONE', #2074, 1000.000000000000114 ) ;
#587 = ORIENTED_EDGE ( 'NONE', *, *, #449, .F. ) ;
#588 = DIRECTION ( 'NONE',  ( -0.000000000000000000, -0.000000000000000000, 1.000000000000000000 ) ) ;
#589 = DIRECTION ( 'NONE',  ( 1.000000000000000000, 0.000000000000000000, -0.000000000000000000 ) ) ;
#590 = VERTEX_POINT ( 'NONE', #778 ) ;
#591 = CARTESIAN_POINT ( 'NONE',  ( 2.823492619877072229, 10.63145754003183363, 3.000000000000000000 ) ) ;
#592 = CARTESIAN_POINT ( 'NONE',  ( 6.197923911045465140, -3.761414520215884849, 3.000000000000000000 ) ) ;
#593 = LINE ( 'NONE', #1523, #1110 ) ;
#594 = VECTOR ( 'NONE', #2174, 1000.000000000000000 ) ;
#595 = VERTEX_POINT ( 'NONE', #44 ) ;
#596 = ORIENTED_EDGE ( 'NONE', *, *, #2522, .T. ) ;
#597 = EDGE_CURVE ( 'NONE', #217, #885, #61, .T. ) ;
#598 = CARTESIAN_POINT ( 'NONE',  ( 1.662053971582613032, 7.056916932736736925, 3.000000000000000000 ) ) ;
#599 = FACE_OUTER_BOUND ( 'NONE', #278, .T. ) ;
#600 = EDGE_CURVE ( 'NONE', #85, #2264, #1688, .T. ) ;
#601 = DIRECTION ( 'NONE',  ( 0.9510565162951533091, 0.3090169943749481174, 0.000000000000000000 ) ) ;
#602 = ORIENTED_EDGE ( 'NONE', *, *, #1863, .F. ) ;
#603 = FACE_OUTER_BOUND ( 'NONE', #681, .T. ) ;
#604 = EDGE_CURVE ( 'NONE', #2751, #1258, #16, .T. ) ;
#605 = CARTESIAN_POINT ( 'NONE',  ( -5.970602109691008685, 9.238609768128174693, 0.000000000000000000 ) ) ;
#606 = CARTESIAN_POINT ( 'NONE',  ( 0.6000000000000005329, -7.225129756620291666, 3.000000000000000000 ) ) ;
#607 = ORIENTED_EDGE ( 'NONE', *, *, #2083, .T. ) ;
#608 = ORIENTED_EDGE ( 'NONE', *, *, #745, .T. ) ;
#609 = CARTESIAN_POINT ( 'NONE',  ( 10.98362417419677683, 0.6000000000001152189, 0.000000000000000000 ) ) ;
#610 = AXIS2_PLACEMENT_3D ( 'NONE', #1531, #348, #374 ) ;
#611 = EDGE_CURVE ( 'NONE', #1108, #2857, #255, .T. ) ;
#612 = CARTESIAN_POINT ( 'NONE',  ( -2.823492619877220111, 10.63145754003179633, 0.000000000000000000 ) ) ;
#613 = ORIENTED_EDGE ( 'NONE', *, *, #2844, .F. ) ;
#614 = VECTOR ( 'NONE', #2347, 1000.000000000000000 ) ;
#615 = DIRECTION ( 'NONE',  ( -0.3090169943749548342, 0.9510565162951511997, 0.000000000000000000 ) ) ;
#616 = ORIENTED_EDGE ( 'NONE', *, *, #487, .F. ) ;
#617 = LINE ( 'NONE', #1059, #712 ) ;
#618 = FACE_OUTER_BOUND ( 'NONE', #1333, .T. ) ;
#619 = DIRECTION ( 'NONE',  ( -0.3090169943749447312, -0.9510565162951544194, -0.000000000000000000 ) ) ;
#620 = VECTOR ( 'NONE', #2728, 1000.000000000000000 ) ;
#621 = EDGE_CURVE ( 'NONE', #2807, #1590, #1645, .T. ) ;
#622 = ORIENTED_EDGE ( 'NONE', *, *, #253, .T. ) ;
#623 = VERTEX_POINT ( 'NONE', #748 ) ;
#624 = VERTEX_POINT ( 'NONE', #966 ) ;
#625 = ORIENTED_EDGE ( 'NONE', *, *, #745, .F. ) ;
#626 = VECTOR ( 'NONE', #1528, 999.9999999999998863 ) ;
#627 = AXIS2_PLACEMENT_3D ( 'NONE', #1057, #1290, #2626 ) ;
#628 = CARTESIAN_POINT ( 'NONE',  ( -6.686096539486786838, 2.803321791136872410, 0.000000000000000000 ) ) ;
#629 = CARTESIAN_POINT ( 'NONE',  ( 2.823492619877072229, 10.63145754003183363, 0.000000000000000000 ) ) ;
#630 = FACE_OUTER_BOUND ( 'NONE', #1274, .T. ) ;
#631 = EDGE_CURVE ( 'NONE', #654, #1790, #1658, .T. ) ;
#632 = CARTESIAN_POINT ( 'NONE',  ( -1.750000000000000666, -1.989974874213239486, 0.000000000000000000 ) ) ;
#633 = VECTOR ( 'NONE', #1240, 1000.000000000000000 ) ;
#634 = ORIENTED_EDGE ( 'NONE', *, *, #1460, .F. ) ;
#635 = CARTESIAN_POINT ( 'NONE',  ( -10.98362417419678216, -0.6000000000000385025, 3.000000000000000000 ) ) ;
#636 = VECTOR ( 'NONE', #2107, 1000.000000000000000 ) ;
#637 = VECTOR ( 'NONE', #1685, 1000.000000000000000 ) ;
#638 = CARTESIAN_POINT ( 'NONE',  ( -10.98362417419678216, -0.6000000000000385025, 0.000000000000000000 ) ) ;
#639 = CARTESIAN_POINT ( 'NONE',  ( 2.823492619877072229, 10.63145754003183363, 0.000000000000000000 ) ) ;
#640 = ORIENTED_EDGE ( 'NONE', *, *, #800, .T. ) ;
#641 = ORIENTED_EDGE ( 'NONE', *, *, #850, .F. ) ;
#642 = DIRECTION ( 'NONE',  ( -0.8090169943749507819, 0.5877852522924685852, 0.000000000000000000 ) ) ;
#643 = VERTEX_POINT ( 'NONE', #2424 ) ;
#644 = CARTESIAN_POINT ( 'NONE',  ( 0.6000000000000005329, -7.225129756620291666, 0.000000000000000000 ) ) ;
#645 = EDGE_CURVE ( 'NONE', #1182, #1072, #1950, .T. ) ;
#646 = DIRECTION ( 'NONE',  ( 0.9510565162951499785, 0.3090169943749582759, 0.000000000000000000 ) ) ;
#647 = ORIENTED_EDGE ( 'NONE', *, *, #2771, .T. ) ;
#648 = CARTESIAN_POINT ( 'NONE',  ( 6.197923911045465140, -3.761414520215884849, 0.000000000000000000 ) ) ;
#649 = FACE_OUTER_BOUND ( 'NONE', #1451, .T. ) ;
#650 = ORIENTED_EDGE ( 'NONE', *, *, #1700, .F. ) ;
#651 = LINE ( 'NONE', #881, #2933 ) ;
#652 = DIRECTION ( 'NONE',  ( 1.000000000000000000, 1.047444401652939849E-14, 0.000000000000000000 ) ) ;
#653 = DIRECTION ( 'NONE',  ( -0.000000000000000000, 0.000000000000000000, 1.000000000000000000 ) ) ;
#654 = VERTEX_POINT ( 'NONE', #1239 ) ;
#655 = ORIENTED_EDGE ( 'NONE', *, *, #487, .T. ) ;
#656 = DIRECTION ( 'NONE',  ( -0.000000000000000000, -0.000000000000000000, 1.000000000000000000 ) ) ;
#657 = ORIENTED_EDGE ( 'NONE', *, *, #771, .T. ) ;
#658 = EDGE_CURVE ( 'NONE', #701, #2987, #123, .T. ) ;
#659 = DIRECTION ( 'NONE',  ( 0.9510565162951499785, 0.3090169943749582759, 0.000000000000000000 ) ) ;
#660 = EDGE_CURVE ( 'NONE', #1834, #1590, #1500, .T. ) ;
#661 = CARTESIAN_POINT ( 'NONE',  ( -1.662053971582658773, -7.056916932736725379, 0.000000000000000000 ) ) ;
#662 = PLANE ( 'NONE',  #1751 ) ;
#663 = VECTOR ( 'NONE', #740, 1000.000000000000114 ) ;
#664 = ORIENTED_EDGE ( 'NONE', *, *, #265, .T. ) ;
#665 = FACE_BOUND ( 'NONE', #2886, .T. ) ;
#666 = ADVANCED_FACE ( 'NONE', ( #792 ), #1702, .F. ) ;
#667 = DIRECTION ( 'NONE',  ( 0.000000000000000000, -0.000000000000000000, 1.000000000000000000 ) ) ;
#668 = ORIENTED_EDGE ( 'NONE', *, *, #449, .T. ) ;
#669 = ORIENTED_EDGE ( 'NONE', *, *, #611, .T. ) ;
#670 = VECTOR ( 'NONE', #889, 1000.000000000000114 ) ;
#671 = VERTEX_POINT ( 'NONE', #554 ) ;
#672 = VECTOR ( 'NONE', #1463, 1000.000000000000114 ) ;
#673 = ADVANCED_FACE ( 'NONE', ( #823 ), #92, .F. ) ;
#674 = CARTESIAN_POINT ( 'NONE',  ( -10.26063714678184446, -3.964760439431441963, 3.000000000000000000 ) ) ;
#675 = ORIENTED_EDGE ( 'NONE', *, *, #720, .F. ) ;
#676 = VECTOR ( 'NONE', #2679, 1000.000000000000000 ) ;
#677 = CARTESIAN_POINT ( 'NONE',  ( 0.6000000000000001998, -10.98362417419678394, 0.000000000000000000 ) ) ;
#678 = PRODUCT_DEFINITION_FORMATION_WITH_SPECIFIED_SOURCE ( 'ANY', '', #2883, .NOT_KNOWN. ) ;
#679 = CARTESIAN_POINT ( 'NONE',  ( -7.056916932736720049, 1.662053971582686085, 0.000000000000000000 ) ) ;
#680 = VECTOR ( 'NONE', #901, 1000.000000000000114 ) ;
#681 = EDGE_LOOP ( 'NONE', ( #1811, #634, #432, #2929 ) ) ;
#682 = CARTESIAN_POINT ( 'NONE',  ( 10.26063714678181427, 3.964760439431513017, 3.000000000000000000 ) ) ;
#683 = AXIS2_PLACEMENT_3D ( 'NONE', #1599, #1133, #2514 ) ;
#684 = DIRECTION ( 'NONE',  ( 0.9510565162951566398, -0.3090169943749382919, 0.000000000000000000 ) ) ;
#685 = ORIENTED_EDGE ( 'NONE', *, *, #2141, .F. ) ;
#686 = CARTESIAN_POINT ( 'NONE',  ( -4.732234913465851456, -5.492581608294485385, 0.000000000000000000 ) ) ;
#687 = VECTOR ( 'NONE', #898, 999.9999999999998863 ) ;
#688 = CARTESIAN_POINT ( 'NONE',  ( 2.803321791136943464, -6.686096539486755752, 0.000000000000000000 ) ) ;
#689 = ORIENTED_EDGE ( 'NONE', *, *, #713, .F. ) ;
#690 = ORIENTED_EDGE ( 'NONE', *, *, #1365, .F. ) ;
#691 = FACE_OUTER_BOUND ( 'NONE', #1772, .T. ) ;
#692 = ORIENTED_EDGE ( 'NONE', *, *, #1336, .F. ) ;
#693 = ADVANCED_FACE ( 'NONE', ( #1115 ), #2390, .F. ) ;
#694 = CARTESIAN_POINT ( 'NONE',  ( 9.238609768128238642, -5.970602109690906545, 3.000000000000000000 ) ) ;
#695 = LINE ( 'NONE', #2528, #2993 ) ;
#696 = CYLINDRICAL_SURFACE ( 'NONE', #1371, 2.649999999999999911 ) ;
#697 = ORIENTED_EDGE ( 'NONE', *, *, #2738, .F. ) ;
#698 = CARTESIAN_POINT ( 'NONE',  ( 5.970602109690872794, 9.238609768128256405, 3.000000000000000000 ) ) ;
#699 = AXIS2_PLACEMENT_3D ( 'NONE', #1829, #2749, #936 ) ;
#700 = CARTESIAN_POINT ( 'NONE',  ( 3.761414520215998980, -6.197923911045394973, 0.000000000000000000 ) ) ;
#701 = VERTEX_POINT ( 'NONE', #1256 ) ;
#702 = ORIENTED_EDGE ( 'NONE', *, *, #2332, .T. ) ;
#703 = ADVANCED_FACE ( 'NONE', ( #1272 ), #2032, .F. ) ;
#704 = LINE ( 'NONE', #1417, #680 ) ;
#705 = ORIENTED_EDGE ( 'NONE', *, *, #78, .F. ) ;
#706 = CARTESIAN_POINT ( 'NONE',  ( -2.823492619877141951, -10.63145754003181409, 0.000000000000000000 ) ) ;
#707 = CARTESIAN_POINT ( 'NONE',  ( 0.000000000000000000, 0.000000000000000000, 0.000000000000000000 ) ) ;
#708 = EDGE_CURVE ( 'NONE', #671, #2446, #359, .T. ) ;
#709 = DIRECTION ( 'NONE',  ( 0.9510565162951511997, 0.3090169943749547787, 0.000000000000000000 ) ) ;
#710 = LINE ( 'NONE', #2090, #1859 ) ;
#711 = VERTEX_POINT ( 'NONE', #2639 ) ;
#712 = VECTOR ( 'NONE', #2910, 1000.000000000000000 ) ;
#713 = EDGE_CURVE ( 'NONE', #365, #2439, #108, .T. ) ;
#714 = CARTESIAN_POINT ( 'NONE',  ( -6.686096539486786838, 2.803321791136872410, 3.000000000000000000 ) ) ;
#715 = LINE ( 'NONE', #467, #687 ) ;
#716 = ORIENTED_EDGE ( 'NONE', *, *, #2112, .T. ) ;
#717 = ORIENTED_EDGE ( 'NONE', *, *, #213, .F. ) ;
#718 = ORIENTED_EDGE ( 'NONE', *, *, #1622, .F. ) ;
#719 = DIRECTION ( 'NONE',  ( -0.000000000000000000, -0.000000000000000000, 1.000000000000000000 ) ) ;
#720 = EDGE_CURVE ( 'NONE', #1866, #1178, #570, .T. ) ;
#721 = LINE ( 'NONE', #232, #1355 ) ;
#722 = VECTOR ( 'NONE', #1857, 1000.000000000000114 ) ;
#723 = ORIENTED_EDGE ( 'NONE', *, *, #42, .T. ) ;
#724 = SURFACE_STYLE_FILL_AREA ( #1873 ) ;
#725 = VECTOR ( 'NONE', #2838, 1000.000000000000000 ) ;
#726 = CARTESIAN_POINT ( 'NONE',  ( -1.662053971582658773, -7.056916932736725379, 0.000000000000000000 ) ) ;
#727 = VECTOR ( 'NONE', #2238, 1000.000000000000000 ) ;
#728 = CARTESIAN_POINT ( 'NONE',  ( 10.26063714678189775, -3.964760439431298078, 0.000000000000000000 ) ) ;
#729 = VECTOR ( 'NONE', #377, 1000.000000000000000 ) ;
#730 = EDGE_LOOP ( 'NONE', ( #2410, #1385, #1878, #2928 ) ) ;
#731 = EDGE_CURVE ( 'NONE', #1929, #31, #1289, .T. ) ;
#732 = VECTOR ( 'NONE', #435, 1000.000000000000000 ) ;
#733 = EDGE_CURVE ( 'NONE', #960, #880, #2964, .T. ) ;
#734 = DIRECTION ( 'NONE',  ( 1.000000000000000000, 3.404941193878548876E-15, 0.000000000000000000 ) ) ;
#735 = DIRECTION ( 'NONE',  ( 1.000000000000000000, 1.056098416149398494E-14, 0.000000000000000000 ) ) ;
#736 = VERTEX_POINT ( 'NONE', #2657 ) ;
#737 = CARTESIAN_POINT ( 'NONE',  ( -3.761414520215909718, -6.197923911045449152, 3.000000000000000000 ) ) ;
#738 = ORIENTED_EDGE ( 'NONE', *, *, #1024, .T. ) ;
#739 = FACE_BOUND ( 'NONE', #1128, .T. ) ;
#740 = DIRECTION ( 'NONE',  ( -0.3090169943749411230, -0.9510565162951555296, 0.000000000000000000 ) ) ;
#741 = EDGE_LOOP ( 'NONE', ( #2133, #2393, #692, #1228 ) ) ;
#742 = VECTOR ( 'NONE', #2671, 1000.000000000000114 ) ;
#743 = LINE ( 'NONE', #1655, #1778 ) ;
#744 = AXIS2_PLACEMENT_3D ( 'NONE', #2719, #921, #684 ) ;
#745 = EDGE_CURVE ( 'NONE', #797, #1765, #1966, .T. ) ;
#746 = DIRECTION ( 'NONE',  ( 0.5877852522924653655, 0.8090169943749531134, 0.000000000000000000 ) ) ;
#747 = ORIENTED_EDGE ( 'NONE', *, *, #2618, .T. ) ;
#748 = CARTESIAN_POINT ( 'NONE',  ( 7.056916932736730708, -1.662053971582637457, 3.000000000000000000 ) ) ;
#749 = CARTESIAN_POINT ( 'NONE',  ( -4.732234913465890536, 5.492581608294454298, 0.000000000000000000 ) ) ;
#750 = ORIENTED_EDGE ( 'NONE', *, *, #2073, .T. ) ;
#751 = PLANE ( 'NONE',  #368 ) ;
#752 = VERTEX_POINT ( 'NONE', #1346 ) ;
#753 = DIRECTION ( 'NONE',  ( 0.8090169943749551118, -0.5877852522924625900, 0.000000000000000000 ) ) ;
#754 = FACE_OUTER_BOUND ( 'NONE', #336, .T. ) ;
#755 = DIRECTION ( 'NONE',  ( -0.5877852522924653655, -0.8090169943749531134, 0.000000000000000000 ) ) ;
#756 = ORIENTED_EDGE ( 'NONE', *, *, #1327, .T. ) ;
#757 = VECTOR ( 'NONE', #1177, 1000.000000000000000 ) ;
#758 = VECTOR ( 'NONE', #798, 1000.000000000000114 ) ;
#759 = FACE_OUTER_BOUND ( 'NONE', #1690, .T. ) ;
#760 = DIRECTION ( 'NONE',  ( -0.000000000000000000, -0.000000000000000000, 1.000000000000000000 ) ) ;
#761 = EDGE_CURVE ( 'NONE', #802, #1807, #2254, .T. ) ;
#762 = ORIENTED_EDGE ( 'NONE', *, *, #909, .F. ) ;
#763 = PLANE ( 'NONE',  #1629 ) ;
#764 = CARTESIAN_POINT ( 'NONE',  ( 0.6000000000000001998, -10.98362417419678394, 0.000000000000000000 ) ) ;
#765 = ORIENTED_EDGE ( 'NONE', *, *, #2181, .T. ) ;
#766 = CARTESIAN_POINT ( 'NONE',  ( -1.750000000000000666, 1.989974874213239486, 0.000000000000000000 ) ) ;
#767 = PLANE ( 'NONE',  #1597 ) ;
#768 = FACE_BOUND ( 'NONE', #573, .T. ) ;
#769 = CARTESIAN_POINT ( 'NONE',  ( -6.941422502940945982, 8.533267465377205596, 3.000000000000000000 ) ) ;
#770 = ORIENTED_EDGE ( 'NONE', *, *, #1013, .T. ) ;
#771 = EDGE_CURVE ( 'NONE', #1919, #2942, #1813, .T. ) ;
#772 = VECTOR ( 'NONE', #319, 1000.000000000000114 ) ;
#773 = PLANE ( 'NONE',  #1884 ) ;
#774 = VECTOR ( 'NONE', #345, 1000.000000000000000 ) ;
#775 = CARTESIAN_POINT ( 'NONE',  ( 0.6000000000000001998, 10.98362417419678394, 3.000000000000000000 ) ) ;
#776 = ORIENTED_EDGE ( 'NONE', *, *, #1739, .T. ) ;
#777 = AXIS2_PLACEMENT_3D ( 'NONE', #367, #1748, #2029 ) ;
#778 = CARTESIAN_POINT ( 'NONE',  ( -9.238609768128192457, 5.970602109690974935, 3.000000000000000000 ) ) ;
#779 = LINE ( 'NONE', #2127, #2317 ) ;
#780 = ORIENTED_EDGE ( 'NONE', *, *, #2464, .F. ) ;
#781 = DIRECTION ( 'NONE',  ( 0.8090169943749465631, 0.5877852522924742473, 0.000000000000000000 ) ) ;
#782 = ORIENTED_EDGE ( 'NONE', *, *, #2181, .F. ) ;
#783 = DIRECTION ( 'NONE',  ( -0.5877852522924743583, 0.8090169943749466741, 0.000000000000000000 ) ) ;
#784 = EDGE_CURVE ( 'NONE', #893, #1933, #2240, .T. ) ;
#785 = CARTESIAN_POINT ( 'NONE',  ( 0.000000000000000000, 0.000000000000000000, 3.000000000000000000 ) ) ;
#786 = DIRECTION ( 'NONE',  ( 0.5877852522924624790, 0.8090169943749552228, 0.000000000000000000 ) ) ;
#787 = EDGE_LOOP ( 'NONE', ( #2200, #1701, #121, #1753 ) ) ;
#788 = CARTESIAN_POINT ( 'NONE',  ( -0.6000000000000001998, 10.98362417419678394, 3.000000000000000000 ) ) ;
#789 = PRESENTATION_LAYER_ASSIGNMENT (  '', '', ( #2959 ) ) ;
#790 = CARTESIAN_POINT ( 'NONE',  ( -3.964760439431404659, 10.26063714678185868, 0.000000000000000000 ) ) ;
#791 = EDGE_LOOP ( 'NONE', ( #422, #2051, #1338, #246 ) ) ;
#792 = FACE_OUTER_BOUND ( 'NONE', #2172, .T. ) ;
#793 = PLANE ( 'NONE',  #2760 ) ;
#794 = ORIENTED_EDGE ( 'NONE', *, *, #1179, .F. ) ;
#795 = DIRECTION ( 'NONE',  ( -0.8090169943749487835, 0.5877852522924712497, 0.000000000000000000 ) ) ;
#796 = CARTESIAN_POINT ( 'NONE',  ( -10.26063714678184446, -3.964760439431441963, 0.000000000000000000 ) ) ;
#797 = VERTEX_POINT ( 'NONE', #177 ) ;
#798 = DIRECTION ( 'NONE',  ( 0.5877852522924623679, 0.8090169943749552228, 0.000000000000000000 ) ) ;
#799 = FACE_BOUND ( 'NONE', #2620, .T. ) ;
#800 = EDGE_CURVE ( 'NONE', #2467, #1933, #1147, .T. ) ;
#801 = CARTESIAN_POINT ( 'NONE',  ( 6.197923911045465140, -3.761414520215884849, 0.000000000000000000 ) ) ;
#802 = VERTEX_POINT ( 'NONE', #1405 ) ;
#803 = CARTESIAN_POINT ( 'NONE',  ( -9.238609768128151600, -5.970602109691040660, 0.000000000000000000 ) ) ;
#804 = VECTOR ( 'NONE', #2898, 1000.000000000000000 ) ;
#805 = CARTESIAN_POINT ( 'NONE',  ( 10.63145754003182297, -2.823492619877109977, 0.000000000000000000 ) ) ;
#806 = EDGE_CURVE ( 'NONE', #2475, #910, #1611, .T. ) ;
#807 = ORIENTED_EDGE ( 'NONE', *, *, #1767, .T. ) ;
#808 = EDGE_CURVE ( 'NONE', #352, #2487, #1874, .T. ) ;
#809 = DIRECTION ( 'NONE',  ( 0.3090169943749481729, -0.9510565162951534202, 0.000000000000000000 ) ) ;
#810 = DIRECTION ( 'NONE',  ( -0.9510565162951521989, -0.3090169943749515591, 0.000000000000000000 ) ) ;
#811 = EDGE_CURVE ( 'NONE', #2600, #2100, #1891, .T. ) ;
#812 = ORIENTED_EDGE ( 'NONE', *, *, #611, .F. ) ;
#813 = DIRECTION ( 'NONE',  ( -0.000000000000000000, -0.000000000000000000, -1.000000000000000000 ) ) ;
#814 = FACE_OUTER_BOUND ( 'NONE', #1822, .T. ) ;
#815 = CARTESIAN_POINT ( 'NONE',  ( 0.6000000000000001998, -10.98362417419678394, 0.000000000000000000 ) ) ;
#816 = PLANE ( 'NONE',  #2698 ) ;
#817 = VERTEX_POINT ( 'NONE', #2270 ) ;
#818 = VERTEX_POINT ( 'NONE', #2285 ) ;
#819 = VECTOR ( 'NONE', #1661, 1000.000000000000000 ) ;
#820 = DIRECTION ( 'NONE',  ( -0.000000000000000000, -0.000000000000000000, 1.000000000000000000 ) ) ;
#821 = DIRECTION ( 'NONE',  ( -0.5877852522924830181, 0.8090169943749402348, -0.000000000000000000 ) ) ;
#822 = ORIENTED_EDGE ( 'NONE', *, *, #470, .F. ) ;
#823 = FACE_OUTER_BOUND ( 'NONE', #258, .T. ) ;
#824 = FACE_OUTER_BOUND ( 'NONE', #870, .T. ) ;
#825 = EDGE_LOOP ( 'NONE', ( #2491, #2894, #1535, #2040 ) ) ;
#826 = EDGE_CURVE ( 'NONE', #1765, #752, #2539, .T. ) ;
#827 = LINE ( 'NONE', #853, #1298 ) ;
#828 = ORIENTED_EDGE ( 'NONE', *, *, #1615, .T. ) ;
#829 = CARTESIAN_POINT ( 'NONE',  ( -5.970602109691008685, 9.238609768128174693, 0.000000000000000000 ) ) ;
#830 = LINE ( 'NONE', #1321, #479 ) ;
#831 = ORIENTED_EDGE ( 'NONE', *, *, #1780, .T. ) ;
#832 = ORIENTED_EDGE ( 'NONE', *, *, #175, .F. ) ;
#833 = CARTESIAN_POINT ( 'NONE',  ( -10.98362417419678216, -0.6000000000000385025, 3.000000000000000000 ) ) ;
#834 = ADVANCED_FACE ( 'NONE', ( #947 ), #264, .F. ) ;
#835 = LINE ( 'NONE', #176, #1844 ) ;
#836 = FACE_OUTER_BOUND ( 'NONE', #2012, .T. ) ;
#837 = EDGE_LOOP ( 'NONE', ( #1484, #2561, #151, #664 ) ) ;
#838 = LINE ( 'NONE', #2411, #1875 ) ;
#839 = VECTOR ( 'NONE', #13, 999.9999999999998863 ) ;
#840 = CARTESIAN_POINT ( 'NONE',  ( 10.63145754003182297, -2.823492619877109977, 0.000000000000000000 ) ) ;
#841 = EDGE_CURVE ( 'NONE', #1187, #1836, #2105, .T. ) ;
#842 = DIRECTION ( 'NONE',  ( -0.3090169943749350168, -0.9510565162951576390, 0.000000000000000000 ) ) ;
#843 = ORIENTED_EDGE ( 'NONE', *, *, #2443, .F. ) ;
#844 = ORIENTED_EDGE ( 'NONE', *, *, #2083, .F. ) ;
#845 = ORIENTED_EDGE ( 'NONE', *, *, #2419, .F. ) ;
#846 =( GEOMETRIC_REPRESENTATION_CONTEXT ( 3 ) GLOBAL_UNCERTAINTY_ASSIGNED_CONTEXT ( ( #2123 ) ) GLOBAL_UNIT_ASSIGNED_CONTEXT ( ( #2045, #1160, #2743 ) ) REPRESENTATION_CONTEXT ( 'NONE', 'WORKASPACE' ) );
#847 = DIRECTION ( 'NONE',  ( 0.8090169943749532244, -0.5877852522924652545, 0.000000000000000000 ) ) ;
#848 = CARTESIAN_POINT ( 'NONE',  ( -6.941422502940945982, 8.533267465377205596, 3.000000000000000000 ) ) ;
#849 = VECTOR ( 'NONE', #2674, 1000.000000000000000 ) ;
#850 = EDGE_CURVE ( 'NONE', #2309, #1929, #1596, .T. ) ;
#851 = CARTESIAN_POINT ( 'NONE',  ( -2.803321791136895946, 6.686096539486776180, 0.000000000000000000 ) ) ;
#852 = EDGE_LOOP ( 'NONE', ( #1156, #2581, #2708, #317 ) ) ;
#853 = CARTESIAN_POINT ( 'NONE',  ( 4.732234913465930504, -5.492581608294417883, 0.000000000000000000 ) ) ;
#854 = LINE ( 'NONE', #1768, #1231 ) ;
#855 = DIRECTION ( 'NONE',  ( 0.5877852522924802425, -0.8090169943749422332, 0.000000000000000000 ) ) ;
#856 = ORIENTED_EDGE ( 'NONE', *, *, #1010, .F. ) ;
#857 = VERTEX_POINT ( 'NONE', #2047 ) ;
#858 = VERTEX_POINT ( 'NONE', #679 ) ;
#859 = PLANE ( 'NONE',  #1684 ) ;
#860 = EDGE_CURVE ( 'NONE', #913, #412, #2980, .T. ) ;
#861 = LINE ( 'NONE', #612, #2666 ) ;
#862 = DIRECTION ( 'NONE',  ( 1.047444401652940007E-14, -1.000000000000000000, 0.000000000000000000 ) ) ;
#863 = VECTOR ( 'NONE', #1360, 1000.000000000000000 ) ;
#864 = LINE ( 'NONE', #139, #1361 ) ;
#865 = EDGE_LOOP ( 'NONE', ( #1851, #394, #2624, #2472 ) ) ;
#866 = DIRECTION ( 'NONE',  ( -0.5877852522924653655, -0.8090169943749531134, 0.000000000000000000 ) ) ;
#867 = CARTESIAN_POINT ( 'NONE',  ( 6.941422502941007266, -8.533267465377150529, 3.000000000000000000 ) ) ;
#868 = DIRECTION ( 'NONE',  ( 0.000000000000000000, -0.000000000000000000, 1.000000000000000000 ) ) ;
#869 = EDGE_LOOP ( 'NONE', ( #2137, #1311, #2028, #2604 ) ) ;
#870 = EDGE_LOOP ( 'NONE', ( #831, #1714, #1364, #2447 ) ) ;
#871 = EDGE_CURVE ( 'NONE', #1791, #117, #903, .T. ) ;
#872 = AXIS2_PLACEMENT_3D ( 'NONE', #406, #1507, #1310 ) ;
#873 = DIRECTION ( 'NONE',  ( -0.000000000000000000, -0.000000000000000000, 1.000000000000000000 ) ) ;
#874 = ORIENTED_EDGE ( 'NONE', *, *, #1295, .T. ) ;
#875 = CARTESIAN_POINT ( 'NONE',  ( -10.26063714678187289, 3.964760439431368244, 0.000000000000000000 ) ) ;
#876 = DIRECTION ( 'NONE',  ( -0.3090169943749582204, 0.9510565162951499785, 0.000000000000000000 ) ) ;
#877 = PLANE ( 'NONE',  #1852 ) ;
#878 = DIRECTION ( 'NONE',  ( 1.000000000000000000, 0.000000000000000000, 0.000000000000000000 ) ) ;
#879 = VECTOR ( 'NONE', #667, 1000.000000000000000 ) ;
#880 = VERTEX_POINT ( 'NONE', #2779 ) ;
#881 = CARTESIAN_POINT ( 'NONE',  ( 5.970602109690872794, 9.238609768128256405, 3.000000000000000000 ) ) ;
#882 = CARTESIAN_POINT ( 'NONE',  ( 2.823492619877072229, 10.63145754003183363, 3.000000000000000000 ) ) ;
#883 = LINE ( 'NONE', #1818, #1071 ) ;
#884 = ORIENTED_EDGE ( 'NONE', *, *, #1934, .T. ) ;
#885 = VERTEX_POINT ( 'NONE', #2512 ) ;
#886 = EDGE_CURVE ( 'NONE', #2100, #880, #1399, .T. ) ;
#887 = CARTESIAN_POINT ( 'NONE',  ( -7.056916932736720049, 1.662053971582686085, 0.000000000000000000 ) ) ;
#888 = ORIENTED_EDGE ( 'NONE', *, *, #1644, .T. ) ;
#889 = DIRECTION ( 'NONE',  ( -0.8090169943749445647, -0.5877852522924770229, 0.000000000000000000 ) ) ;
#890 = CARTESIAN_POINT ( 'NONE',  ( -10.63145754003178567, -2.823492619877258303, 0.000000000000000000 ) ) ;
#891 = EDGE_CURVE ( 'NONE', #2729, #1809, #460, .T. ) ;
#892 = DIRECTION ( 'NONE',  ( 0.8090169943749423442, 0.5877852522924802425, 0.000000000000000000 ) ) ;
#893 = VERTEX_POINT ( 'NONE', #2994 ) ;
#894 = EDGE_CURVE ( 'NONE', #736, #1238, #2329, .T. ) ;
#895 = EDGE_CURVE ( 'NONE', #1154, #1807, #743, .T. ) ;
#896 = CARTESIAN_POINT ( 'NONE',  ( 9.238609768128107191, 5.970602109691109050, 3.000000000000000000 ) ) ;
#897 = EDGE_CURVE ( 'NONE', #2909, #1403, #918, .T. ) ;
#898 = DIRECTION ( 'NONE',  ( 0.3090169943749515591, -0.9510565162951523099, -0.000000000000000000 ) ) ;
#899 = ORIENTED_EDGE ( 'NONE', *, *, #761, .T. ) ;
#900 = VERTEX_POINT ( 'NONE', #11 ) ;
#901 = DIRECTION ( 'NONE',  ( -0.8090169943749445647, -0.5877852522924770229, 0.000000000000000000 ) ) ;
#902 = ORIENTED_EDGE ( 'NONE', *, *, #1485, .F. ) ;
#903 = LINE ( 'NONE', #2072, #2694 ) ;
#904 = CARTESIAN_POINT ( 'NONE',  ( 2.803321791136802688, 6.686096539486813484, 0.000000000000000000 ) ) ;
#905 = DIRECTION ( 'NONE',  ( 0.000000000000000000, -0.000000000000000000, 1.000000000000000000 ) ) ;
#906 = VERTEX_POINT ( 'NONE', #433 ) ;
#907 = DIRECTION ( 'NONE',  ( 1.000000000000000000, 0.000000000000000000, 0.000000000000000000 ) ) ;
#908 = PLANE ( 'NONE',  #1121 ) ;
#909 = EDGE_CURVE ( 'NONE', #2713, #484, #1841, .T. ) ;
#910 = VERTEX_POINT ( 'NONE', #694 ) ;
#911 = VECTOR ( 'NONE', #1466, 1000.000000000000000 ) ;
#912 = ORIENTED_EDGE ( 'NONE', *, *, #357, .F. ) ;
#913 = VERTEX_POINT ( 'NONE', #1625 ) ;
#914 = DIRECTION ( 'NONE',  ( 1.000000000000000000, 0.000000000000000000, 0.000000000000000000 ) ) ;
#915 = EDGE_LOOP ( 'NONE', ( #2676, #1211, #1666, #1637 ) ) ;
#916 = VECTOR ( 'NONE', #873, 1000.000000000000000 ) ;
#917 = CARTESIAN_POINT ( 'NONE',  ( -9.238609768128151600, -5.970602109691040660, 3.000000000000000000 ) ) ;
#918 = LINE ( 'NONE', #962, #2648 ) ;
#919 = AXIS2_PLACEMENT_3D ( 'NONE', #785, #1912, #1694 ) ;
#920 = LINE ( 'NONE', #1842, #586 ) ;
#921 = DIRECTION ( 'NONE',  ( -0.3090169943749382919, -0.9510565162951566398, 0.000000000000000000 ) ) ;
#922 = ORIENTED_EDGE ( 'NONE', *, *, #2949, .F. ) ;
#923 = CARTESIAN_POINT ( 'NONE',  ( -3.761414520215909718, -6.197923911045449152, 0.000000000000000000 ) ) ;
#924 = FACE_OUTER_BOUND ( 'NONE', #869, .T. ) ;
#925 = VECTOR ( 'NONE', #2196, 999.9999999999998863 ) ;
#926 = ORIENTED_EDGE ( 'NONE', *, *, #1225, .F. ) ;
#927 = ORIENTED_EDGE ( 'NONE', *, *, #2296, .F. ) ;
#928 = EDGE_CURVE ( 'NONE', #1215, #2857, #2526, .T. ) ;
#929 = CARTESIAN_POINT ( 'NONE',  ( 2.823492619877295162, -10.63145754003177501, 0.000000000000000000 ) ) ;
#930 = EDGE_LOOP ( 'NONE', ( #972, #2488, #2547, #1382 ) ) ;
#931 = EDGE_CURVE ( 'NONE', #671, #595, #2209, .T. ) ;
#932 = DIRECTION ( 'NONE',  ( -0.000000000000000000, 0.000000000000000000, 1.000000000000000000 ) ) ;
#933 = ADVANCED_FACE ( 'NONE', ( #293 ), #1250, .F. ) ;
#934 = VECTOR ( 'NONE', #862, 1000.000000000000000 ) ;
#935 = PLANE ( 'NONE',  #292 ) ;
#936 = DIRECTION ( 'NONE',  ( -0.8090169943749445647, -0.5877852522924770229, 0.000000000000000000 ) ) ;
#937 = EDGE_LOOP ( 'NONE', ( #2252, #675, #1242, #702 ) ) ;
#938 = ADVANCED_FACE ( 'NONE', ( #103 ), #1023, .F. ) ;
#939 = CARTESIAN_POINT ( 'NONE',  ( -5.492581608294436535, -4.732234913465909187, 0.000000000000000000 ) ) ;
#940 = DIRECTION ( 'NONE',  ( -0.9510565162951576390, 0.3090169943749349057, 0.000000000000000000 ) ) ;
#941 = ORIENTED_EDGE ( 'NONE', *, *, #2106, .F. ) ;
#942 = ORIENTED_EDGE ( 'NONE', *, *, #1654, .F. ) ;
#943 = CARTESIAN_POINT ( 'NONE',  ( 10.98362417419679105, -0.5999999999998851807, 0.000000000000000000 ) ) ;
#944 = VECTOR ( 'NONE', #363, 1000.000000000000114 ) ;
#945 = CARTESIAN_POINT ( 'NONE',  ( 10.98362417419677683, 0.6000000000001152189, 0.000000000000000000 ) ) ;
#946 = ORIENTED_EDGE ( 'NONE', *, *, #1812, .T. ) ;
#947 = FACE_OUTER_BOUND ( 'NONE', #2221, .T. ) ;
#948 = EDGE_CURVE ( 'NONE', #2363, #802, #2871, .T. ) ;
#949 = CARTESIAN_POINT ( 'NONE',  ( 5.492581608294401896, 4.732234913465950044, 3.000000000000000000 ) ) ;
#950 = EDGE_LOOP ( 'NONE', ( #647, #1566, #171, #2128 ) ) ;
#951 = AXIS2_PLACEMENT_3D ( 'NONE', #1275, #2189, #141 ) ;
#952 = DIRECTION ( 'NONE',  ( -0.3090169943749447867, -0.9510565162951544194, 0.000000000000000000 ) ) ;
#953 = DIRECTION ( 'NONE',  ( 0.3090169943749447312, 0.9510565162951544194, 0.000000000000000000 ) ) ;
#954 = EDGE_CURVE ( 'NONE', #1836, #197, #2182, .T. ) ;
#955 = ORIENTED_EDGE ( 'NONE', *, *, #811, .F. ) ;
#956 = LINE ( 'NONE', #2115, #86 ) ;
#957 = VECTOR ( 'NONE', #1652, 1000.000000000000114 ) ;
#958 = CARTESIAN_POINT ( 'NONE',  ( 1.662053971582612810, 7.056916932736736925, 3.000000000000000000 ) ) ;
#959 = FACE_OUTER_BOUND ( 'NONE', #2950, .T. ) ;
#960 = VERTEX_POINT ( 'NONE', #2342 ) ;
#961 = VECTOR ( 'NONE', #322, 1000.000000000000000 ) ;
#962 = CARTESIAN_POINT ( 'NONE',  ( -6.197923911045436718, 3.761414520215931034, 0.000000000000000000 ) ) ;
#963 = VECTOR ( 'NONE', #2014, 1000.000000000000114 ) ;
#964 = LINE ( 'NONE', #2048, #2859 ) ;
#965 = ORIENTED_EDGE ( 'NONE', *, *, #2305, .T. ) ;
#966 = CARTESIAN_POINT ( 'NONE',  ( 10.63145754003182297, -2.823492619877109977, 3.000000000000000000 ) ) ;
#967 = CARTESIAN_POINT ( 'NONE',  ( 3.964760439431261663, 10.26063714678191019, 0.000000000000000000 ) ) ;
#968 = PRODUCT_RELATED_PRODUCT_CATEGORY ( 'part', '', ( #2883 ) ) ;
#969 = ORIENTED_EDGE ( 'NONE', *, *, #2141, .T. ) ;
#970 = DIRECTION ( 'NONE',  ( 0.9510565162951555296, -0.3090169943749411785, -0.000000000000000000 ) ) ;
#971 = CARTESIAN_POINT ( 'NONE',  ( 6.686096539486803714, -2.803321791136826224, 0.000000000000000000 ) ) ;
#972 = ORIENTED_EDGE ( 'NONE', *, *, #2344, .T. ) ;
#973 = DIRECTION ( 'NONE',  ( 0.9510565162951576390, -0.3090169943749349613, 0.000000000000000000 ) ) ;
#974 = FACE_BOUND ( 'NONE', #2071, .T. ) ;
#975 = AXIS2_PLACEMENT_3D ( 'NONE', #1689, #284, #735 ) ;
#976 = ORIENTED_EDGE ( 'NONE', *, *, #1552, .F. ) ;
#977 = ADVANCED_FACE ( 'NONE', ( #308 ), #773, .F. ) ;
#978 = AXIS2_PLACEMENT_3D ( 'NONE', #2683, #615, #2922 ) ;
#979 = CARTESIAN_POINT ( 'NONE',  ( -9.238609768128192457, 5.970602109690974935, 3.000000000000000000 ) ) ;
#980 = CARTESIAN_POINT ( 'NONE',  ( -5.492581608294436535, -4.732234913465909187, 0.000000000000000000 ) ) ;
#981 = ORIENTED_EDGE ( 'NONE', *, *, #1013, .F. ) ;
#982 = DIRECTION ( 'NONE',  ( -0.8090169943749551118, 0.5877852522924625900, -0.000000000000000000 ) ) ;
#983 = CARTESIAN_POINT ( 'NONE',  ( 2.823492619877295162, -10.63145754003177501, 0.000000000000000000 ) ) ;
#984 = ORIENTED_EDGE ( 'NONE', *, *, #985, .T. ) ;
#985 = EDGE_CURVE ( 'NONE', #2960, #2987, #87, .T. ) ;
#986 = CARTESIAN_POINT ( 'NONE',  ( -6.941422502940945982, 8.533267465377205596, 3.000000000000000000 ) ) ;
#987 =( LENGTH_UNIT ( ) NAMED_UNIT ( * ) SI_UNIT ( .MILLI., .METRE. ) );
#988 = VECTOR ( 'NONE', #1558, 1000.000000000000000 ) ;
#989 = CARTESIAN_POINT ( 'NONE',  ( 1.750000000000000666, 0.000000000000000000, 3.000000000000000000 ) ) ;
#990 = CARTESIAN_POINT ( 'NONE',  ( 2.803321791136943464, -6.686096539486755752, 0.000000000000000000 ) ) ;
#991 = ORIENTED_EDGE ( 'NONE', *, *, #1982, .F. ) ;
#992 = VECTOR ( 'NONE', #719, 1000.000000000000000 ) ;
#993 = PLANE ( 'NONE',  #1159 ) ;
#994 = FACE_OUTER_BOUND ( 'NONE', #1263, .T. ) ;
#995 = ORIENTED_EDGE ( 'NONE', *, *, #2864, .F. ) ;
#996 = DIRECTION ( 'NONE',  ( 0.8090169943749445647, 0.5877852522924770229, 0.000000000000000000 ) ) ;
#997 = FACE_OUTER_BOUND ( 'NONE', #2230, .T. ) ;
#998 = ORIENTED_EDGE ( 'NONE', *, *, #1598, .T. ) ;
#999 = CARTESIAN_POINT ( 'NONE',  ( -6.941422502940885586, -8.533267465377253558, 0.000000000000000000 ) ) ;
#1000 = CARTESIAN_POINT ( 'NONE',  ( -6.941422502940945982, 8.533267465377205596, 0.000000000000000000 ) ) ;
#1001 = ADVANCED_FACE ( 'NONE', ( #2164 ), #1494, .F. ) ;
#1002 = FACE_BOUND ( 'NONE', #1824, .T. ) ;
#1003 = PLANE ( 'NONE',  #1491 ) ;
#1004 = AXIS2_PLACEMENT_3D ( 'NONE', #1712, #2119, #786 ) ;
#1005 = ORIENTED_EDGE ( 'NONE', *, *, #2489, .F. ) ;
#1006 = EDGE_LOOP ( 'NONE', ( #2406, #1409, #315, #157 ) ) ;
#1007 = VECTOR ( 'NONE', #646, 1000.000000000000114 ) ;
#1008 = DIRECTION ( 'NONE',  ( -0.000000000000000000, -0.000000000000000000, 1.000000000000000000 ) ) ;
#1009 = LINE ( 'NONE', #2856, #391 ) ;
#1010 = EDGE_CURVE ( 'NONE', #201, #2633, #338, .T. ) ;
#1011 = ORIENTED_EDGE ( 'NONE', *, *, #1957, .F. ) ;
#1012 = AXIS2_PLACEMENT_3D ( 'NONE', #52, #1459, #534 ) ;
#1013 = EDGE_CURVE ( 'NONE', #5, #441, #2635, .T. ) ;
#1014 = CARTESIAN_POINT ( 'NONE',  ( -9.238609768128151600, -5.970602109691040660, 3.000000000000000000 ) ) ;
#1015 = DIRECTION ( 'NONE',  ( -0.000000000000000000, 0.000000000000000000, 1.000000000000000000 ) ) ;
#1016 = ORIENTED_EDGE ( 'NONE', *, *, #2873, .F. ) ;
#1017 = DIRECTION ( 'NONE',  ( 0.000000000000000000, -1.000000000000000000, 0.000000000000000000 ) ) ;
#1018 = DIRECTION ( 'NONE',  ( -0.000000000000000000, 0.000000000000000000, 1.000000000000000000 ) ) ;
#1019 = DIRECTION ( 'NONE',  ( 0.8090169943749446757, 0.5877852522924769119, 0.000000000000000000 ) ) ;
#1020 = DIRECTION ( 'NONE',  ( 0.5877852522924686962, 0.8090169943749506709, 0.000000000000000000 ) ) ;
#1021 = ORIENTED_EDGE ( 'NONE', *, *, #631, .F. ) ;
#1022 = EDGE_CURVE ( 'NONE', #2445, #1790, #2360, .T. ) ;
#1023 = PLANE ( 'NONE',  #2495 ) ;
#1024 = EDGE_CURVE ( 'NONE', #590, #1403, #1266, .T. ) ;
#1025 = LINE ( 'NONE', #1948, #105 ) ;
#1026 = VECTOR ( 'NONE', #2590, 1000.000000000000000 ) ;
#1027 = EDGE_LOOP ( 'NONE', ( #2691, #2486, #2826, #981 ) ) ;
#1028 = CARTESIAN_POINT ( 'NONE',  ( 10.63145754003176435, 2.823492619877332910, 0.000000000000000000 ) ) ;
#1029 = CARTESIAN_POINT ( 'NONE',  ( 7.225129756620285448, 0.6000000000000761391, 0.000000000000000000 ) ) ;
#1030 = VERTEX_POINT ( 'NONE', #1037 ) ;
#1031 = DIRECTION ( 'NONE',  ( -0.000000000000000000, -0.000000000000000000, -1.000000000000000000 ) ) ;
#1032 = CARTESIAN_POINT ( 'NONE',  ( -8.533267465377180727, -6.941422502940973516, 3.000000000000000000 ) ) ;
#1033 = DIRECTION ( 'NONE',  ( -0.000000000000000000, -0.000000000000000000, 1.000000000000000000 ) ) ;
#1034 = LINE ( 'NONE', #1534, #2605 ) ;
#1035 = ORIENTED_EDGE ( 'NONE', *, *, #15, .F. ) ;
#1036 = ORIENTED_EDGE ( 'NONE', *, *, #1982, .T. ) ;
#1037 = CARTESIAN_POINT ( 'NONE',  ( -3.761414520215953683, 6.197923911045424283, 3.000000000000000000 ) ) ;
#1038 = DIRECTION ( 'NONE',  ( -0.3090169943749547787, 0.9510565162951511997, 0.000000000000000000 ) ) ;
#1039 = EDGE_CURVE ( 'NONE', #752, #297, #1960, .T. ) ;
#1040 = VERTEX_POINT ( 'NONE', #1903 ) ;
#1041 = CARTESIAN_POINT ( 'NONE',  ( 10.26063714678181427, 3.964760439431513017, 0.000000000000000000 ) ) ;
#1042 = CARTESIAN_POINT ( 'NONE',  ( -3.964760439431329164, -10.26063714678188532, 0.000000000000000000 ) ) ;
#1043 = ORIENTED_EDGE ( 'NONE', *, *, #1732, .T. ) ;
#1044 = LINE ( 'NONE', #1953, #1533 ) ;
#1045 = LINE ( 'NONE', #1244, #2770 ) ;
#1046 = EDGE_LOOP ( 'NONE', ( #2193, #231, #1469, #282 ) ) ;
#1047 = LINE ( 'NONE', #1076, #2525 ) ;
#1048 = FACE_OUTER_BOUND ( 'NONE', #81, .T. ) ;
#1049 = ORIENTED_EDGE ( 'NONE', *, *, #125, .F. ) ;
#1050 = ORIENTED_EDGE ( 'NONE', *, *, #1527, .T. ) ;
#1051 = VECTOR ( 'NONE', #499, 1000.000000000000000 ) ;
#1052 = ADVANCED_FACE ( 'NONE', ( #2573 ), #505, .F. ) ;
#1053 = DIRECTION ( 'NONE',  ( -0.3090169943749481729, 0.9510565162951533091, 0.000000000000000000 ) ) ;
#1054 = CARTESIAN_POINT ( 'NONE',  ( 7.056916932736730708, -1.662053971582637457, 3.000000000000000000 ) ) ;
#1055 = ADVANCED_FACE ( 'NONE', ( #759 ), #1683, .F. ) ;
#1056 = AXIS2_PLACEMENT_3D ( 'NONE', #2121, #55, #2824 ) ;
#1057 = CARTESIAN_POINT ( 'NONE',  ( 10.26063714678181427, 3.964760439431513017, 0.000000000000000000 ) ) ;
#1058 = ORIENTED_EDGE ( 'NONE', *, *, #2341, .F. ) ;
#1059 = CARTESIAN_POINT ( 'NONE',  ( -8.533267465377228689, 6.941422502940914008, 0.000000000000000000 ) ) ;
#1060 = CARTESIAN_POINT ( 'NONE',  ( -10.63145754003180699, 2.823492619877181919, 0.000000000000000000 ) ) ;
#1061 = VECTOR ( 'NONE', #2821, 999.9999999999998863 ) ;
#1062 = ADVANCED_FACE ( 'NONE', ( #70 ), #993, .F. ) ;
#1063 = DIRECTION ( 'NONE',  ( -0.5877852522924830181, 0.8090169943749403458, 0.000000000000000000 ) ) ;
#1064 = ORIENTED_EDGE ( 'NONE', *, *, #268, .F. ) ;
#1065 = ORIENTED_EDGE ( 'NONE', *, *, #1622, .T. ) ;
#1066 = ORIENTED_EDGE ( 'NONE', *, *, #806, .F. ) ;
#1067 = CARTESIAN_POINT ( 'NONE',  ( 1.750000000000000666, 0.000000000000000000, 0.000000000000000000 ) ) ;
#1068 = EDGE_CURVE ( 'NONE', #643, #1095, #1326, .T. ) ;
#1069 = LINE ( 'NONE', #1992, #2699 ) ;
#1070 = VECTOR ( 'NONE', #2183, 1000.000000000000000 ) ;
#1071 = VECTOR ( 'NONE', #2725, 1000.000000000000000 ) ;
#1072 = VERTEX_POINT ( 'NONE', #2462 ) ;
#1073 = LINE ( 'NONE', #2199, #2166 ) ;
#1074 = ORIENTED_EDGE ( 'NONE', *, *, #826, .T. ) ;
#1075 = DIRECTION ( 'NONE',  ( -0.9510565162951545304, 0.3090169943749446757, 0.000000000000000000 ) ) ;
#1076 = CARTESIAN_POINT ( 'NONE',  ( 0.6000000000000001998, -10.98362417419678394, 0.000000000000000000 ) ) ;
#1077 = CARTESIAN_POINT ( 'NONE',  ( 6.197923911045465140, -3.761414520215884849, 0.000000000000000000 ) ) ;
#1078 = VECTOR ( 'NONE', #1347, 999.9999999999998863 ) ;
#1079 = EDGE_CURVE ( 'NONE', #190, #2001, #2473, .T. ) ;
#1080 = EDGE_LOOP ( 'NONE', ( #234, #1418 ) ) ;
#1081 = ORIENTED_EDGE ( 'NONE', *, *, #660, .F. ) ;
#1082 = ORIENTED_EDGE ( 'NONE', *, *, #600, .F. ) ;
#1083 = LINE ( 'NONE', #2919, #963 ) ;
#1084 = CARTESIAN_POINT ( 'NONE',  ( -6.941422502940885586, -8.533267465377253558, 0.000000000000000000 ) ) ;
#1085 = PLANE ( 'NONE',  #2404 ) ;
#1086 = EDGE_CURVE ( 'NONE', #885, #2649, #1538, .T. ) ;
#1087 = VERTEX_POINT ( 'NONE', #1990 ) ;
#1088 = LINE ( 'NONE', #1754, #370 ) ;
#1089 = CARTESIAN_POINT ( 'NONE',  ( -6.686096539486765522, -2.803321791136919927, 0.000000000000000000 ) ) ;
#1090 = PLANE ( 'NONE',  #1255 ) ;
#1091 = ORIENTED_EDGE ( 'NONE', *, *, #1225, .T. ) ;
#1092 = VERTEX_POINT ( 'NONE', #1094 ) ;
#1093 = VERTEX_POINT ( 'NONE', #174 ) ;
#1094 = CARTESIAN_POINT ( 'NONE',  ( -1.662053971582710732, 7.056916932736714720, 3.000000000000000000 ) ) ;
#1095 = VERTEX_POINT ( 'NONE', #354 ) ;
#1096 = LINE ( 'NONE', #192, #1209 ) ;
#1097 = CARTESIAN_POINT ( 'NONE',  ( 1.750000000000000666, -1.989974874213239486, 3.000000000000000000 ) ) ;
#1098 = PLANE ( 'NONE',  #1223 ) ;
#1099 = EDGE_CURVE ( 'NONE', #2524, #545, #2695, .T. ) ;
#1100 = AXIS2_PLACEMENT_3D ( 'NONE', #1175, #25, #2745 ) ;
#1101 = LINE ( 'NONE', #2515, #2576 ) ;
#1102 = ORIENTED_EDGE ( 'NONE', *, *, #1506, .T. ) ;
#1103 = DIRECTION ( 'NONE',  ( 0.3090169943749583314, -0.9510565162951500895, 0.000000000000000000 ) ) ;
#1104 = EDGE_CURVE ( 'NONE', #1933, #2487, #1083, .T. ) ;
#1105 = CARTESIAN_POINT ( 'NONE',  ( -5.970602109690942960, -9.238609768128213773, 3.000000000000000000 ) ) ;
#1106 = LINE ( 'NONE', #241, #2559 ) ;
#1107 = VECTOR ( 'NONE', #2536, 1000.000000000000000 ) ;
#1108 = VERTEX_POINT ( 'NONE', #833 ) ;
#1109 = ORIENTED_EDGE ( 'NONE', *, *, #931, .T. ) ;
#1110 = VECTOR ( 'NONE', #2431, 999.9999999999998863 ) ;
#1111 = CYLINDRICAL_SURFACE ( 'NONE', #777, 13.00000000000000178 ) ;
#1112 = EDGE_LOOP ( 'NONE', ( #776, #995, #1922, #1958 ) ) ;
#1113 = ADVANCED_FACE ( 'NONE', ( #147 ), #2435, .F. ) ;
#1114 = CARTESIAN_POINT ( 'NONE',  ( 6.197923911045381651, 3.761414520216020296, 0.000000000000000000 ) ) ;
#1115 = FACE_OUTER_BOUND ( 'NONE', #1398, .T. ) ;
#1116 = EDGE_CURVE ( 'NONE', #1821, #1092, #2931, .T. ) ;
#1117 = LINE ( 'NONE', #890, #2716 ) ;
#1118 = EDGE_CURVE ( 'NONE', #2505, #2180, #1282, .T. ) ;
#1119 = VECTOR ( 'NONE', #1252, 999.9999999999998863 ) ;
#1120 = DIRECTION ( 'NONE',  ( -0.000000000000000000, 0.000000000000000000, -1.000000000000000000 ) ) ;
#1121 = AXIS2_PLACEMENT_3D ( 'NONE', #1153, #1574, #940 ) ;
#1122 = EDGE_LOOP ( 'NONE', ( #2085, #926, #1601, #1722 ) ) ;
#1123 = VECTOR ( 'NONE', #1613, 1000.000000000000114 ) ;
#1124 = CARTESIAN_POINT ( 'NONE',  ( -10.63145754003180699, 2.823492619877181919, 0.000000000000000000 ) ) ;
#1125 = DIRECTION ( 'NONE',  ( -0.5877852522924713607, -0.8090169943749486725, -0.000000000000000000 ) ) ;
#1126 = ORIENTED_EDGE ( 'NONE', *, *, #2587, .F. ) ;
#1127 = ORIENTED_EDGE ( 'NONE', *, *, #1512, .F. ) ;
#1128 = EDGE_LOOP ( 'NONE', ( #2044, #1740, #1035, #1082 ) ) ;
#1129 = CARTESIAN_POINT ( 'NONE',  ( -7.225129756620293442, 0.5999999999999752198, 0.000000000000000000 ) ) ;
#1130 = ORIENTED_EDGE ( 'NONE', *, *, #826, .F. ) ;
#1131 = DIRECTION ( 'NONE',  ( 0.3090169943749412340, 0.9510565162951555296, 0.000000000000000000 ) ) ;
#1132 = CARTESIAN_POINT ( 'NONE',  ( 6.686096539486745094, 2.803321791136966556, 3.000000000000000000 ) ) ;
#1133 = DIRECTION ( 'NONE',  ( 1.000000000000000000, 3.491481338843133355E-15, 0.000000000000000000 ) ) ;
#1134 = EDGE_CURVE ( 'NONE', #1657, #148, #1792, .T. ) ;
#1135 = PLANE ( 'NONE',  #1651 ) ;
#1136 = AXIS2_PLACEMENT_3D ( 'NONE', #1060, #168, #1548 ) ;
#1137 = ORIENTED_EDGE ( 'NONE', *, *, #1775, .F. ) ;
#1138 = LINE ( 'NONE', #923, #2644 ) ;
#1139 = DIRECTION ( 'NONE',  ( 0.5877852522924653655, 0.8090169943749531134, -0.000000000000000000 ) ) ;
#1140 = EDGE_LOOP ( 'NONE', ( #1065, #1375, #2972, #1989 ) ) ;
#1141 = VERTEX_POINT ( 'NONE', #1313 ) ;
#1142 = AXIS2_PLACEMENT_3D ( 'NONE', #1840, #1376, #2283 ) ;
#1143 = EDGE_CURVE ( 'NONE', #1697, #2909, #2712, .T. ) ;
#1144 = FACE_OUTER_BOUND ( 'NONE', #1112, .T. ) ;
#1145 = ORIENTED_EDGE ( 'NONE', *, *, #1541, .T. ) ;
#1146 = ADVANCED_FACE ( 'NONE', ( #1730 ), #2225, .F. ) ;
#1147 = LINE ( 'NONE', #726, #90 ) ;
#1148 = DIRECTION ( 'NONE',  ( 0.000000000000000000, -0.000000000000000000, 1.000000000000000000 ) ) ;
#1149 = CARTESIAN_POINT ( 'NONE',  ( 10.98362417419679105, -0.5999999999998851807, 0.000000000000000000 ) ) ;
#1150 = EDGE_LOOP ( 'NONE', ( #373, #705, #1473, #2092 ) ) ;
#1151 = ADVANCED_FACE ( 'NONE', ( #189 ), #1111, .T. ) ;
#1152 = FACE_BOUND ( 'NONE', #523, .T. ) ;
#1153 = CARTESIAN_POINT ( 'NONE',  ( 2.823492619877072229, 10.63145754003183363, 0.000000000000000000 ) ) ;
#1154 = VERTEX_POINT ( 'NONE', #2651 ) ;
#1155 = VECTOR ( 'NONE', #466, 1000.000000000000227 ) ;
#1156 = ORIENTED_EDGE ( 'NONE', *, *, #15, .T. ) ;
#1157 = DIRECTION ( 'NONE',  ( 0.9510565162951566398, -0.3090169943749383474, 0.000000000000000000 ) ) ;
#1158 = ORIENTED_EDGE ( 'NONE', *, *, #564, .F. ) ;
#1159 = AXIS2_PLACEMENT_3D ( 'NONE', #1915, #583, #398 ) ;
#1160 =( NAMED_UNIT ( * ) PLANE_ANGLE_UNIT ( ) SI_UNIT ( $, .RADIAN. ) );
#1161 = CARTESIAN_POINT ( 'NONE',  ( 9.238609768128238642, -5.970602109690906545, 3.000000000000000000 ) ) ;
#1162 = ADVANCED_FACE ( 'NONE', ( #2195 ), #859, .F. ) ;
#1163 = CARTESIAN_POINT ( 'NONE',  ( -5.492581608294436535, -4.732234913465909187, 0.000000000000000000 ) ) ;
#1164 = DIRECTION ( 'NONE',  ( 0.8090169943749486725, -0.5877852522924714718, 0.000000000000000000 ) ) ;
#1165 = ORIENTED_EDGE ( 'NONE', *, *, #1079, .T. ) ;
#1166 = LINE ( 'NONE', #2502, #187 ) ;
#1167 = CARTESIAN_POINT ( 'NONE',  ( -2.823492619877141951, -10.63145754003181409, 0.000000000000000000 ) ) ;
#1168 = ORIENTED_EDGE ( 'NONE', *, *, #2804, .F. ) ;
#1169 = EDGE_LOOP ( 'NONE', ( #2312, #2374, #2459, #452 ) ) ;
#1170 = EDGE_CURVE ( 'NONE', #1187, #1093, #1977, .T. ) ;
#1171 = DIRECTION ( 'NONE',  ( 0.9510565162951523099, 0.3090169943749515036, 0.000000000000000000 ) ) ;
#1172 = VECTOR ( 'NONE', #2034, 1000.000000000000000 ) ;
#1173 = ORIENTED_EDGE ( 'NONE', *, *, #1825, .F. ) ;
#1174 = DIRECTION ( 'NONE',  ( -0.000000000000000000, 0.000000000000000000, 1.000000000000000000 ) ) ;
#1175 = CARTESIAN_POINT ( 'NONE',  ( 0.000000000000000000, 0.000000000000000000, 3.000000000000000000 ) ) ;
#1176 = DIRECTION ( 'NONE',  ( -1.000000000000000000, 0.000000000000000000, 0.000000000000000000 ) ) ;
#1177 = DIRECTION ( 'NONE',  ( 0.000000000000000000, -0.000000000000000000, 1.000000000000000000 ) ) ;
#1178 = VERTEX_POINT ( 'NONE', #598 ) ;
#1179 = EDGE_CURVE ( 'NONE', #2446, #880, #1299, .T. ) ;
#1180 = PLANE ( 'NONE',  #2206 ) ;
#1181 = LINE ( 'NONE', #2095, #633 ) ;
#1182 = VERTEX_POINT ( 'NONE', #1853 ) ;
#1183 = VERTEX_POINT ( 'NONE', #428 ) ;
#1184 = CARTESIAN_POINT ( 'NONE',  ( 7.225129756620297883, -0.5999999999999248157, 3.000000000000000000 ) ) ;
#1185 = CARTESIAN_POINT ( 'NONE',  ( 9.238609768128107191, 5.970602109691109050, 0.000000000000000000 ) ) ;
#1186 = CARTESIAN_POINT ( 'NONE',  ( 7.056916932736696069, 1.662053971582785339, 0.000000000000000000 ) ) ;
#1187 = VERTEX_POINT ( 'NONE', #2265 ) ;
#1188 = LINE ( 'NONE', #677, #1557 ) ;
#1189 = DIRECTION ( 'NONE',  ( 0.000000000000000000, -0.000000000000000000, 1.000000000000000000 ) ) ;
#1190 = DIRECTION ( 'NONE',  ( -0.000000000000000000, -0.000000000000000000, -1.000000000000000000 ) ) ;
#1191 = APPLICATION_CONTEXT ( 'automotive_design' ) ;
#1192 = VERTEX_POINT ( 'NONE', #2790 ) ;
#1193 = CARTESIAN_POINT ( 'NONE',  ( -6.941422502940885586, -8.533267465377253558, 0.000000000000000000 ) ) ;
#1194 = AXIS2_PLACEMENT_3D ( 'NONE', #2245, #1103, #2022 ) ;
#1195 = DIRECTION ( 'NONE',  ( 0.8090169943749551118, -0.5877852522924625900, 0.000000000000000000 ) ) ;
#1196 = ORIENTED_EDGE ( 'NONE', *, *, #2271, .F. ) ;
#1197 = CARTESIAN_POINT ( 'NONE',  ( -10.63145754003178567, -2.823492619877258303, 3.000000000000000000 ) ) ;
#1198 = EDGE_CURVE ( 'NONE', #1820, #581, #1608, .T. ) ;
#1199 = VECTOR ( 'NONE', #2161, 1000.000000000000000 ) ;
#1200 = LINE ( 'NONE', #500, #2553 ) ;
#1201 = FACE_BOUND ( 'NONE', #1296, .T. ) ;
#1202 = LINE ( 'NONE', #1928, #957 ) ;
#1203 = ORIENTED_EDGE ( 'NONE', *, *, #2352, .T. ) ;
#1204 = VECTOR ( 'NONE', #820, 1000.000000000000000 ) ;
#1205 = DIRECTION ( 'NONE',  ( 0.8090169943749402348, 0.5877852522924831291, 0.000000000000000000 ) ) ;
#1206 = VECTOR ( 'NONE', #1374, 1000.000000000000000 ) ;
#1207 = FACE_OUTER_BOUND ( 'NONE', #2703, .T. ) ;
#1208 = AXIS2_PLACEMENT_3D ( 'NONE', #2326, #2551, #914 ) ;
#1209 = VECTOR ( 'NONE', #1567, 1000.000000000000114 ) ;
#1210 = EDGE_CURVE ( 'NONE', #900, #1141, #2311, .T. ) ;
#1211 = ORIENTED_EDGE ( 'NONE', *, *, #1079, .F. ) ;
#1212 = DIRECTION ( 'NONE',  ( -0.000000000000000000, -0.000000000000000000, 1.000000000000000000 ) ) ;
#1213 = LINE ( 'NONE', #2334, #2460 ) ;
#1214 = ORIENTED_EDGE ( 'NONE', *, *, #2854, .F. ) ;
#1215 = VERTEX_POINT ( 'NONE', #2102 ) ;
#1216 = DIRECTION ( 'NONE',  ( -0.9510565162951511997, -0.3090169943749548342, 0.000000000000000000 ) ) ;
#1217 = FACE_BOUND ( 'NONE', #1027, .T. ) ;
#1218 = FACE_OUTER_BOUND ( 'NONE', #930, .T. ) ;
#1219 = ORIENTED_EDGE ( 'NONE', *, *, #2812, .T. ) ;
#1220 = DIRECTION ( 'NONE',  ( 0.5877852522924743583, -0.8090169943749466741, 0.000000000000000000 ) ) ;
#1221 = ORIENTED_EDGE ( 'NONE', *, *, #2152, .T. ) ;
#1222 = LINE ( 'NONE', #2889, #539 ) ;
#1223 = AXIS2_PLACEMENT_3D ( 'NONE', #796, #2717, #1706 ) ;
#1224 = ORIENTED_EDGE ( 'NONE', *, *, #2006, .F. ) ;
#1225 = EDGE_CURVE ( 'NONE', #1354, #1789, #1356, .T. ) ;
#1226 = CARTESIAN_POINT ( 'NONE',  ( 2.803321791136802688, 6.686096539486813484, 3.000000000000000000 ) ) ;
#1227 = DIRECTION ( 'NONE',  ( 0.5877852522924830181, -0.8090169943749402348, 0.000000000000000000 ) ) ;
#1228 = ORIENTED_EDGE ( 'NONE', *, *, #708, .T. ) ;
#1229 = DIRECTION ( 'NONE',  ( -0.9510565162951545304, 0.3090169943749446757, 0.000000000000000000 ) ) ;
#1230 = CARTESIAN_POINT ( 'NONE',  ( 5.970602109691076187, -9.238609768128128508, 3.000000000000000000 ) ) ;
#1231 = VECTOR ( 'NONE', #2191, 1000.000000000000000 ) ;
#1232 = FACE_OUTER_BOUND ( 'NONE', #1080, .T. ) ;
#1233 = DIRECTION ( 'NONE',  ( -0.8090169943749422332, -0.5877852522924802425, 0.000000000000000000 ) ) ;
#1234 = ORIENTED_EDGE ( 'NONE', *, *, #1780, .F. ) ;
#1235 = CARTESIAN_POINT ( 'NONE',  ( -0.6000000000000001998, -10.98362417419678394, 0.000000000000000000 ) ) ;
#1236 = EDGE_CURVE ( 'NONE', #858, #137, #2741, .T. ) ;
#1237 = DIRECTION ( 'NONE',  ( -0.5877852522924713607, -0.8090169943749486725, 0.000000000000000000 ) ) ;
#1238 = VERTEX_POINT ( 'NONE', #261 ) ;
#1239 = CARTESIAN_POINT ( 'NONE',  ( -0.6000000000000005329, 7.225129756620291666, 0.000000000000000000 ) ) ;
#1240 = DIRECTION ( 'NONE',  ( -0.000000000000000000, -0.000000000000000000, 1.000000000000000000 ) ) ;
#1241 = VECTOR ( 'NONE', #167, 1000.000000000000000 ) ;
#1242 = ORIENTED_EDGE ( 'NONE', *, *, #1517, .F. ) ;
#1243 = CARTESIAN_POINT ( 'NONE',  ( -6.941422502940945982, 8.533267465377205596, 0.000000000000000000 ) ) ;
#1244 = CARTESIAN_POINT ( 'NONE',  ( 8.533267465377127436, 6.941422502941036576, 0.000000000000000000 ) ) ;
#1245 = CARTESIAN_POINT ( 'NONE',  ( -7.225129756620293442, 0.5999999999999752198, 0.000000000000000000 ) ) ;
#1246 = LINE ( 'NONE', #2632, #2686 ) ;
#1247 = ORIENTED_EDGE ( 'NONE', *, *, #1799, .F. ) ;
#1248 = EDGE_CURVE ( 'NONE', #643, #190, #2490, .T. ) ;
#1249 = VECTOR ( 'NONE', #247, 1000.000000000000000 ) ;
#1250 = PLANE ( 'NONE',  #1731 ) ;
#1251 = VECTOR ( 'NONE', #1362, 1000.000000000000000 ) ;
#1252 = DIRECTION ( 'NONE',  ( 0.3090169943749349057, 0.9510565162951577500, 0.000000000000000000 ) ) ;
#1253 = ADVANCED_FACE ( 'NONE', ( #244 ), #488, .F. ) ;
#1254 = ORIENTED_EDGE ( 'NONE', *, *, #138, .F. ) ;
#1255 = AXIS2_PLACEMENT_3D ( 'NONE', #1744, #855, #2663 ) ;
#1256 = CARTESIAN_POINT ( 'NONE',  ( -6.197923911045409184, -3.761414520215974111, 3.000000000000000000 ) ) ;
#1257 = DIRECTION ( 'NONE',  ( -0.9510565162951576390, 0.3090169943749349613, -0.000000000000000000 ) ) ;
#1258 = VERTEX_POINT ( 'NONE', #2297 ) ;
#1259 = LINE ( 'NONE', #999, #1968 ) ;
#1260 = LINE ( 'NONE', #1555, #494 ) ;
#1261 = DIRECTION ( 'NONE',  ( 1.000000000000000000, 0.000000000000000000, -0.000000000000000000 ) ) ;
#1262 = CARTESIAN_POINT ( 'NONE',  ( -13.00000000000000178, 0.000000000000000000, 3.000000000000000000 ) ) ;
#1263 = EDGE_LOOP ( 'NONE', ( #738, #2842, #2638, #1975 ) ) ;
#1264 = ORIENTED_EDGE ( 'NONE', *, *, #2443, .T. ) ;
#1265 = EDGE_CURVE ( 'NONE', #817, #63, #1579, .T. ) ;
#1266 = LINE ( 'NONE', #979, #2114 ) ;
#1267 = COLOUR_RGB ( '',0.1019607843137254888, 0.1019607843137254888, 0.1019607843137254888 ) ;
#1268 = VECTOR ( 'NONE', #1015, 1000.000000000000000 ) ;
#1269 = LINE ( 'NONE', #2373, #2418 ) ;
#1270 = ADVANCED_FACE ( 'NONE', ( #691 ), #1870, .F. ) ;
#1271 = ORIENTED_EDGE ( 'NONE', *, *, #202, .F. ) ;
#1272 = FACE_OUTER_BOUND ( 'NONE', #1758, .T. ) ;
#1273 = PLANE ( 'NONE',  #2226 ) ;
#1274 = EDGE_LOOP ( 'NONE', ( #1619, #2081, #2080, #2026 ) ) ;
#1275 = CARTESIAN_POINT ( 'NONE',  ( -1.662053971582658773, -7.056916932736725379, 0.000000000000000000 ) ) ;
#1276 = LINE ( 'NONE', #2190, #934 ) ;
#1277 = EDGE_CURVE ( 'NONE', #1836, #2592, #2777, .T. ) ;
#1278 = CARTESIAN_POINT ( 'NONE',  ( -3.761414520215909718, -6.197923911045449152, 0.000000000000000000 ) ) ;
#1279 = DIRECTION ( 'NONE',  ( 1.000000000000000000, 0.000000000000000000, 0.000000000000000000 ) ) ;
#1280 = ORIENTED_EDGE ( 'NONE', *, *, #1327, .F. ) ;
#1281 = ORIENTED_EDGE ( 'NONE', *, *, #891, .F. ) ;
#1282 = LINE ( 'NONE', #1526, #1589 ) ;
#1283 = CIRCLE ( 'NONE', #2046, 13.00000000000000178 ) ;
#1284 = ADVANCED_FACE ( 'NONE', ( #2281 ), #21, .F. ) ;
#1285 = ORIENTED_EDGE ( 'NONE', *, *, #621, .T. ) ;
#1286 = DIRECTION ( 'NONE',  ( -0.3090169943749481729, 0.9510565162951533091, 0.000000000000000000 ) ) ;
#1287 = ORIENTED_EDGE ( 'NONE', *, *, #1341, .T. ) ;
#1288 = EDGE_CURVE ( 'NONE', #2641, #906, #721, .T. ) ;
#1289 = LINE ( 'NONE', #2186, #1007 ) ;
#1290 = DIRECTION ( 'NONE',  ( -0.3090169943749582204, 0.9510565162951500895, 0.000000000000000000 ) ) ;
#1291 = ORIENTED_EDGE ( 'NONE', *, *, #1710, .T. ) ;
#1292 = PLANE ( 'NONE',  #2150 ) ;
#1293 = CARTESIAN_POINT ( 'NONE',  ( -2.823492619877220111, 10.63145754003179633, 3.000000000000000000 ) ) ;
#1294 = LINE ( 'NONE', #144, #294 ) ;
#1295 = EDGE_CURVE ( 'NONE', #711, #2960, #704, .T. ) ;
#1296 = EDGE_LOOP ( 'NONE', ( #812, #1254, #2989, #697 ) ) ;
#1297 = VERTEX_POINT ( 'NONE', #1621 ) ;
#1298 = VECTOR ( 'NONE', #2201, 1000.000000000000000 ) ;
#1299 = LINE ( 'NONE', #1067, #676 ) ;
#1300 = CARTESIAN_POINT ( 'NONE',  ( -8.533267465377180727, -6.941422502940973516, 0.000000000000000000 ) ) ;
#1301 = AXIS2_PLACEMENT_3D ( 'NONE', #1041, #2407, #876 ) ;
#1302 = EDGE_CURVE ( 'NONE', #2942, #85, #1823, .T. ) ;
#1303 = FACE_OUTER_BOUND ( 'NONE', #366, .T. ) ;
#1304 = ORIENTED_EDGE ( 'NONE', *, *, #720, .T. ) ;
#1305 = AXIS2_PLACEMENT_3D ( 'NONE', #1761, #411, #642 ) ;
#1306 = LINE ( 'NONE', #635, #1721 ) ;
#1307 = AXIS2_PLACEMENT_3D ( 'NONE', #2907, #2921, #1314 ) ;
#1308 = PLANE ( 'NONE',  #23 ) ;
#1309 = AXIS2_PLACEMENT_3D ( 'NONE', #219, #1157, #471 ) ;
#1310 = DIRECTION ( 'NONE',  ( 0.5877852522924742473, -0.8090169943749466741, 0.000000000000000000 ) ) ;
#1311 = ORIENTED_EDGE ( 'NONE', *, *, #2451, .F. ) ;
#1312 = ORIENTED_EDGE ( 'NONE', *, *, #733, .T. ) ;
#1313 = CARTESIAN_POINT ( 'NONE',  ( -3.964760439431404659, 10.26063714678185868, 3.000000000000000000 ) ) ;
#1314 = DIRECTION ( 'NONE',  ( 0.8090169943749446757, 0.5877852522924769119, 0.000000000000000000 ) ) ;
#1315 = VECTOR ( 'NONE', #1352, 1000.000000000000000 ) ;
#1316 = DIRECTION ( 'NONE',  ( -0.000000000000000000, -0.000000000000000000, 1.000000000000000000 ) ) ;
#1317 = ORIENTED_EDGE ( 'NONE', *, *, #1344, .F. ) ;
#1318 = ADVANCED_FACE ( 'NONE', ( #1636 ), #2508, .F. ) ;
#1319 = PLANE ( 'NONE',  #951 ) ;
#1320 = CARTESIAN_POINT ( 'NONE',  ( -7.056916932736708503, -1.662053971582736267, 3.000000000000000000 ) ) ;
#1321 = CARTESIAN_POINT ( 'NONE',  ( -8.533267465377180727, -6.941422502940973516, 3.000000000000000000 ) ) ;
#1322 = ORIENTED_EDGE ( 'NONE', *, *, #2419, .T. ) ;
#1323 = ORIENTED_EDGE ( 'NONE', *, *, #280, .F. ) ;
#1324 = ORIENTED_EDGE ( 'NONE', *, *, #1118, .F. ) ;
#1325 = ORIENTED_EDGE ( 'NONE', *, *, #2722, .F. ) ;
#1326 = LINE ( 'NONE', #609, #524 ) ;
#1327 = EDGE_CURVE ( 'NONE', #2446, #58, #2214, .T. ) ;
#1328 = PLANE ( 'NONE',  #1307 ) ;
#1329 = ADVANCED_FACE ( 'NONE', ( #1144 ), #2990, .F. ) ;
#1330 = AXIS2_PLACEMENT_3D ( 'NONE', #829, #559, #1488 ) ;
#1331 = LINE ( 'NONE', #1583, #2920 ) ;
#1332 = LINE ( 'NONE', #2274, #2813 ) ;
#1333 = EDGE_LOOP ( 'NONE', ( #2178, #616, #1616, #607 ) ) ;
#1334 = DIRECTION ( 'NONE',  ( 0.000000000000000000, 1.000000000000000000, 0.000000000000000000 ) ) ;
#1335 = FACE_BOUND ( 'NONE', #2120, .T. ) ;
#1336 = EDGE_CURVE ( 'NONE', #671, #960, #2833, .T. ) ;
#1337 = DIRECTION ( 'NONE',  ( -8.654014496458452906E-17, -1.000000000000000000, 0.000000000000000000 ) ) ;
#1338 = ORIENTED_EDGE ( 'NONE', *, *, #2271, .T. ) ;
#1339 = EDGE_LOOP ( 'NONE', ( #2958, #1021, #1563, #2742 ) ) ;
#1340 = ORIENTED_EDGE ( 'NONE', *, *, #841, .T. ) ;
#1341 = EDGE_CURVE ( 'NONE', #1403, #906, #2617, .T. ) ;
#1342 = DIRECTION ( 'NONE',  ( 0.5877852522924654766, 0.8090169943749531134, 0.000000000000000000 ) ) ;
#1343 = EDGE_LOOP ( 'NONE', ( #770, #587, #2401, #337 ) ) ;
#1344 = EDGE_CURVE ( 'NONE', #910, #2204, #2369, .T. ) ;
#1345 = LINE ( 'NONE', #1114, #381 ) ;
#1346 = CARTESIAN_POINT ( 'NONE',  ( -6.941422502940945982, 8.533267465377205596, 0.000000000000000000 ) ) ;
#1347 = DIRECTION ( 'NONE',  ( 0.8090169943749532244, -0.5877852522924652545, 0.000000000000000000 ) ) ;
#1348 = VECTOR ( 'NONE', #2955, 1000.000000000000000 ) ;
#1349 = CARTESIAN_POINT ( 'NONE',  ( 13.00000000000000178, 1.592040838891559293E-15, 0.000000000000000000 ) ) ;
#1350 = ORIENTED_EDGE ( 'NONE', *, *, #69, .F. ) ;
#1351 = FACE_BOUND ( 'NONE', #2866, .T. ) ;
#1352 = DIRECTION ( 'NONE',  ( -0.000000000000000000, 0.000000000000000000, 1.000000000000000000 ) ) ;
#1353 = ORIENTED_EDGE ( 'NONE', *, *, #948, .F. ) ;
#1354 = VERTEX_POINT ( 'NONE', #1245 ) ;
#1355 = VECTOR ( 'NONE', #2056, 1000.000000000000000 ) ;
#1356 = LINE ( 'NONE', #1129, #1206 ) ;
#1357 = ORIENTED_EDGE ( 'NONE', *, *, #2112, .F. ) ;
#1358 = ADVANCED_FACE ( 'NONE', ( #1201, #2131, #1887, #502, #1217, #2569, #739, #1942, #1002, #2805, #304, #2867, #2601, #799, #2381, #318, #1927, #768, #1650, #2356, #1711, #1232 ), #2631, .T. ) ;
#1359 = FACE_OUTER_BOUND ( 'NONE', #937, .T. ) ;
#1360 = DIRECTION ( 'NONE',  ( 0.000000000000000000, -0.000000000000000000, 1.000000000000000000 ) ) ;
#1361 = VECTOR ( 'NONE', #1980, 1000.000000000000000 ) ;
#1362 = DIRECTION ( 'NONE',  ( -0.000000000000000000, -0.000000000000000000, 1.000000000000000000 ) ) ;
#1363 = LINE ( 'NONE', #1149, #250 ) ;
#1364 = ORIENTED_EDGE ( 'NONE', *, *, #2352, .F. ) ;
#1365 = EDGE_CURVE ( 'NONE', #1141, #2444, #2159, .T. ) ;
#1366 = FACE_BOUND ( 'NONE', #2776, .T. ) ;
#1367 = PLANE ( 'NONE',  #443 ) ;
#1368 = ORIENTED_EDGE ( 'NONE', *, *, #113, .T. ) ;
#1369 =( GEOMETRIC_REPRESENTATION_CONTEXT ( 3 ) GLOBAL_UNCERTAINTY_ASSIGNED_CONTEXT ( ( #1860 ) ) GLOBAL_UNIT_ASSIGNED_CONTEXT ( ( #987, #2803, #50 ) ) REPRESENTATION_CONTEXT ( 'NONE', 'WORKASPACE' ) );
#1370 = ORIENTED_EDGE ( 'NONE', *, *, #2234, .T. ) ;
#1371 = AXIS2_PLACEMENT_3D ( 'NONE', #1614, #1393, #2999 ) ;
#1372 = EDGE_CURVE ( 'NONE', #2729, #1192, #2851, .T. ) ;
#1373 = ORIENTED_EDGE ( 'NONE', *, *, #645, .F. ) ;
#1374 = DIRECTION ( 'NONE',  ( 0.000000000000000000, -0.000000000000000000, 1.000000000000000000 ) ) ;
#1375 = ORIENTED_EDGE ( 'NONE', *, *, #2656, .T. ) ;
#1376 = DIRECTION ( 'NONE',  ( 0.000000000000000000, 0.000000000000000000, 1.000000000000000000 ) ) ;
#1377 = CARTESIAN_POINT ( 'NONE',  ( -6.941422502940945982, 8.533267465377205596, 0.000000000000000000 ) ) ;
#1378 = EDGE_CURVE ( 'NONE', #1586, #1497, #514, .T. ) ;
#1379 = DIRECTION ( 'NONE',  ( 1.000000000000000000, 0.000000000000000000, 0.000000000000000000 ) ) ;
#1380 = LINE ( 'NONE', #1584, #2562 ) ;
#1381 = VECTOR ( 'NONE', #1899, 1000.000000000000000 ) ;
#1382 = ORIENTED_EDGE ( 'NONE', *, *, #1582, .T. ) ;
#1383 = FACE_BOUND ( 'NONE', #378, .T. ) ;
#1384 = LINE ( 'NONE', #1167, #879 ) ;
#1385 = ORIENTED_EDGE ( 'NONE', *, *, #2152, .F. ) ;
#1386 = ORIENTED_EDGE ( 'NONE', *, *, #72, .F. ) ;
#1387 = EDGE_CURVE ( 'NONE', #2506, #2433, #288, .T. ) ;
#1388 = DIRECTION ( 'NONE',  ( -0.8090169943749422332, -0.5877852522924802425, 0.000000000000000000 ) ) ;
#1389 = EDGE_LOOP ( 'NONE', ( #1580, #2731, #1353, #828 ) ) ;
#1390 = SHAPE_DEFINITION_REPRESENTATION ( #584, #430 ) ;
#1391 = CARTESIAN_POINT ( 'NONE',  ( -7.225129756620289889, -0.6000000000000257350, 0.000000000000000000 ) ) ;
#1392 = DIRECTION ( 'NONE',  ( -0.000000000000000000, 0.000000000000000000, 1.000000000000000000 ) ) ;
#1393 = DIRECTION ( 'NONE',  ( -0.000000000000000000, -0.000000000000000000, -1.000000000000000000 ) ) ;
#1394 = ORIENTED_EDGE ( 'NONE', *, *, #2531, .F. ) ;
#1395 = VECTOR ( 'NONE', #1581, 999.9999999999998863 ) ;
#1396 = CARTESIAN_POINT ( 'NONE',  ( 6.197923911045381651, 3.761414520216020296, 3.000000000000000000 ) ) ;
#1397 = CARTESIAN_POINT ( 'NONE',  ( 9.238609768128238642, -5.970602109690906545, 0.000000000000000000 ) ) ;
#1398 = EDGE_LOOP ( 'NONE', ( #2212, #2707, #2923, #2250 ) ) ;
#1399 = CIRCLE ( 'NONE', #522, 2.649999999999999911 ) ;
#1400 = EDGE_LOOP ( 'NONE', ( #2471, #1281, #248, #984 ) ) ;
#1401 = VECTOR ( 'NONE', #1511, 1000.000000000000227 ) ;
#1402 = CARTESIAN_POINT ( 'NONE',  ( -10.26063714678184446, -3.964760439431441963, 0.000000000000000000 ) ) ;
#1403 = VERTEX_POINT ( 'NONE', #1900 ) ;
#1404 = VECTOR ( 'NONE', #1624, 1000.000000000000000 ) ;
#1405 = CARTESIAN_POINT ( 'NONE',  ( -0.6000000000000001998, -10.98362417419678394, 0.000000000000000000 ) ) ;
#1406 = PRESENTATION_LAYER_ASSIGNMENT (  '', '', ( #528 ) ) ;
#1407 = FACE_OUTER_BOUND ( 'NONE', #2548, .T. ) ;
#1408 = DIRECTION ( 'NONE',  ( 0.5877852522924713607, 0.8090169943749486725, 0.000000000000000000 ) ) ;
#1409 = ORIENTED_EDGE ( 'NONE', *, *, #2820, .F. ) ;
#1410 = CARTESIAN_POINT ( 'NONE',  ( 6.941422502941007266, -8.533267465377150529, 0.000000000000000000 ) ) ;
#1411 = VECTOR ( 'NONE', #2612, 1000.000000000000000 ) ;
#1412 = DIRECTION ( 'NONE',  ( -0.000000000000000000, -0.000000000000000000, 1.000000000000000000 ) ) ;
#1413 = ORIENTED_EDGE ( 'NONE', *, *, #2042, .T. ) ;
#1414 = ORIENTED_EDGE ( 'NONE', *, *, #2399, .F. ) ;
#1415 = FILL_AREA_STYLE_COLOUR ( '', #1267 ) ;
#1416 = VECTOR ( 'NONE', #2031, 1000.000000000000000 ) ;
#1417 = CARTESIAN_POINT ( 'NONE',  ( -9.238609768128151600, -5.970602109691040660, 0.000000000000000000 ) ) ;
#1418 = ORIENTED_EDGE ( 'NONE', *, *, #1671, .T. ) ;
#1419 = SURFACE_STYLE_USAGE ( .BOTH. , #490 ) ;
#1420 = DIRECTION ( 'NONE',  ( 1.000000000000000000, 0.000000000000000000, 0.000000000000000000 ) ) ;
#1421 = CARTESIAN_POINT ( 'NONE',  ( 7.056916932736696069, 1.662053971582785339, 0.000000000000000000 ) ) ;
#1422 = ADVANCED_FACE ( 'NONE', ( #2398 ), #2117, .F. ) ;
#1423 = VERTEX_POINT ( 'NONE', #1262 ) ;
#1424 = FACE_OUTER_BOUND ( 'NONE', #1339, .T. ) ;
#1425 = CARTESIAN_POINT ( 'NONE',  ( 6.197923911045381651, 3.761414520216020296, 0.000000000000000000 ) ) ;
#1426 = EDGE_LOOP ( 'NONE', ( #2168, #941, #1373, #310 ) ) ;
#1427 = LINE ( 'NONE', #986, #2589 ) ;
#1428 = LINE ( 'NONE', #20, #2434 ) ;
#1429 = EDGE_CURVE ( 'NONE', #1178, #542, #35, .T. ) ;
#1430 = DIRECTION ( 'NONE',  ( -0.8090169943749530024, 0.5877852522924653655, 0.000000000000000000 ) ) ;
#1431 = DIRECTION ( 'NONE',  ( -0.8090169943749531134, 0.5877852522924653655, 0.000000000000000000 ) ) ;
#1432 = ORIENTED_EDGE ( 'NONE', *, *, #2656, .F. ) ;
#1433 = ADVANCED_FACE ( 'NONE', ( #754 ), #1664, .F. ) ;
#1434 = DIRECTION ( 'NONE',  ( -0.8090169943749507819, 0.5877852522924685852, 0.000000000000000000 ) ) ;
#1435 = CARTESIAN_POINT ( 'NONE',  ( 8.533267465377127436, 6.941422502941036576, 3.000000000000000000 ) ) ;
#1436 = VERTEX_POINT ( 'NONE', #2913 ) ;
#1437 = CARTESIAN_POINT ( 'NONE',  ( 10.26063714678189775, -3.964760439431298078, 3.000000000000000000 ) ) ;
#1438 = CARTESIAN_POINT ( 'NONE',  ( 4.732234913465930504, -5.492581608294417883, 0.000000000000000000 ) ) ;
#1439 = ORIENTED_EDGE ( 'NONE', *, *, #2344, .F. ) ;
#1440 = DIRECTION ( 'NONE',  ( 0.9510565162951556406, -0.3090169943749412895, -0.000000000000000000 ) ) ;
#1441 = AXIS2_PLACEMENT_3D ( 'NONE', #84, #1233, #2132 ) ;
#1442 = CARTESIAN_POINT ( 'NONE',  ( 3.761414520215862645, 6.197923911045476686, 0.000000000000000000 ) ) ;
#1443 = DIRECTION ( 'NONE',  ( -3.578021483807718229E-15, 1.000000000000000000, 0.000000000000000000 ) ) ;
#1444 = AXIS2_PLACEMENT_3D ( 'NONE', #2723, #652, #2483 ) ;
#1445 = FACE_BOUND ( 'NONE', #791, .T. ) ;
#1446 = ORIENTED_EDGE ( 'NONE', *, *, #2583, .F. ) ;
#1447 = CARTESIAN_POINT ( 'NONE',  ( -4.732234913465890536, 5.492581608294454298, 0.000000000000000000 ) ) ;
#1448 = EDGE_CURVE ( 'NONE', #1497, #1154, #2470, .T. ) ;
#1449 = CARTESIAN_POINT ( 'NONE',  ( 6.686096539486803714, -2.803321791136826224, 3.000000000000000000 ) ) ;
#1450 = AXIS2_PLACEMENT_3D ( 'NONE', #945, #2523, #7 ) ;
#1451 = EDGE_LOOP ( 'NONE', ( #2787, #580, #485, #330 ) ) ;
#1452 = CIRCLE ( 'NONE', #2313, 2.649999999999999911 ) ;
#1453 = FACE_OUTER_BOUND ( 'NONE', #2609, .T. ) ;
#1454 = DIRECTION ( 'NONE',  ( 8.654014496458452906E-17, 1.000000000000000000, 0.000000000000000000 ) ) ;
#1455 = EDGE_LOOP ( 'NONE', ( #1074, #2636, #1368, #608 ) ) ;
#1456 = LINE ( 'NONE', #557, #1578 ) ;
#1457 = DIRECTION ( 'NONE',  ( 0.5877852522924830181, -0.8090169943749402348, 0.000000000000000000 ) ) ;
#1458 = AXIS2_PLACEMENT_3D ( 'NONE', #163, #2228, #2239 ) ;
#1459 = DIRECTION ( 'NONE',  ( 3.404941193878548876E-15, -1.000000000000000000, -0.000000000000000000 ) ) ;
#1460 = EDGE_CURVE ( 'NONE', #2263, #2445, #393, .T. ) ;
#1461 = LINE ( 'NONE', #2834, #1199 ) ;
#1462 = ORIENTED_EDGE ( 'NONE', *, *, #928, .F. ) ;
#1463 = DIRECTION ( 'NONE',  ( 0.9510565162951511997, 0.3090169943749548342, -0.000000000000000000 ) ) ;
#1464 = LINE ( 'NONE', #2343, #1070 ) ;
#1465 = EDGE_LOOP ( 'NONE', ( #94, #459, #425, #2885 ) ) ;
#1466 = DIRECTION ( 'NONE',  ( 0.9510565162951533091, 0.3090169943749481174, 0.000000000000000000 ) ) ;
#1467 = DIRECTION ( 'NONE',  ( 0.3090169943749349057, 0.9510565162951577500, 0.000000000000000000 ) ) ;
#1468 = ADVANCED_FACE ( 'NONE', ( #1562 ), #1770, .F. ) ;
#1469 = ORIENTED_EDGE ( 'NONE', *, *, #1648, .T. ) ;
#1470 = CARTESIAN_POINT ( 'NONE',  ( -10.63145754003180699, 2.823492619877181919, 0.000000000000000000 ) ) ;
#1471 = VERTEX_POINT ( 'NONE', #1787 ) ;
#1472 = CARTESIAN_POINT ( 'NONE',  ( -7.225129756620289889, -0.6000000000000257350, 0.000000000000000000 ) ) ;
#1473 = ORIENTED_EDGE ( 'NONE', *, *, #2718, .F. ) ;
#1474 = CARTESIAN_POINT ( 'NONE',  ( 9.238609768128238642, -5.970602109690906545, 3.000000000000000000 ) ) ;
#1475 = LINE ( 'NONE', #2146, #663 ) ;
#1476 = EDGE_LOOP ( 'NONE', ( #2020, #845, #1763, #1850 ) ) ;
#1477 = AXIS2_PLACEMENT_3D ( 'NONE', #2232, #2010, #1709 ) ;
#1478 = EDGE_CURVE ( 'NONE', #2244, #37, #1034, .T. ) ;
#1479 = CARTESIAN_POINT ( 'NONE',  ( -0.6000000000000001998, -10.98362417419678394, 0.000000000000000000 ) ) ;
#1480 = DIRECTION ( 'NONE',  ( -8.654014496458452906E-17, 1.000000000000000000, -0.000000000000000000 ) ) ;
#1481 = EDGE_LOOP ( 'NONE', ( #2739, #2542, #1386, #2104 ) ) ;
#1482 = DIRECTION ( 'NONE',  ( 0.9510565162951533091, 0.3090169943749481174, 0.000000000000000000 ) ) ;
#1483 = CARTESIAN_POINT ( 'NONE',  ( -10.63145754003178567, -2.823492619877258303, 3.000000000000000000 ) ) ;
#1484 = ORIENTED_EDGE ( 'NONE', *, *, #2428, .T. ) ;
#1485 = EDGE_CURVE ( 'NONE', #711, #701, #2415, .T. ) ;
#1486 = FACE_OUTER_BOUND ( 'NONE', #2974, .T. ) ;
#1487 = LINE ( 'NONE', #1954, #594 ) ;
#1488 = DIRECTION ( 'NONE',  ( -0.5877852522924743583, 0.8090169943749464521, 0.000000000000000000 ) ) ;
#1489 = DIRECTION ( 'NONE',  ( 8.654014496458452906E-17, 1.000000000000000000, 0.000000000000000000 ) ) ;
#1490 = DIRECTION ( 'NONE',  ( -0.8090169943749551118, 0.5877852522924625900, 0.000000000000000000 ) ) ;
#1491 = AXIS2_PLACEMENT_3D ( 'NONE', #67, #2619, #1490 ) ;
#1492 = ORIENTED_EDGE ( 'NONE', *, *, #102, .T. ) ;
#1493 = AXIS2_PLACEMENT_3D ( 'NONE', #801, #1431, #53 ) ;
#1494 = PLANE ( 'NONE',  #2063 ) ;
#1495 = ADVANCED_FACE ( 'NONE', ( #1956 ), #816, .F. ) ;
#1496 = CARTESIAN_POINT ( 'NONE',  ( -7.225129756620289889, -0.6000000000000257350, 3.000000000000000000 ) ) ;
#1497 = VERTEX_POINT ( 'NONE', #2675 ) ;
#1498 = ORIENTED_EDGE ( 'NONE', *, *, #894, .T. ) ;
#1499 = EDGE_CURVE ( 'NONE', #2987, #1809, #830, .T. ) ;
#1500 = LINE ( 'NONE', #1935, #2841 ) ;
#1501 = CARTESIAN_POINT ( 'NONE',  ( 7.225129756620285448, 0.6000000000000761391, 0.000000000000000000 ) ) ;
#1502 = ORIENTED_EDGE ( 'NONE', *, *, #1198, .T. ) ;
#1503 = DIRECTION ( 'NONE',  ( 1.000000000000000000, 1.056098416149398494E-14, 0.000000000000000000 ) ) ;
#1504 = DIRECTION ( 'NONE',  ( 0.8090169943749446757, 0.5877852522924769119, 0.000000000000000000 ) ) ;
#1505 = LINE ( 'NONE', #2414, #2474 ) ;
#1506 = EDGE_CURVE ( 'NONE', #857, #442, #351, .T. ) ;
#1507 = DIRECTION ( 'NONE',  ( -0.8090169943749466741, -0.5877852522924742473, 0.000000000000000000 ) ) ;
#1508 = ORIENTED_EDGE ( 'NONE', *, *, #2627, .F. ) ;
#1509 = ORIENTED_EDGE ( 'NONE', *, *, #1671, .F. ) ;
#1510 = ADVANCED_FACE ( 'NONE', ( #2706 ), #1549, .F. ) ;
#1511 = DIRECTION ( 'NONE',  ( -0.8090169943749403458, -0.5877852522924829071, 0.000000000000000000 ) ) ;
#1512 = EDGE_CURVE ( 'NONE', #1423, #1867, #434, .T. ) ;
#1513 = CARTESIAN_POINT ( 'NONE',  ( -7.225129756620289889, -0.6000000000000257350, 3.000000000000000000 ) ) ;
#1514 = VECTOR ( 'NONE', #821, 1000.000000000000114 ) ;
#1515 = ADVANCED_FACE ( 'NONE', ( #1048 ), #1090, .F. ) ;
#1516 = ORIENTED_EDGE ( 'NONE', *, *, #2556, .T. ) ;
#1517 = EDGE_CURVE ( 'NONE', #2927, #1866, #2011, .T. ) ;
#1518 = CARTESIAN_POINT ( 'NONE',  ( -10.26063714678184446, -3.964760439431441963, 0.000000000000000000 ) ) ;
#1519 = DIRECTION ( 'NONE',  ( -0.5877852522924624790, -0.8090169943749551118, 0.000000000000000000 ) ) ;
#1520 = EDGE_LOOP ( 'NONE', ( #717, #1357 ) ) ;
#1521 = DIRECTION ( 'NONE',  ( -0.3090169943749350168, -0.9510565162951576390, 0.000000000000000000 ) ) ;
#1522 = LINE ( 'NONE', #2397, #758 ) ;
#1523 = CARTESIAN_POINT ( 'NONE',  ( 10.63145754003182297, -2.823492619877109977, 3.000000000000000000 ) ) ;
#1524 = ORIENTED_EDGE ( 'NONE', *, *, #784, .F. ) ;
#1525 = ORIENTED_EDGE ( 'NONE', *, *, #2510, .T. ) ;
#1526 = CARTESIAN_POINT ( 'NONE',  ( 0.6000000000000001998, 10.98362417419678394, 0.000000000000000000 ) ) ;
#1527 = EDGE_CURVE ( 'NONE', #1835, #1623, #2203, .T. ) ;
#1528 = DIRECTION ( 'NONE',  ( -0.3090169943749383474, -0.9510565162951566398, 0.000000000000000000 ) ) ;
#1529 = DIRECTION ( 'NONE',  ( -0.5877852522924652545, -0.8090169943749532244, 0.000000000000000000 ) ) ;
#1530 = VERTEX_POINT ( 'NONE', #1077 ) ;
#1531 = CARTESIAN_POINT ( 'NONE',  ( -0.6000000000000001998, 10.98362417419678394, 0.000000000000000000 ) ) ;
#1532 = CARTESIAN_POINT ( 'NONE',  ( 10.63145754003182297, -2.823492619877109977, 3.000000000000000000 ) ) ;
#1533 = VECTOR ( 'NONE', #2879, 1000.000000000000000 ) ;
#1534 = CARTESIAN_POINT ( 'NONE',  ( -10.63145754003180699, 2.823492619877181919, 3.000000000000000000 ) ) ;
#1535 = ORIENTED_EDGE ( 'NONE', *, *, #1894, .T. ) ;
#1536 = EDGE_LOOP ( 'NONE', ( #2881, #2753, #1247, #1516 ) ) ;
#1537 = EDGE_LOOP ( 'NONE', ( #2903, #2279, #689, #146 ) ) ;
#1538 = LINE ( 'NONE', #135, #1401 ) ;
#1539 = CARTESIAN_POINT ( 'NONE',  ( 0.6000000000000001998, -10.98362417419678394, 3.000000000000000000 ) ) ;
#1540 = VECTOR ( 'NONE', #588, 1000.000000000000000 ) ;
#1541 = EDGE_CURVE ( 'NONE', #595, #2600, #170, .T. ) ;
#1542 = VECTOR ( 'NONE', #448, 1000.000000000000000 ) ;
#1543 = PLANE ( 'NONE',  #978 ) ;
#1544 = ORIENTED_EDGE ( 'NONE', *, *, #2945, .T. ) ;
#1545 = LINE ( 'NONE', #2468, #1670 ) ;
#1546 = VECTOR ( 'NONE', #2697, 1000.000000000000000 ) ;
#1547 = VECTOR ( 'NONE', #2088, 1000.000000000000114 ) ;
#1548 = DIRECTION ( 'NONE',  ( -0.3090169943749446757, -0.9510565162951544194, 0.000000000000000000 ) ) ;
#1549 = PLANE ( 'NONE',  #872 ) ;
#1550 = ORIENTED_EDGE ( 'NONE', *, *, #2758, .F. ) ;
#1551 = ORIENTED_EDGE ( 'NONE', *, *, #2670, .T. ) ;
#1552 = EDGE_CURVE ( 'NONE', #1590, #624, #593, .T. ) ;
#1553 = DIRECTION ( 'NONE',  ( -0.000000000000000000, -0.000000000000000000, 1.000000000000000000 ) ) ;
#1554 = PLANE ( 'NONE',  #1890 ) ;
#1555 = CARTESIAN_POINT ( 'NONE',  ( 5.492581608294401896, 4.732234913465950044, 0.000000000000000000 ) ) ;
#1556 = EDGE_CURVE ( 'NONE', #2439, #201, #2442, .T. ) ;
#1557 = VECTOR ( 'NONE', #2554, 1000.000000000000000 ) ;
#1558 = DIRECTION ( 'NONE',  ( -0.000000000000000000, -0.000000000000000000, 1.000000000000000000 ) ) ;
#1559 = ORIENTED_EDGE ( 'NONE', *, *, #1118, .T. ) ;
#1560 = CARTESIAN_POINT ( 'NONE',  ( 0.6000000000000005329, 7.225129756620291666, 3.000000000000000000 ) ) ;
#1561 = DIRECTION ( 'NONE',  ( -1.000000000000000000, -3.491481338843133355E-15, 0.000000000000000000 ) ) ;
#1562 = FACE_OUTER_BOUND ( 'NONE', #1794, .T. ) ;
#1563 = ORIENTED_EDGE ( 'NONE', *, *, #1692, .F. ) ;
#1564 = VERTEX_POINT ( 'NONE', #155 ) ;
#1565 = CARTESIAN_POINT ( 'NONE',  ( 9.238609768128238642, -5.970602109690906545, 0.000000000000000000 ) ) ;
#1566 = ORIENTED_EDGE ( 'NONE', *, *, #597, .F. ) ;
#1567 = DIRECTION ( 'NONE',  ( -0.9510565162951499785, -0.3090169943749581649, 0.000000000000000000 ) ) ;
#1568 = DIRECTION ( 'NONE',  ( -0.5877852522924743583, 0.8090169943749464521, 0.000000000000000000 ) ) ;
#1569 = CARTESIAN_POINT ( 'NONE',  ( 8.533267465377280203, -6.941422502940850059, 3.000000000000000000 ) ) ;
#1570 = PLANE ( 'NONE',  #699 ) ;
#1571 = ORIENTED_EDGE ( 'NONE', *, *, #2476, .T. ) ;
#1572 = DIRECTION ( 'NONE',  ( -0.8090169943749551118, 0.5877852522924625900, -0.000000000000000000 ) ) ;
#1573 = LINE ( 'NONE', #1124, #1348 ) ;
#1574 = DIRECTION ( 'NONE',  ( 0.3090169943749349057, 0.9510565162951576390, 0.000000000000000000 ) ) ;
#1575 = EDGE_CURVE ( 'NONE', #1182, #2942, #1294, .T. ) ;
#1576 = EDGE_LOOP ( 'NONE', ( #2953, #2371, #286, #456 ) ) ;
#1577 = ORIENTED_EDGE ( 'NONE', *, *, #1499, .F. ) ;
#1578 = VECTOR ( 'NONE', #1649, 1000.000000000000000 ) ;
#1579 = LINE ( 'NONE', #445, #2163 ) ;
#1580 = ORIENTED_EDGE ( 'NONE', *, *, #895, .T. ) ;
#1581 = DIRECTION ( 'NONE',  ( 0.3090169943749515591, -0.9510565162951523099, -0.000000000000000000 ) ) ;
#1582 = EDGE_CURVE ( 'NONE', #1623, #2433, #2038, .T. ) ;
#1583 = CARTESIAN_POINT ( 'NONE',  ( -2.823492619877141951, -10.63145754003181409, 3.000000000000000000 ) ) ;
#1584 = CARTESIAN_POINT ( 'NONE',  ( -5.970602109691008685, 9.238609768128174693, 3.000000000000000000 ) ) ;
#1585 = EDGE_CURVE ( 'NONE', #148, #1872, #1618, .T. ) ;
#1586 = VERTEX_POINT ( 'NONE', #2971 ) ;
#1587 = CARTESIAN_POINT ( 'NONE',  ( -4.732234913465851456, -5.492581608294486273, 3.000000000000000000 ) ) ;
#1588 = CARTESIAN_POINT ( 'NONE',  ( 3.761414520215998980, -6.197923911045394973, 0.000000000000000000 ) ) ;
#1589 = VECTOR ( 'NONE', #382, 1000.000000000000000 ) ;
#1590 = VERTEX_POINT ( 'NONE', #2308 ) ;
#1591 = ORIENTED_EDGE ( 'NONE', *, *, #2812, .F. ) ;
#1592 = EDGE_LOOP ( 'NONE', ( #2067, #1508, #782, #75 ) ) ;
#1593 = VECTOR ( 'NONE', #1594, 999.9999999999998863 ) ;
#1594 = DIRECTION ( 'NONE',  ( 0.9510565162951523099, 0.3090169943749515036, 0.000000000000000000 ) ) ;
#1595 = ORIENTED_EDGE ( 'NONE', *, *, #2791, .F. ) ;
#1596 = LINE ( 'NONE', #1132, #2796 ) ;
#1597 = AXIS2_PLACEMENT_3D ( 'NONE', #2788, #273, #259 ) ;
#1598 = EDGE_CURVE ( 'NONE', #1087, #1182, #715, .T. ) ;
#1599 = CARTESIAN_POINT ( 'NONE',  ( -7.225129756620289889, -0.6000000000000257350, 0.000000000000000000 ) ) ;
#1600 = CARTESIAN_POINT ( 'NONE',  ( 2.823492619877072229, 10.63145754003183363, 0.000000000000000000 ) ) ;
#1601 = ORIENTED_EDGE ( 'NONE', *, *, #2325, .F. ) ;
#1602 = ADVANCED_FACE ( 'NONE', ( #924 ), #1367, .F. ) ;
#1603 = LINE ( 'NONE', #2518, #1155 ) ;
#1604 = LINE ( 'NONE', #3, #387 ) ;
#1605 = ORIENTED_EDGE ( 'NONE', *, *, #1099, .F. ) ;
#1606 = VERTEX_POINT ( 'NONE', #1848 ) ;
#1607 = VECTOR ( 'NONE', #1018, 1000.000000000000000 ) ;
#1608 = LINE ( 'NONE', #1185, #2850 ) ;
#1609 = ORIENTED_EDGE ( 'NONE', *, *, #713, .T. ) ;
#1610 = PRESENTATION_STYLE_ASSIGNMENT (( #1419 ) ) ;
#1611 = LINE ( 'NONE', #1161, #2157 ) ;
#1612 = ADVANCED_FACE ( 'NONE', ( #185 ), #439, .F. ) ;
#1613 = DIRECTION ( 'NONE',  ( 0.5877852522924830181, -0.8090169943749402348, 0.000000000000000000 ) ) ;
#1614 = CARTESIAN_POINT ( 'NONE',  ( 0.000000000000000000, 0.000000000000000000, 3.000000000000000000 ) ) ;
#1615 = EDGE_CURVE ( 'NONE', #2363, #1154, #421, .T. ) ;
#1616 = ORIENTED_EDGE ( 'NONE', *, *, #1265, .F. ) ;
#1617 = CARTESIAN_POINT ( 'NONE',  ( -3.964760439431329164, -10.26063714678188532, 3.000000000000000000 ) ) ;
#1618 = LINE ( 'NONE', #1397, #1749 ) ;
#1619 = ORIENTED_EDGE ( 'NONE', *, *, #806, .T. ) ;
#1620 = EDGE_LOOP ( 'NONE', ( #2983, #1653, #762, #2757 ) ) ;
#1621 = CARTESIAN_POINT ( 'NONE',  ( 9.238609768128107191, 5.970602109691109050, 3.000000000000000000 ) ) ;
#1622 = EDGE_CURVE ( 'NONE', #562, #1606, #1631, .T. ) ;
#1623 = VERTEX_POINT ( 'NONE', #700 ) ;
#1624 = DIRECTION ( 'NONE',  ( 0.9510565162951544194, -0.3090169943749447867, 0.000000000000000000 ) ) ;
#1625 = CARTESIAN_POINT ( 'NONE',  ( -6.941422502940885586, -8.533267465377253558, 3.000000000000000000 ) ) ;
#1626 = DIRECTION ( 'NONE',  ( 1.000000000000000000, 3.404941193878548876E-15, 0.000000000000000000 ) ) ;
#1627 = LINE ( 'NONE', #2541, #71 ) ;
#1628 = ORIENTED_EDGE ( 'NONE', *, *, #1855, .F. ) ;
#1629 = AXIS2_PLACEMENT_3D ( 'NONE', #298, #76, #2126 ) ;
#1630 = FACE_OUTER_BOUND ( 'NONE', #2740, .T. ) ;
#1631 = LINE ( 'NONE', #2956, #2175 ) ;
#1632 = ORIENTED_EDGE ( 'NONE', *, *, #1640, .T. ) ;
#1633 = ORIENTED_EDGE ( 'NONE', *, *, #564, .T. ) ;
#1634 = EDGE_LOOP ( 'NONE', ( #2327, #1005, #1742, #498 ) ) ;
#1635 = DIRECTION ( 'NONE',  ( -0.8090169943749402348, -0.5877852522924830181, 0.000000000000000000 ) ) ;
#1636 = FACE_OUTER_BOUND ( 'NONE', #1150, .T. ) ;
#1637 = ORIENTED_EDGE ( 'NONE', *, *, #1068, .T. ) ;
#1638 = VECTOR ( 'NONE', #2338, 1000.000000000000000 ) ;
#1639 = DIRECTION ( 'NONE',  ( -0.9510565162951576390, 0.3090169943749349613, 0.000000000000000000 ) ) ;
#1640 = EDGE_CURVE ( 'NONE', #262, #1697, #1106, .T. ) ;
#1641 = DIRECTION ( 'NONE',  ( 0.3090169943749582204, -0.9510565162951499785, 0.000000000000000000 ) ) ;
#1642 = LINE ( 'NONE', #266, #1547 ) ;
#1643 = ORIENTED_EDGE ( 'NONE', *, *, #28, .F. ) ;
#1644 = EDGE_CURVE ( 'NONE', #581, #217, #1604, .T. ) ;
#1645 = LINE ( 'NONE', #1437, #1880 ) ;
#1646 = FACE_OUTER_BOUND ( 'NONE', #230, .T. ) ;
#1647 = EDGE_LOOP ( 'NONE', ( #2147, #1577, #2761, #424 ) ) ;
#1648 = EDGE_CURVE ( 'NONE', #1866, #1040, #883, .T. ) ;
#1649 = DIRECTION ( 'NONE',  ( -0.000000000000000000, -0.000000000000000000, 1.000000000000000000 ) ) ;
#1650 = FACE_BOUND ( 'NONE', #2113, .T. ) ;
#1651 = AXIS2_PLACEMENT_3D ( 'NONE', #2480, #892, #1801 ) ;
#1652 = DIRECTION ( 'NONE',  ( 0.3090169943749548898, -0.9510565162951511997, 0.000000000000000000 ) ) ;
#1653 = ORIENTED_EDGE ( 'NONE', *, *, #1909, .F. ) ;
#1654 = EDGE_CURVE ( 'NONE', #2205, #893, #1384, .T. ) ;
#1655 = CARTESIAN_POINT ( 'NONE',  ( -0.6000000000000001998, -10.98362417419678394, 3.000000000000000000 ) ) ;
#1656 = LINE ( 'NONE', #904, #732 ) ;
#1657 = VERTEX_POINT ( 'NONE', #2292 ) ;
#1658 = LINE ( 'NONE', #283, #2593 ) ;
#1659 = CARTESIAN_POINT ( 'NONE',  ( -8.533267465377180727, -6.941422502940973516, 3.000000000000000000 ) ) ;
#1660 = ORIENTED_EDGE ( 'NONE', *, *, #355, .T. ) ;
#1661 = DIRECTION ( 'NONE',  ( -0.000000000000000000, 0.000000000000000000, 1.000000000000000000 ) ) ;
#1662 = ORIENTED_EDGE ( 'NONE', *, *, #2711, .T. ) ;
#1663 = EDGE_CURVE ( 'NONE', #1981, #2801, #2485, .T. ) ;
#1664 = PLANE ( 'NONE',  #1784 ) ;
#1665 = PLANE ( 'NONE',  #1493 ) ;
#1666 = ORIENTED_EDGE ( 'NONE', *, *, #1248, .F. ) ;
#1667 = CARTESIAN_POINT ( 'NONE',  ( -6.941422502940885586, -8.533267465377253558, 0.000000000000000000 ) ) ;
#1668 = CARTESIAN_POINT ( 'NONE',  ( 2.803321791136943464, -6.686096539486756640, 3.000000000000000000 ) ) ;
#1669 = ORIENTED_EDGE ( 'NONE', *, *, #1598, .F. ) ;
#1670 = VECTOR ( 'NONE', #2936, 1000.000000000000000 ) ;
#1671 = EDGE_CURVE ( 'NONE', #1867, #1423, #245, .T. ) ;
#1672 = PLANE ( 'NONE',  #2493 ) ;
#1673 = DIRECTION ( 'NONE',  ( 8.654014496458452906E-17, 1.000000000000000000, 0.000000000000000000 ) ) ;
#1674 = ORIENTED_EDGE ( 'NONE', *, *, #2362, .F. ) ;
#1675 = CARTESIAN_POINT ( 'NONE',  ( -2.823492619877141951, -10.63145754003181409, 0.000000000000000000 ) ) ;
#1676 = LINE ( 'NONE', #2599, #2876 ) ;
#1677 = CARTESIAN_POINT ( 'NONE',  ( 4.732234913465930504, -5.492581608294417883, 3.000000000000000000 ) ) ;
#1678 = VECTOR ( 'NONE', #2799, 999.9999999999998863 ) ;
#1679 = FACE_OUTER_BOUND ( 'NONE', #1476, .T. ) ;
#1680 = ORIENTED_EDGE ( 'NONE', *, *, #871, .T. ) ;
#1681 = ADVANCED_FACE ( 'NONE', ( #2986 ), #908, .F. ) ;
#1682 = AXIS2_PLACEMENT_3D ( 'NONE', #1946, #2372, #1698 ) ;
#1683 = PLANE ( 'NONE',  #574 ) ;
#1684 = AXIS2_PLACEMENT_3D ( 'NONE', #2961, #2904, #1053 ) ;
#1685 = DIRECTION ( 'NONE',  ( -0.5877852522924770229, 0.8090169943749445647, 0.000000000000000000 ) ) ;
#1686 = VERTEX_POINT ( 'NONE', #1865 ) ;
#1687 = VECTOR ( 'NONE', #1148, 1000.000000000000000 ) ;
#1688 = LINE ( 'NONE', #2611, #1678 ) ;
#1689 = CARTESIAN_POINT ( 'NONE',  ( 10.98362417419679105, -0.5999999999998851807, 0.000000000000000000 ) ) ;
#1690 = EDGE_LOOP ( 'NONE', ( #2057, #2835, #2862, #946 ) ) ;
#1691 = PLANE ( 'NONE',  #34 ) ;
#1692 = EDGE_CURVE ( 'NONE', #2263, #654, #2785, .T. ) ;
#1693 = CARTESIAN_POINT ( 'NONE',  ( 6.686096539486745094, 2.803321791136967001, 3.000000000000000000 ) ) ;
#1694 = DIRECTION ( 'NONE',  ( 1.000000000000000000, 0.000000000000000000, 0.000000000000000000 ) ) ;
#1695 = VECTOR ( 'NONE', #41, 1000.000000000000000 ) ;
#1696 = PLANE ( 'NONE',  #1441 ) ;
#1697 = VERTEX_POINT ( 'NONE', #2755 ) ;
#1698 = DIRECTION ( 'NONE',  ( 1.000000000000000000, 0.000000000000000000, 0.000000000000000000 ) ) ;
#1699 = PLANE ( 'NONE',  #2513 ) ;
#1700 = EDGE_CURVE ( 'NONE', #320, #2801, #2248, .T. ) ;
#1701 = ORIENTED_EDGE ( 'NONE', *, *, #160, .F. ) ;
#1702 = PLANE ( 'NONE',  #1777 ) ;
#1703 = CARTESIAN_POINT ( 'NONE',  ( -13.00000000000000178, 0.000000000000000000, 0.000000000000000000 ) ) ;
#1704 = ORIENTED_EDGE ( 'NONE', *, *, #1236, .T. ) ;
#1705 = DIRECTION ( 'NONE',  ( -0.8090169943749465631, -0.5877852522924742473, -0.000000000000000000 ) ) ;
#1706 = DIRECTION ( 'NONE',  ( 0.3090169943749515036, -0.9510565162951521989, 0.000000000000000000 ) ) ;
#1707 = VERTEX_POINT ( 'NONE', #229 ) ;
#1708 = VECTOR ( 'NONE', #2925, 1000.000000000000000 ) ;
#1709 = DIRECTION ( 'NONE',  ( -0.000000000000000000, 0.000000000000000000, -1.000000000000000000 ) ) ;
#1710 = EDGE_CURVE ( 'NONE', #1707, #900, #2065, .T. ) ;
#1711 = FACE_BOUND ( 'NONE', #440, .T. ) ;
#1712 = CARTESIAN_POINT ( 'NONE',  ( 6.941422502940819861, 8.533267465377303296, 0.000000000000000000 ) ) ;
#1713 = ORIENTED_EDGE ( 'NONE', *, *, #1745, .T. ) ;
#1714 = ORIENTED_EDGE ( 'NONE', *, *, #1170, .F. ) ;
#1715 = ADVANCED_FACE ( 'NONE', ( #1646 ), #793, .F. ) ;
#1716 = DIRECTION ( 'NONE',  ( 0.3090169943749349057, 0.9510565162951577500, 0.000000000000000000 ) ) ;
#1717 = DIRECTION ( 'NONE',  ( 0.3090169943749446757, 0.9510565162951544194, 0.000000000000000000 ) ) ;
#1718 = EDGE_LOOP ( 'NONE', ( #2549, #3000, #239, #2586 ) ) ;
#1719 = DIRECTION ( 'NONE',  ( -0.3090169943749349057, -0.9510565162951576390, 0.000000000000000000 ) ) ;
#1720 = PLANE ( 'NONE',  #2125 ) ;
#1721 = VECTOR ( 'NONE', #389, 1000.000000000000000 ) ;
#1722 = ORIENTED_EDGE ( 'NONE', *, *, #928, .T. ) ;
#1723 = DIRECTION ( 'NONE',  ( -0.000000000000000000, 0.000000000000000000, 1.000000000000000000 ) ) ;
#1724 = CARTESIAN_POINT ( 'NONE',  ( 2.823492619877295162, -10.63145754003177501, 0.000000000000000000 ) ) ;
#1725 = LINE ( 'NONE', #1532, #2091 ) ;
#1726 = CARTESIAN_POINT ( 'NONE',  ( 8.533267465377127436, 6.941422502941036576, 0.000000000000000000 ) ) ;
#1727 = ORIENTED_EDGE ( 'NONE', *, *, #120, .F. ) ;
#1728 = ORIENTED_EDGE ( 'NONE', *, *, #69, .T. ) ;
#1729 = VECTOR ( 'NONE', #982, 999.9999999999998863 ) ;
#1730 = FACE_OUTER_BOUND ( 'NONE', #2423, .T. ) ;
#1731 = AXIS2_PLACEMENT_3D ( 'NONE', #2588, #2385, #1205 ) ;
#1732 = EDGE_CURVE ( 'NONE', #2290, #1564, #1213, .T. ) ;
#1733 = LINE ( 'NONE', #1084, #2748 ) ;
#1734 = AXIS2_PLACEMENT_3D ( 'NONE', #1565, #1342, #2251 ) ;
#1735 = ORIENTED_EDGE ( 'NONE', *, *, #1022, .F. ) ;
#1736 = VECTOR ( 'NONE', #1489, 1000.000000000000000 ) ;
#1737 = CARTESIAN_POINT ( 'NONE',  ( -5.970602109691008685, 9.238609768128174693, 0.000000000000000000 ) ) ;
#1738 = LINE ( 'NONE', #1029, #1945 ) ;
#1739 = EDGE_CURVE ( 'NONE', #2965, #590, #30, .T. ) ;
#1740 = ORIENTED_EDGE ( 'NONE', *, *, #771, .F. ) ;
#1741 = LINE ( 'NONE', #2673, #563 ) ;
#1742 = ORIENTED_EDGE ( 'NONE', *, *, #2484, .F. ) ;
#1743 = PLANE ( 'NONE',  #1477 ) ;
#1744 = CARTESIAN_POINT ( 'NONE',  ( 6.941422502941007266, -8.533267465377150529, 0.000000000000000000 ) ) ;
#1745 = EDGE_CURVE ( 'NONE', #736, #2530, #497, .T. ) ;
#1746 = VERTEX_POINT ( 'NONE', #1703 ) ;
#1747 = ORIENTED_EDGE ( 'NONE', *, *, #2325, .T. ) ;
#1748 = DIRECTION ( 'NONE',  ( -0.000000000000000000, -0.000000000000000000, -1.000000000000000000 ) ) ;
#1749 = VECTOR ( 'NONE', #1139, 1000.000000000000000 ) ;
#1750 = LINE ( 'NONE', #1300, #1546 ) ;
#1751 = AXIS2_PLACEMENT_3D ( 'NONE', #2050, #1164, #2768 ) ;
#1752 = DIRECTION ( 'NONE',  ( 1.047444401652940007E-14, -1.000000000000000000, 0.000000000000000000 ) ) ;
#1753 = ORIENTED_EDGE ( 'NONE', *, *, #2106, .T. ) ;
#1754 = CARTESIAN_POINT ( 'NONE',  ( 6.197923911045465140, -3.761414520215884849, 3.000000000000000000 ) ) ;
#1755 = LINE ( 'NONE', #1278, #849 ) ;
#1756 = DIRECTION ( 'NONE',  ( -0.000000000000000000, -0.000000000000000000, 1.000000000000000000 ) ) ;
#1757 = ORIENTED_EDGE ( 'NONE', *, *, #2587, .T. ) ;
#1758 = EDGE_LOOP ( 'NONE', ( #747, #856, #2453, #2944 ) ) ;
#1759 = ORIENTED_EDGE ( 'NONE', *, *, #808, .F. ) ;
#1760 = EDGE_CURVE ( 'NONE', #148, #2475, #256, .T. ) ;
#1761 = CARTESIAN_POINT ( 'NONE',  ( -3.761414520215909718, -6.197923911045449152, 0.000000000000000000 ) ) ;
#1762 = DIRECTION ( 'NONE',  ( -0.000000000000000000, 0.000000000000000000, 1.000000000000000000 ) ) ;
#1763 = ORIENTED_EDGE ( 'NONE', *, *, #1879, .F. ) ;
#1764 = FACE_OUTER_BOUND ( 'NONE', #730, .T. ) ;
#1765 = VERTEX_POINT ( 'NONE', #2815 ) ;
#1766 = LINE ( 'NONE', #2643, #2789 ) ;
#1767 = EDGE_CURVE ( 'NONE', #858, #2524, #2595, .T. ) ;
#1768 = CARTESIAN_POINT ( 'NONE',  ( 10.63145754003182297, -2.823492619877109977, 0.000000000000000000 ) ) ;
#1769 = VECTOR ( 'NONE', #1075, 999.9999999999998863 ) ;
#1770 = PLANE ( 'NONE',  #2652 ) ;
#1771 = ORIENTED_EDGE ( 'NONE', *, *, #2914, .T. ) ;
#1772 = EDGE_LOOP ( 'NONE', ( #1963, #1949, #188, #2977 ) ) ;
#1773 = ORIENTED_EDGE ( 'NONE', *, *, #138, .T. ) ;
#1774 = CARTESIAN_POINT ( 'NONE',  ( 7.225129756620285448, 0.6000000000000761391, 0.000000000000000000 ) ) ;
#1775 = EDGE_CURVE ( 'NONE', #2258, #220, #1181, .T. ) ;
#1776 = FACE_OUTER_BOUND ( 'NONE', #291, .T. ) ;
#1777 = AXIS2_PLACEMENT_3D ( 'NONE', #2875, #1719, #2625 ) ;
#1778 = VECTOR ( 'NONE', #2301, 1000.000000000000000 ) ;
#1779 = DIRECTION ( 'NONE',  ( -0.000000000000000000, -0.000000000000000000, 1.000000000000000000 ) ) ;
#1780 = EDGE_CURVE ( 'NONE', #2801, #1093, #270, .T. ) ;
#1781 = VECTOR ( 'NONE', #2003, 1000.000000000000114 ) ;
#1782 = CARTESIAN_POINT ( 'NONE',  ( -10.26063714678187289, 3.964760439431368244, 0.000000000000000000 ) ) ;
#1783 = EDGE_LOOP ( 'NONE', ( #1771, #2969, #556, #874 ) ) ;
#1784 = AXIS2_PLACEMENT_3D ( 'NONE', #2584, #1443, #2457 ) ;
#1785 = DIRECTION ( 'NONE',  ( 1.000000000000000000, 0.000000000000000000, 0.000000000000000000 ) ) ;
#1786 = FACE_OUTER_BOUND ( 'NONE', #1914, .T. ) ;
#1787 = CARTESIAN_POINT ( 'NONE',  ( 4.732234913465809711, 5.492581608294520912, 0.000000000000000000 ) ) ;
#1788 = ADVANCED_FACE ( 'NONE', ( #997 ), #2111, .F. ) ;
#1789 = VERTEX_POINT ( 'NONE', #2565 ) ;
#1790 = VERTEX_POINT ( 'NONE', #544 ) ;
#1791 = VERTEX_POINT ( 'NONE', #967 ) ;
#1792 = LINE ( 'NONE', #2449, #2997 ) ;
#1793 = VECTOR ( 'NONE', #478, 1000.000000000000000 ) ;
#1794 = EDGE_LOOP ( 'NONE', ( #965, #1595, #2002, #2358 ) ) ;
#1795 = CARTESIAN_POINT ( 'NONE',  ( -10.63145754003180699, 2.823492619877181919, 0.000000000000000000 ) ) ;
#1796 = DIRECTION ( 'NONE',  ( -0.000000000000000000, -0.000000000000000000, -1.000000000000000000 ) ) ;
#1797 = VECTOR ( 'NONE', #2229, 1000.000000000000114 ) ;
#1798 = CARTESIAN_POINT ( 'NONE',  ( 1.750000000000000666, 1.989974874213239486, 0.000000000000000000 ) ) ;
#1799 = EDGE_CURVE ( 'NONE', #1040, #1791, #779, .T. ) ;
#1800 = VECTOR ( 'NONE', #1174, 1000.000000000000000 ) ;
#1801 = DIRECTION ( 'NONE',  ( -0.5877852522924802425, 0.8090169943749423442, 0.000000000000000000 ) ) ;
#1802 = ORIENTED_EDGE ( 'NONE', *, *, #2169, .F. ) ;
#1803 = DIRECTION ( 'NONE',  ( 0.000000000000000000, -0.000000000000000000, 1.000000000000000000 ) ) ;
#1804 = VECTOR ( 'NONE', #2158, 1000.000000000000000 ) ;
#1805 = FACE_OUTER_BOUND ( 'NONE', #1576, .T. ) ;
#1806 = DIRECTION ( 'NONE',  ( 0.3090169943749582204, -0.9510565162951499785, 0.000000000000000000 ) ) ;
#1807 = VERTEX_POINT ( 'NONE', #45 ) ;
#1808 = ORIENTED_EDGE ( 'NONE', *, *, #886, .F. ) ;
#1809 = VERTEX_POINT ( 'NONE', #1659 ) ;
#1810 = DIRECTION ( 'NONE',  ( -0.5877852522924802425, 0.8090169943749422332, 0.000000000000000000 ) ) ;
#1811 = ORIENTED_EDGE ( 'NONE', *, *, #2399, .T. ) ;
#1812 = EDGE_CURVE ( 'NONE', #1436, #225, #1936, .T. ) ;
#1813 = LINE ( 'NONE', #2732, #1395 ) ;
#1814 = LINE ( 'NONE', #2966, #1607 ) ;
#1815 = CARTESIAN_POINT ( 'NONE',  ( 3.964760439431476602, -10.26063714678182670, 3.000000000000000000 ) ) ;
#1816 = ORIENTED_EDGE ( 'NONE', *, *, #418, .F. ) ;
#1817 = CARTESIAN_POINT ( 'NONE',  ( 0.000000000000000000, 0.000000000000000000, 0.000000000000000000 ) ) ;
#1818 = CARTESIAN_POINT ( 'NONE',  ( 1.662053971582612810, 7.056916932736736925, 0.000000000000000000 ) ) ;
#1819 = EDGE_LOOP ( 'NONE', ( #2829, #1591, #1439, #2461 ) ) ;
#1820 = VERTEX_POINT ( 'NONE', #1425 ) ;
#1821 = VERTEX_POINT ( 'NONE', #93 ) ;
#1822 = EDGE_LOOP ( 'NONE', ( #96, #2890, #2417, #134 ) ) ;
#1823 = LINE ( 'NONE', #674, #1593 ) ;
#1824 = EDGE_LOOP ( 'NONE', ( #110, #419, #2940, #641 ) ) ;
#1825 = EDGE_CURVE ( 'NONE', #1423, #1746, #2861, .T. ) ;
#1826 = DIRECTION ( 'NONE',  ( 0.5877852522924653655, 0.8090169943749531134, -0.000000000000000000 ) ) ;
#1827 = CARTESIAN_POINT ( 'NONE',  ( 10.98362417419677683, 0.6000000000001152189, 0.000000000000000000 ) ) ;
#1828 = VECTOR ( 'NONE', #1832, 1000.000000000000000 ) ;
#1829 = CARTESIAN_POINT ( 'NONE',  ( -9.238609768128151600, -5.970602109691040660, 0.000000000000000000 ) ) ;
#1830 = EDGE_LOOP ( 'NONE', ( #1713, #1757, #1747, #2659 ) ) ;
#1831 = VECTOR ( 'NONE', #38, 1000.000000000000000 ) ;
#1832 = DIRECTION ( 'NONE',  ( -0.5877852522924625900, -0.8090169943749551118, 0.000000000000000000 ) ) ;
#1833 = CARTESIAN_POINT ( 'NONE',  ( -0.6000000000000001998, 10.98362417419678394, 0.000000000000000000 ) ) ;
#1834 = VERTEX_POINT ( 'NONE', #510 ) ;
#1835 = VERTEX_POINT ( 'NONE', #1438 ) ;
#1836 = VERTEX_POINT ( 'NONE', #983 ) ;
#1837 = ADVANCED_FACE ( 'NONE', ( #1908 ), #2828, .F. ) ;
#1838 = CARTESIAN_POINT ( 'NONE',  ( -9.238609768128192457, 5.970602109690974935, 0.000000000000000000 ) ) ;
#1839 = EDGE_LOOP ( 'NONE', ( #1036, #2847, #625, #79 ) ) ;
#1840 = CARTESIAN_POINT ( 'NONE',  ( 0.000000000000000000, 0.000000000000000000, 0.000000000000000000 ) ) ;
#1841 = LINE ( 'NONE', #235, #2160 ) ;
#1842 = CARTESIAN_POINT ( 'NONE',  ( -5.970602109690942960, -9.238609768128213773, 0.000000000000000000 ) ) ;
#1843 = VECTOR ( 'NONE', #2277, 1000.000000000000000 ) ;
#1844 = VECTOR ( 'NONE', #149, 1000.000000000000114 ) ;
#1845 = CARTESIAN_POINT ( 'NONE',  ( 7.225129756620285448, 0.6000000000000761391, 3.000000000000000000 ) ) ;
#1846 = ORIENTED_EDGE ( 'NONE', *, *, #1732, .F. ) ;
#1847 = LINE ( 'NONE', #698, #1828 ) ;
#1848 = CARTESIAN_POINT ( 'NONE',  ( -5.970602109690942960, -9.238609768128213773, 0.000000000000000000 ) ) ;
#1849 = ORIENTED_EDGE ( 'NONE', *, *, #2451, .T. ) ;
#1850 = ORIENTED_EDGE ( 'NONE', *, *, #2653, .T. ) ;
#1851 = ORIENTED_EDGE ( 'NONE', *, *, #508, .T. ) ;
#1852 = AXIS2_PLACEMENT_3D ( 'NONE', #1724, #2412, #349 ) ;
#1853 = CARTESIAN_POINT ( 'NONE',  ( -10.26063714678184446, -3.964760439431441963, 0.000000000000000000 ) ) ;
#1854 = ORIENTED_EDGE ( 'NONE', *, *, #169, .T. ) ;
#1855 = EDGE_CURVE ( 'NONE', #2649, #444, #2365, .T. ) ;
#1856 = LINE ( 'NONE', #2314, #1800 ) ;
#1857 = DIRECTION ( 'NONE',  ( 0.3090169943749548898, -0.9510565162951511997, 0.000000000000000000 ) ) ;
#1858 = CARTESIAN_POINT ( 'NONE',  ( 0.000000000000000000, 0.000000000000000000, 3.000000000000000000 ) ) ;
#1859 = VECTOR ( 'NONE', #1408, 1000.000000000000000 ) ;
#1860 = UNCERTAINTY_MEASURE_WITH_UNIT (LENGTH_MEASURE( 1.000000000000000082E-05 ), #987, 'distance_accuracy_value', 'NONE');
#1861 = CARTESIAN_POINT ( 'NONE',  ( -10.98362417419678216, -0.6000000000000385025, 0.000000000000000000 ) ) ;
#1862 = ORIENTED_EDGE ( 'NONE', *, *, #344, .F. ) ;
#1863 = EDGE_CURVE ( 'NONE', #352, #857, #77, .T. ) ;
#1864 = DIRECTION ( 'NONE',  ( -0.5877852522924770229, 0.8090169943749445647, 0.000000000000000000 ) ) ;
#1865 = CARTESIAN_POINT ( 'NONE',  ( 6.686096539486745094, 2.803321791136966556, 0.000000000000000000 ) ) ;
#1866 = VERTEX_POINT ( 'NONE', #2640 ) ;
#1867 = VERTEX_POINT ( 'NONE', #2877 ) ;
#1868 = ADVANCED_FACE ( 'NONE', ( #824 ), #1543, .F. ) ;
#1869 = CARTESIAN_POINT ( 'NONE',  ( 2.803321791136943464, -6.686096539486755752, 0.000000000000000000 ) ) ;
#1870 = PLANE ( 'NONE',  #2696 ) ;
#1871 = AXIS2_PLACEMENT_3D ( 'NONE', #1000, #783, #533 ) ;
#1872 = VERTEX_POINT ( 'NONE', #386 ) ;
#1873 = FILL_AREA_STYLE ('',( #2793 ) ) ;
#1874 = LINE ( 'NONE', #2795, #863 ) ;
#1875 = VECTOR ( 'NONE', #404, 1000.000000000000000 ) ;
#1876 = CYLINDRICAL_SURFACE ( 'NONE', #390, 13.00000000000000178 ) ;
#1877 = ADVANCED_FACE ( 'NONE', ( #1764 ), #1273, .F. ) ;
#1878 = ORIENTED_EDGE ( 'NONE', *, *, #2574, .F. ) ;
#1879 = EDGE_CURVE ( 'NONE', #1471, #2013, #2425, .T. ) ;
#1880 = VECTOR ( 'NONE', #2564, 999.9999999999998863 ) ;
#1881 = DIRECTION ( 'NONE',  ( -1.000000000000000000, -0.000000000000000000, -0.000000000000000000 ) ) ;
#1882 = CARTESIAN_POINT ( 'NONE',  ( 2.803321791136943464, -6.686096539486755752, 3.000000000000000000 ) ) ;
#1883 = ORIENTED_EDGE ( 'NONE', *, *, #2791, .T. ) ;
#1884 = AXIS2_PLACEMENT_3D ( 'NONE', #1235, #2148, #279 ) ;
#1885 = CARTESIAN_POINT ( 'NONE',  ( 0.6000000000000001998, -10.98362417419678394, 0.000000000000000000 ) ) ;
#1886 = FILL_AREA_STYLE ('',( #1415 ) ) ;
#1887 = FACE_BOUND ( 'NONE', #158, .T. ) ;
#1888 = FACE_OUTER_BOUND ( 'NONE', #2235, .T. ) ;
#1889 = ORIENTED_EDGE ( 'NONE', *, *, #2780, .F. ) ;
#1890 = AXIS2_PLACEMENT_3D ( 'NONE', #875, #2714, #2253 ) ;
#1891 = LINE ( 'NONE', #222, #1249 ) ;
#1892 = LINE ( 'NONE', #2981, #1123 ) ;
#1893 = ORIENTED_EDGE ( 'NONE', *, *, #1210, .F. ) ;
#1894 = EDGE_CURVE ( 'NONE', #484, #1821, #150, .T. ) ;
#1895 = PLANE ( 'NONE',  #2109 ) ;
#1896 = CARTESIAN_POINT ( 'NONE',  ( -9.238609768128192457, 5.970602109690974935, 3.000000000000000000 ) ) ;
#1897 = ORIENTED_EDGE ( 'NONE', *, *, #2169, .T. ) ;
#1898 = CARTESIAN_POINT ( 'NONE',  ( 3.964760439431261663, 10.26063714678191019, 3.000000000000000000 ) ) ;
#1899 = DIRECTION ( 'NONE',  ( 0.5877852522924803536, -0.8090169943749422332, 0.000000000000000000 ) ) ;
#1900 = CARTESIAN_POINT ( 'NONE',  ( -6.197923911045436718, 3.761414520215931034, 3.000000000000000000 ) ) ;
#1901 = FACE_BOUND ( 'NONE', #1455, .T. ) ;
#1902 = ORIENTED_EDGE ( 'NONE', *, *, #2572, .F. ) ;
#1903 = CARTESIAN_POINT ( 'NONE',  ( 2.803321791136802688, 6.686096539486815260, 0.000000000000000000 ) ) ;
#1904 = ADVANCED_FACE ( 'NONE', ( #360 ), #572, .F. ) ;
#1905 = LINE ( 'NONE', #2825, #206 ) ;
#1906 = ORIENTED_EDGE ( 'NONE', *, *, #645, .T. ) ;
#1907 = CARTESIAN_POINT ( 'NONE',  ( -2.803321791136895946, 6.686096539486776180, 3.000000000000000000 ) ) ;
#1908 = FACE_OUTER_BOUND ( 'NONE', #4, .T. ) ;
#1909 = EDGE_CURVE ( 'NONE', #484, #2444, #1073, .T. ) ;
#1910 = ORIENTED_EDGE ( 'NONE', *, *, #1663, .T. ) ;
#1911 = ORIENTED_EDGE ( 'NONE', *, *, #236, .F. ) ;
#1912 = DIRECTION ( 'NONE',  ( -0.000000000000000000, 0.000000000000000000, 1.000000000000000000 ) ) ;
#1913 = CARTESIAN_POINT ( 'NONE',  ( -10.98362417419678572, 0.5999999999999617861, 0.000000000000000000 ) ) ;
#1914 = EDGE_LOOP ( 'NONE', ( #1773, #685, #313, #1498 ) ) ;
#1915 = CARTESIAN_POINT ( 'NONE',  ( -3.964760439431404659, 10.26063714678185868, 0.000000000000000000 ) ) ;
#1916 = LINE ( 'NONE', #1435, #1514 ) ;
#1917 = VECTOR ( 'NONE', #2082, 1000.000000000000000 ) ;
#1918 = ADVANCED_FACE ( 'NONE', ( #165 ), #1085, .F. ) ;
#1919 = VERTEX_POINT ( 'NONE', #1483 ) ;
#1920 = DIRECTION ( 'NONE',  ( -0.9510565162951565288, 0.3090169943749383474, 0.000000000000000000 ) ) ;
#1921 = CARTESIAN_POINT ( 'NONE',  ( -2.823492619877220111, 10.63145754003179633, 0.000000000000000000 ) ) ;
#1922 = ORIENTED_EDGE ( 'NONE', *, *, #1640, .F. ) ;
#1923 = LINE ( 'NONE', #2848, #2682 ) ;
#1924 = AXIS2_PLACEMENT_3D ( 'NONE', #638, #1561, #2469 ) ;
#1925 = FACE_OUTER_BOUND ( 'NONE', #326, .T. ) ;
#1926 = EDGE_LOOP ( 'NONE', ( #2282, #1759, #1196, #640 ) ) ;
#1927 = FACE_BOUND ( 'NONE', #2455, .T. ) ;
#1928 = CARTESIAN_POINT ( 'NONE',  ( 2.823492619877295162, -10.63145754003177501, 3.000000000000000000 ) ) ;
#1929 = VERTEX_POINT ( 'NONE', #2934 ) ;
#1930 = EDGE_CURVE ( 'NONE', #58, #2100, #864, .T. ) ;
#1931 = CARTESIAN_POINT ( 'NONE',  ( -3.761414520215909718, -6.197923911045449152, 3.000000000000000000 ) ) ;
#1932 = DIRECTION ( 'NONE',  ( -0.5877852522924685852, -0.8090169943749507819, 0.000000000000000000 ) ) ;
#1933 = VERTEX_POINT ( 'NONE', #555 ) ;
#1934 = EDGE_CURVE ( 'NONE', #117, #495, #124, .T. ) ;
#1935 = CARTESIAN_POINT ( 'NONE',  ( 10.26063714678189775, -3.964760439431298078, 0.000000000000000000 ) ) ;
#1936 = LINE ( 'NONE', #749, #2710 ) ;
#1937 = ORIENTED_EDGE ( 'NONE', *, *, #1248, .T. ) ;
#1938 = LINE ( 'NONE', #2863, #179 ) ;
#1939 = DIRECTION ( 'NONE',  ( -0.8090169943749403458, -0.5877852522924829071, 0.000000000000000000 ) ) ;
#1940 = ADVANCED_FACE ( 'NONE', ( #1303 ), #2187, .F. ) ;
#1941 = VECTOR ( 'NONE', #62, 1000.000000000000000 ) ;
#1942 = FACE_BOUND ( 'NONE', #1647, .T. ) ;
#1943 = PLANE ( 'NONE',  #2744 ) ;
#1944 = ORIENTED_EDGE ( 'NONE', *, *, #1116, .F. ) ;
#1945 = VECTOR ( 'NONE', #1752, 1000.000000000000000 ) ;
#1946 = CARTESIAN_POINT ( 'NONE',  ( 0.000000000000000000, 0.000000000000000000, 3.000000000000000000 ) ) ;
#1947 = VECTOR ( 'NONE', #1779, 1000.000000000000000 ) ;
#1948 = CARTESIAN_POINT ( 'NONE',  ( 3.964760439431476602, -10.26063714678182670, 3.000000000000000000 ) ) ;
#1949 = ORIENTED_EDGE ( 'NONE', *, *, #1582, .F. ) ;
#1950 = LINE ( 'NONE', #1518, #2843 ) ;
#1951 = FACE_OUTER_BOUND ( 'NONE', #852, .T. ) ;
#1952 = ORIENTED_EDGE ( 'NONE', *, *, #1104, .F. ) ;
#1953 = CARTESIAN_POINT ( 'NONE',  ( 0.6000000000000005329, -7.225129756620291666, 0.000000000000000000 ) ) ;
#1954 = CARTESIAN_POINT ( 'NONE',  ( 10.63145754003176435, 2.823492619877332910, 0.000000000000000000 ) ) ;
#1955 = CARTESIAN_POINT ( 'NONE',  ( 10.98362417419677683, 0.6000000000001152189, 3.000000000000000000 ) ) ;
#1956 = FACE_OUTER_BOUND ( 'NONE', #1634, .T. ) ;
#1957 = EDGE_CURVE ( 'NONE', #190, #2496, #1738, .T. ) ;
#1958 = ORIENTED_EDGE ( 'NONE', *, *, #132, .T. ) ;
#1959 = ORIENTED_EDGE ( 'NONE', *, *, #2296, .T. ) ;
#1960 = LINE ( 'NONE', #2888, #1204 ) ;
#1961 = CARTESIAN_POINT ( 'NONE',  ( -7.056916932736720049, 1.662053971582686085, 0.000000000000000000 ) ) ;
#1962 = ADVANCED_FACE ( 'NONE', ( #1951 ), #2908, .F. ) ;
#1963 = ORIENTED_EDGE ( 'NONE', *, *, #1387, .T. ) ;
#1964 = VECTOR ( 'NONE', #2394, 999.9999999999998863 ) ;
#1965 = ADVANCED_FACE ( 'NONE', ( #836 ), #1720, .F. ) ;
#1966 = LINE ( 'NONE', #1737, #2690 ) ;
#1967 = FACE_OUTER_BOUND ( 'NONE', #271, .T. ) ;
#1968 = VECTOR ( 'NONE', #272, 1000.000000000000000 ) ;
#1969 = ADVANCED_FACE ( 'NONE', ( #1967 ), #2893, .T. ) ;
#1970 = VERTEX_POINT ( 'NONE', #402 ) ;
#1971 = CARTESIAN_POINT ( 'NONE',  ( 3.964760439431476602, -10.26063714678182670, 0.000000000000000000 ) ) ;
#1972 = PLANE ( 'NONE',  #1136 ) ;
#1973 = CARTESIAN_POINT ( 'NONE',  ( -0.6000000000000001998, 10.98362417419678394, 0.000000000000000000 ) ) ;
#1974 = ORIENTED_EDGE ( 'NONE', *, *, #1909, .T. ) ;
#1975 = ORIENTED_EDGE ( 'NONE', *, *, #2864, .T. ) ;
#1976 = VECTOR ( 'NONE', #734, 1000.000000000000000 ) ;
#1977 = LINE ( 'NONE', #2667, #2498 ) ;
#1978 = VECTOR ( 'NONE', #537, 1000.000000000000000 ) ;
#1979 = LINE ( 'NONE', #2016, #525 ) ;
#1980 = DIRECTION ( 'NONE',  ( 0.000000000000000000, -1.000000000000000000, 0.000000000000000000 ) ) ;
#1981 = VERTEX_POINT ( 'NONE', #1815 ) ;
#1982 = EDGE_CURVE ( 'NONE', #1030, #818, #1380, .T. ) ;
#1983 = LINE ( 'NONE', #2454, #1769 ) ;
#1984 = FACE_OUTER_BOUND ( 'NONE', #1839, .T. ) ;
#1985 = DIRECTION ( 'NONE',  ( -0.000000000000000000, 0.000000000000000000, 1.000000000000000000 ) ) ;
#1986 = EDGE_LOOP ( 'NONE', ( #927, #976, #2223, #2025 ) ) ;
#1987 = ORIENTED_EDGE ( 'NONE', *, *, #2260, .F. ) ;
#1988 = ORIENTED_EDGE ( 'NONE', *, *, #2758, .T. ) ;
#1989 = ORIENTED_EDGE ( 'NONE', *, *, #2854, .T. ) ;
#1990 = CARTESIAN_POINT ( 'NONE',  ( -10.63145754003178567, -2.823492619877258303, 0.000000000000000000 ) ) ;
#1991 = EDGE_CURVE ( 'NONE', #504, #2331, #1332, .T. ) ;
#1992 = CARTESIAN_POINT ( 'NONE',  ( 7.056916932736730708, -1.662053971582637457, 0.000000000000000000 ) ) ;
#1993 = VECTOR ( 'NONE', #1257, 1000.000000000000000 ) ;
#1994 = EDGE_CURVE ( 'NONE', #654, #2505, #238, .T. ) ;
#1995 = DIRECTION ( 'NONE',  ( 0.8090169943749531134, -0.5877852522924651435, 0.000000000000000000 ) ) ;
#1996 = ORIENTED_EDGE ( 'NONE', *, *, #1648, .F. ) ;
#1997 = CARTESIAN_POINT ( 'NONE',  ( 0.000000000000000000, 0.000000000000000000, 0.000000000000000000 ) ) ;
#1998 = LINE ( 'NONE', #605, #2089 ) ;
#1999 = ADVANCED_FACE ( 'NONE', ( #224 ), #1135, .F. ) ;
#2000 = DIRECTION ( 'NONE',  ( 0.000000000000000000, -0.000000000000000000, -1.000000000000000000 ) ) ;
#2001 = VERTEX_POINT ( 'NONE', #1845 ) ;
#2002 = ORIENTED_EDGE ( 'NONE', *, *, #1994, .F. ) ;
#2003 = DIRECTION ( 'NONE',  ( 0.8090169943749485615, -0.5877852522924713607, 0.000000000000000000 ) ) ;
#2004 = ORIENTED_EDGE ( 'NONE', *, *, #2844, .T. ) ;
#2005 = LINE ( 'NONE', #644, #2998 ) ;
#2006 = EDGE_CURVE ( 'NONE', #2496, #106, #1363, .T. ) ;
#2007 = CARTESIAN_POINT ( 'NONE',  ( 8.533267465377280203, -6.941422502940850059, 0.000000000000000000 ) ) ;
#2008 = ORIENTED_EDGE ( 'NONE', *, *, #2215, .T. ) ;
#2009 = DIRECTION ( 'NONE',  ( 0.3090169943749412340, 0.9510565162951555296, 0.000000000000000000 ) ) ;
#2010 = DIRECTION ( 'NONE',  ( 1.000000000000000000, 0.000000000000000000, -0.000000000000000000 ) ) ;
#2011 = LINE ( 'NONE', #639, #2021 ) ;
#2012 = EDGE_LOOP ( 'NONE', ( #596, #410, #1011, #1165 ) ) ;
#2013 = VERTEX_POINT ( 'NONE', #196 ) ;
#2014 = DIRECTION ( 'NONE',  ( -0.9510565162951555296, 0.3090169943749411785, 0.000000000000000000 ) ) ;
#2015 = ORIENTED_EDGE ( 'NONE', *, *, #191, .T. ) ;
#2016 = CARTESIAN_POINT ( 'NONE',  ( -9.238609768128192457, 5.970602109690974935, 0.000000000000000000 ) ) ;
#2017 = DIRECTION ( 'NONE',  ( 0.5877852522924712497, 0.8090169943749487835, 0.000000000000000000 ) ) ;
#2018 = CARTESIAN_POINT ( 'NONE',  ( 4.732234913465930504, -5.492581608294417883, 3.000000000000000000 ) ) ;
#2019 = CARTESIAN_POINT ( 'NONE',  ( 0.000000000000000000, 0.000000000000000000, 0.000000000000000000 ) ) ;
#2020 = ORIENTED_EDGE ( 'NONE', *, *, #2260, .T. ) ;
#2021 = VECTOR ( 'NONE', #842, 1000.000000000000000 ) ;
#2022 = DIRECTION ( 'NONE',  ( 0.9510565162951499785, 0.3090169943749582759, 0.000000000000000000 ) ) ;
#2023 = FACE_BOUND ( 'NONE', #2870, .T. ) ;
#2024 = CARTESIAN_POINT ( 'NONE',  ( 3.964760439431476602, -10.26063714678182670, 3.000000000000000000 ) ) ;
#2025 = ORIENTED_EDGE ( 'NONE', *, *, #2937, .F. ) ;
#2026 = ORIENTED_EDGE ( 'NONE', *, *, #1760, .T. ) ;
#2027 = ADVANCED_FACE ( 'NONE', ( #2968 ), #696, .F. ) ;
#2028 = ORIENTED_EDGE ( 'NONE', *, *, #954, .F. ) ;
#2029 = DIRECTION ( 'NONE',  ( -1.000000000000000000, 0.000000000000000000, 0.000000000000000000 ) ) ;
#2030 = ORIENTED_EDGE ( 'NONE', *, *, #886, .T. ) ;
#2031 = DIRECTION ( 'NONE',  ( 1.000000000000000000, 0.000000000000000000, -0.000000000000000000 ) ) ;
#2032 = PLANE ( 'NONE',  #1301 ) ;
#2033 = DIRECTION ( 'NONE',  ( -0.000000000000000000, -0.000000000000000000, 1.000000000000000000 ) ) ;
#2034 = DIRECTION ( 'NONE',  ( 1.000000000000000000, 0.000000000000000000, 0.000000000000000000 ) ) ;
#2035 = ORIENTED_EDGE ( 'NONE', *, *, #2820, .T. ) ;
#2036 = ADVANCED_FACE ( 'NONE', ( #417 ), #2242, .F. ) ;
#2037 = PLANE ( 'NONE',  #1444 ) ;
#2038 = LINE ( 'NONE', #1588, #1315 ) ;
#2039 = ORIENTED_EDGE ( 'NONE', *, *, #2653, .F. ) ;
#2040 = ORIENTED_EDGE ( 'NONE', *, *, #2817, .T. ) ;
#2041 = ORIENTED_EDGE ( 'NONE', *, *, #2386, .T. ) ;
#2042 = EDGE_CURVE ( 'NONE', #2633, #2309, #2734, .T. ) ;
#2043 = CARTESIAN_POINT ( 'NONE',  ( 4.732234913465930504, -5.492581608294417883, 0.000000000000000000 ) ) ;
#2044 = ORIENTED_EDGE ( 'NONE', *, *, #1302, .F. ) ;
#2045 =( LENGTH_UNIT ( ) NAMED_UNIT ( * ) SI_UNIT ( .MILLI., .METRE. ) );
#2046 = AXIS2_PLACEMENT_3D ( 'NONE', #2019, #2952, #878 ) ;
#2047 = CARTESIAN_POINT ( 'NONE',  ( -3.964760439431329164, -10.26063714678188532, 0.000000000000000000 ) ) ;
#2048 = CARTESIAN_POINT ( 'NONE',  ( -10.98362417419678216, -0.6000000000000385025, 0.000000000000000000 ) ) ;
#2049 = ADVANCED_FACE ( 'NONE', ( #2529 ), #662, .F. ) ;
#2050 = CARTESIAN_POINT ( 'NONE',  ( -6.197923911045436718, 3.761414520215931034, 0.000000000000000000 ) ) ;
#2051 = ORIENTED_EDGE ( 'NONE', *, *, #2967, .T. ) ;
#2052 = FACE_BOUND ( 'NONE', #2304, .T. ) ;
#2053 = DIRECTION ( 'NONE',  ( -0.9510565162951500895, -0.3090169943749582759, 0.000000000000000000 ) ) ;
#2054 = VERTEX_POINT ( 'NONE', #1349 ) ;
#2055 = ORIENTED_EDGE ( 'NONE', *, *, #1930, .F. ) ;
#2056 = DIRECTION ( 'NONE',  ( -0.000000000000000000, -0.000000000000000000, 1.000000000000000000 ) ) ;
#2057 = ORIENTED_EDGE ( 'NONE', *, *, #39, .T. ) ;
#2058 = CARTESIAN_POINT ( 'NONE',  ( -10.98362417419678572, 0.5999999999999617861, 0.000000000000000000 ) ) ;
#2059 = CARTESIAN_POINT ( 'NONE',  ( 0.000000000000000000, 0.000000000000000000, 3.000000000000000000 ) ) ;
#2060 = VECTOR ( 'NONE', #659, 1000.000000000000114 ) ;
#2061 = DIRECTION ( 'NONE',  ( 1.000000000000000000, 1.056098416149398494E-14, 0.000000000000000000 ) ) ;
#2062 = ORIENTED_EDGE ( 'NONE', *, *, #1879, .T. ) ;
#2063 = AXIS2_PLACEMENT_3D ( 'NONE', #2402, #118, #1716 ) ;
#2064 = DIRECTION ( 'NONE',  ( 1.000000000000000000, 8.654014496458452906E-17, 0.000000000000000000 ) ) ;
#2065 = LINE ( 'NONE', #1921, #2610 ) ;
#2066 = EDGE_CURVE ( 'NONE', #1791, #2927, #463, .T. ) ;
#2067 = ORIENTED_EDGE ( 'NONE', *, *, #850, .T. ) ;
#2068 = VECTOR ( 'NONE', #2963, 999.9999999999998863 ) ;
#2069 = ORIENTED_EDGE ( 'NONE', *, *, #2299, .T. ) ;
#2070 = DIRECTION ( 'NONE',  ( 0.3090169943749515036, -0.9510565162951523099, -0.000000000000000000 ) ) ;
#2071 = EDGE_LOOP ( 'NONE', ( #2521, #2735, #807, #257 ) ) ;
#2072 = CARTESIAN_POINT ( 'NONE',  ( 3.964760439431261663, 10.26063714678191019, 0.000000000000000000 ) ) ;
#2073 = EDGE_CURVE ( 'NONE', #2345, #1471, #211, .T. ) ;
#2074 = DIRECTION ( 'NONE',  ( 0.5877852522924686962, 0.8090169943749506709, 0.000000000000000000 ) ) ;
#2075 = VECTOR ( 'NONE', #1337, 1000.000000000000000 ) ;
#2076 = CARTESIAN_POINT ( 'NONE',  ( 3.761414520215862645, 6.197923911045476686, 0.000000000000000000 ) ) ;
#2077 = ORIENTED_EDGE ( 'NONE', *, *, #604, .T. ) ;
#2078 = CARTESIAN_POINT ( 'NONE',  ( 10.63145754003182297, -2.823492619877109977, 0.000000000000000000 ) ) ;
#2079 = DIRECTION ( 'NONE',  ( -0.3090169943749547787, 0.9510565162951511997, 0.000000000000000000 ) ) ;
#2080 = ORIENTED_EDGE ( 'NONE', *, *, #1585, .F. ) ;
#2081 = ORIENTED_EDGE ( 'NONE', *, *, #2984, .F. ) ;
#2082 = DIRECTION ( 'NONE',  ( 0.3090169943749447312, 0.9510565162951544194, 0.000000000000000000 ) ) ;
#2083 = EDGE_CURVE ( 'NONE', #817, #2244, #181, .T. ) ;
#2084 = DIRECTION ( 'NONE',  ( -0.3090169943749447312, -0.9510565162951544194, -0.000000000000000000 ) ) ;
#2085 = ORIENTED_EDGE ( 'NONE', *, *, #2738, .T. ) ;
#2086 = LINE ( 'NONE', #706, #2948 ) ;
#2087 = CARTESIAN_POINT ( 'NONE',  ( -8.533267465377180727, -6.941422502940973516, 0.000000000000000000 ) ) ;
#2088 = DIRECTION ( 'NONE',  ( -0.3090169943749547787, 0.9510565162951511997, 0.000000000000000000 ) ) ;
#2089 = VECTOR ( 'NONE', #1033, 1000.000000000000000 ) ;
#2090 = CARTESIAN_POINT ( 'NONE',  ( -6.197923911045436718, 3.761414520215931034, 0.000000000000000000 ) ) ;
#2091 = VECTOR ( 'NONE', #577, 1000.000000000000000 ) ;
#2092 = ORIENTED_EDGE ( 'NONE', *, *, #660, .T. ) ;
#2093 = EDGE_CURVE ( 'NONE', #581, #1297, #2982, .T. ) ;
#2094 = CARTESIAN_POINT ( 'NONE',  ( -10.98362417419678216, -0.6000000000000385025, 3.000000000000000000 ) ) ;
#2095 = CARTESIAN_POINT ( 'NONE',  ( 5.970602109690872794, 9.238609768128256405, 0.000000000000000000 ) ) ;
#2096 = ORIENTED_EDGE ( 'NONE', *, *, #891, .T. ) ;
#2097 = ORIENTED_EDGE ( 'NONE', *, *, #344, .T. ) ;
#2098 = ORIENTED_EDGE ( 'NONE', *, *, #78, .T. ) ;
#2099 = LINE ( 'NONE', #303, #2911 ) ;
#2100 = VERTEX_POINT ( 'NONE', #632 ) ;
#2101 = VECTOR ( 'NONE', #2220, 1000.000000000000114 ) ;
#2102 = CARTESIAN_POINT ( 'NONE',  ( -7.225129756620289889, -0.6000000000000257350, 0.000000000000000000 ) ) ;
#2103 = CARTESIAN_POINT ( 'NONE',  ( -6.941422502940885586, -8.533267465377253558, 3.000000000000000000 ) ) ;
#2104 = ORIENTED_EDGE ( 'NONE', *, *, #1341, .F. ) ;
#2105 = LINE ( 'NONE', #476, #722 ) ;
#2106 = EDGE_CURVE ( 'NONE', #1072, #85, #1101, .T. ) ;
#2107 = DIRECTION ( 'NONE',  ( -1.047444401652940007E-14, 1.000000000000000000, -0.000000000000000000 ) ) ;
#2108 = ORIENTED_EDGE ( 'NONE', *, *, #550, .T. ) ;
#2109 = AXIS2_PLACEMENT_3D ( 'NONE', #2320, #2333, #29 ) ;
#2110 = FACE_OUTER_BOUND ( 'NONE', #2811, .T. ) ;
#2111 = PLANE ( 'NONE',  #975 ) ;
#2112 = EDGE_CURVE ( 'NONE', #2054, #1746, #1283, .T. ) ;
#2113 = EDGE_LOOP ( 'NONE', ( #690, #1893, #1802, #2366 ) ) ;
#2114 = VECTOR ( 'NONE', #565, 1000.000000000000114 ) ;
#2115 = CARTESIAN_POINT ( 'NONE',  ( -2.823492619877141951, -10.63145754003181409, 0.000000000000000000 ) ) ;
#2116 = SURFACE_STYLE_FILL_AREA ( #1886 ) ;
#2117 = PLANE ( 'NONE',  #1012 ) ;
#2118 = ADVANCED_FACE ( 'NONE', ( #649 ), #1570, .F. ) ;
#2119 = DIRECTION ( 'NONE',  ( 0.8090169943749552228, -0.5877852522924624790, 0.000000000000000000 ) ) ;
#2120 = EDGE_LOOP ( 'NONE', ( #2077, #2097, #1050, #145 ) ) ;
#2121 = CARTESIAN_POINT ( 'NONE',  ( 8.533267465377127436, 6.941422502941036576, 0.000000000000000000 ) ) ;
#2122 = CARTESIAN_POINT ( 'NONE',  ( 3.964760439431261663, 10.26063714678191019, 3.000000000000000000 ) ) ;
#2123 = UNCERTAINTY_MEASURE_WITH_UNIT (LENGTH_MEASURE( 1.000000000000000082E-05 ), #2045, 'distance_accuracy_value', 'NONE');
#2124 = EDGE_LOOP ( 'NONE', ( #1280, #403, #1109, #2275 ) ) ;
#2125 = AXIS2_PLACEMENT_3D ( 'NONE', #1501, #2408, #346 ) ;
#2126 = DIRECTION ( 'NONE',  ( -0.9510565162951533091, -0.3090169943749481174, 0.000000000000000000 ) ) ;
#2127 = CARTESIAN_POINT ( 'NONE',  ( 3.964760439431261663, 10.26063714678191019, 0.000000000000000000 ) ) ;
#2128 = ORIENTED_EDGE ( 'NONE', *, *, #2093, .T. ) ;
#2129 = LINE ( 'NONE', #530, #274 ) ;
#2130 = DIRECTION ( 'NONE',  ( -0.000000000000000000, -0.000000000000000000, 1.000000000000000000 ) ) ;
#2131 = FACE_BOUND ( 'NONE', #2426, .T. ) ;
#2132 = DIRECTION ( 'NONE',  ( 0.5877852522924802425, -0.8090169943749422332, 0.000000000000000000 ) ) ;
#2133 = ORIENTED_EDGE ( 'NONE', *, *, #1179, .T. ) ;
#2134 = EDGE_CURVE ( 'NONE', #2909, #2641, #710, .T. ) ;
#2135 = DIRECTION ( 'NONE',  ( 0.8090169943749465631, 0.5877852522924742473, 0.000000000000000000 ) ) ;
#2136 = LINE ( 'NONE', #2122, #1119 ) ;
#2137 = ORIENTED_EDGE ( 'NONE', *, *, #2692, .T. ) ;
#2138 = PLANE ( 'NONE',  #40 ) ;
#2139 = CARTESIAN_POINT ( 'NONE',  ( -3.964760439431329164, -10.26063714678188532, 0.000000000000000000 ) ) ;
#2140 = EDGE_LOOP ( 'NONE', ( #358, #1127, #2335, #529 ) ) ;
#2141 = EDGE_CURVE ( 'NONE', #2530, #1108, #2782, .T. ) ;
#2142 = DIRECTION ( 'NONE',  ( 0.9510565162951555296, -0.3090169943749411785, 0.000000000000000000 ) ) ;
#2143 = ORIENTED_EDGE ( 'NONE', *, *, #2984, .T. ) ;
#2144 = CARTESIAN_POINT ( 'NONE',  ( -0.6000000000000005329, -7.225129756620291666, 0.000000000000000000 ) ) ;
#2145 = CARTESIAN_POINT ( 'NONE',  ( -6.197923911045436718, 3.761414520215931034, 3.000000000000000000 ) ) ;
#2146 = CARTESIAN_POINT ( 'NONE',  ( -3.964760439431329164, -10.26063714678188532, 3.000000000000000000 ) ) ;
#2147 = ORIENTED_EDGE ( 'NONE', *, *, #2510, .F. ) ;
#2148 = DIRECTION ( 'NONE',  ( -1.000000000000000000, -8.654014496458452906E-17, 0.000000000000000000 ) ) ;
#2149 = LINE ( 'NONE', #1496, #2917 ) ;
#2150 = AXIS2_PLACEMENT_3D ( 'NONE', #2954, #1334, #1803 ) ;
#2151 = ORIENTED_EDGE ( 'NONE', *, *, #2386, .F. ) ;
#2152 = EDGE_CURVE ( 'NONE', #2345, #47, #1627, .T. ) ;
#2153 = DIRECTION ( 'NONE',  ( 0.3090169943749412340, 0.9510565162951555296, 0.000000000000000000 ) ) ;
#2154 = DIRECTION ( 'NONE',  ( -0.000000000000000000, -0.000000000000000000, 1.000000000000000000 ) ) ;
#2155 = ORIENTED_EDGE ( 'NONE', *, *, #2522, .F. ) ;
#2156 = CARTESIAN_POINT ( 'NONE',  ( -10.63145754003180699, 2.823492619877181919, 3.000000000000000000 ) ) ;
#2157 = VECTOR ( 'NONE', #1826, 1000.000000000000000 ) ;
#2158 = DIRECTION ( 'NONE',  ( -0.9510565162951533091, -0.3090169943749481174, -0.000000000000000000 ) ) ;
#2159 = LINE ( 'NONE', #547, #1061 ) ;
#2160 = VECTOR ( 'NONE', #2763, 999.9999999999998863 ) ;
#2161 = DIRECTION ( 'NONE',  ( -0.000000000000000000, -0.000000000000000000, 1.000000000000000000 ) ) ;
#2162 = VERTEX_POINT ( 'NONE', #2318 ) ;
#2163 = VECTOR ( 'NONE', #2084, 1000.000000000000000 ) ;
#2164 = FACE_OUTER_BOUND ( 'NONE', #1536, .T. ) ;
#2165 = VECTOR ( 'NONE', #868, 1000.000000000000000 ) ;
#2166 = VECTOR ( 'NONE', #1316, 1000.000000000000000 ) ;
#2167 = DIRECTION ( 'NONE',  ( 0.000000000000000000, -0.000000000000000000, 1.000000000000000000 ) ) ;
#2168 = ORIENTED_EDGE ( 'NONE', *, *, #1302, .T. ) ;
#2169 = EDGE_CURVE ( 'NONE', #1092, #900, #252, .T. ) ;
#2170 = DIRECTION ( 'NONE',  ( -0.000000000000000000, -0.000000000000000000, -1.000000000000000000 ) ) ;
#2171 = DIRECTION ( 'NONE',  ( -0.9510565162951556406, 0.3090169943749411785, 0.000000000000000000 ) ) ;
#2172 = EDGE_LOOP ( 'NONE', ( #2323, #2957, #1996, #1304 ) ) ;
#2173 = LINE ( 'NONE', #2231, #1241 ) ;
#2174 = DIRECTION ( 'NONE',  ( -0.000000000000000000, -0.000000000000000000, 1.000000000000000000 ) ) ;
#2175 = VECTOR ( 'NONE', #215, 1000.000000000000000 ) ;
#2176 = CARTESIAN_POINT ( 'NONE',  ( -5.492581608294436535, -4.732234913465909187, 3.000000000000000000 ) ) ;
#2177 = CARTESIAN_POINT ( 'NONE',  ( -1.750000000000000666, 0.000000000000000000, 3.000000000000000000 ) ) ;
#2178 = ORIENTED_EDGE ( 'NONE', *, *, #1478, .T. ) ;
#2179 = VECTOR ( 'NONE', #1227, 1000.000000000000114 ) ;
#2180 = VERTEX_POINT ( 'NONE', #333 ) ;
#2181 = EDGE_CURVE ( 'NONE', #1686, #365, #2456, .T. ) ;
#2182 = LINE ( 'NONE', #2855, #672 ) ;
#2183 = DIRECTION ( 'NONE',  ( -0.000000000000000000, 0.000000000000000000, 1.000000000000000000 ) ) ;
#2184 = ADVANCED_FACE ( 'NONE', ( #130 ), #1308, .F. ) ;
#2185 = ORIENTED_EDGE ( 'NONE', *, *, #2492, .F. ) ;
#2186 = CARTESIAN_POINT ( 'NONE',  ( 10.63145754003176435, 2.823492619877332910, 3.000000000000000000 ) ) ;
#2187 = PLANE ( 'NONE',  #541 ) ;
#2188 = ORIENTED_EDGE ( 'NONE', *, *, #2243, .F. ) ;
#2189 = DIRECTION ( 'NONE',  ( 0.3090169943749412340, 0.9510565162951556406, 0.000000000000000000 ) ) ;
#2190 = CARTESIAN_POINT ( 'NONE',  ( 7.225129756620285448, 0.6000000000000761391, 3.000000000000000000 ) ) ;
#2191 = DIRECTION ( 'NONE',  ( -0.9510565162951565288, 0.3090169943749383474, 0.000000000000000000 ) ) ;
#2192 = CARTESIAN_POINT ( 'NONE',  ( 0.000000000000000000, 0.000000000000000000, 3.000000000000000000 ) ) ;
#2193 = ORIENTED_EDGE ( 'NONE', *, *, #2066, .T. ) ;
#2194 = ORIENTED_EDGE ( 'NONE', *, *, #1134, .T. ) ;
#2195 = FACE_OUTER_BOUND ( 'NONE', #2874, .T. ) ;
#2196 = DIRECTION ( 'NONE',  ( -0.9510565162951523099, -0.3090169943749516146, 0.000000000000000000 ) ) ;
#2197 = EDGE_CURVE ( 'NONE', #802, #2290, #1047, .T. ) ;
#2198 = EDGE_LOOP ( 'NONE', ( #2383, #2552, #912, #2416 ) ) ;
#2199 = CARTESIAN_POINT ( 'NONE',  ( -2.803321791136895946, 6.686096539486776180, 0.000000000000000000 ) ) ;
#2200 = ORIENTED_EDGE ( 'NONE', *, *, #600, .T. ) ;
#2201 = DIRECTION ( 'NONE',  ( -0.000000000000000000, 0.000000000000000000, 1.000000000000000000 ) ) ;
#2202 = FACE_OUTER_BOUND ( 'NONE', #741, .T. ) ;
#2203 = LINE ( 'NONE', #2233, #729 ) ;
#2204 = VERTEX_POINT ( 'NONE', #592 ) ;
#2205 = VERTEX_POINT ( 'NONE', #2441 ) ;
#2206 = AXIS2_PLACEMENT_3D ( 'NONE', #2078, #496, #1920 ) ;
#2207 = EDGE_CURVE ( 'NONE', #1765, #818, #1998, .T. ) ;
#2208 = DIRECTION ( 'NONE',  ( -0.000000000000000000, 0.000000000000000000, 1.000000000000000000 ) ) ;
#2209 = CIRCLE ( 'NONE', #1682, 2.649999999999999911 ) ;
#2210 = LINE ( 'NONE', #1539, #1416 ) ;
#2211 = VECTOR ( 'NONE', #159, 1000.000000000000000 ) ;
#2212 = ORIENTED_EDGE ( 'NONE', *, *, #72, .T. ) ;
#2213 = MECHANICAL_DESIGN_GEOMETRIC_PRESENTATION_REPRESENTATION (  '', ( #528 ), #846 ) ;
#2214 = CIRCLE ( 'NONE', #1208, 2.649999999999999911 ) ;
#2215 = EDGE_CURVE ( 'NONE', #347, #701, #2687, .T. ) ;
#2216 = DIRECTION ( 'NONE',  ( -0.3090169943749516146, 0.9510565162951523099, 0.000000000000000000 ) ) ;
#2217 = ORIENTED_EDGE ( 'NONE', *, *, #462, .T. ) ;
#2218 = CARTESIAN_POINT ( 'NONE',  ( -4.732234913465890536, 5.492581608294452522, 3.000000000000000000 ) ) ;
#2219 = DIRECTION ( 'NONE',  ( 0.9510565162951523099, 0.3090169943749515591, 0.000000000000000000 ) ) ;
#2220 = DIRECTION ( 'NONE',  ( -0.3090169943749582204, 0.9510565162951499785, -0.000000000000000000 ) ) ;
#2221 = EDGE_LOOP ( 'NONE', ( #1808, #955, #200, #1312 ) ) ;
#2222 = ORIENTED_EDGE ( 'NONE', *, *, #2840, .T. ) ;
#2223 = ORIENTED_EDGE ( 'NONE', *, *, #621, .F. ) ;
#2224 = ORIENTED_EDGE ( 'NONE', *, *, #357, .T. ) ;
#2225 = PLANE ( 'NONE',  #1734 ) ;
#2226 = AXIS2_PLACEMENT_3D ( 'NONE', #2452, #372, #1519 ) ;
#2227 = AXIS2_PLACEMENT_3D ( 'NONE', #2608, #1237, #538 ) ;
#2228 = DIRECTION ( 'NONE',  ( -0.9510565162951566398, 0.3090169943749383474, 0.000000000000000000 ) ) ;
#2229 = DIRECTION ( 'NONE',  ( 0.5877852522924623679, 0.8090169943749552228, 0.000000000000000000 ) ) ;
#2230 = EDGE_LOOP ( 'NONE', ( #156, #1058, #1224, #1854 ) ) ;
#2231 = CARTESIAN_POINT ( 'NONE',  ( 6.686096539486803714, -2.803321791136826224, 0.000000000000000000 ) ) ;
#2232 = CARTESIAN_POINT ( 'NONE',  ( 1.750000000000000666, 0.000000000000000000, 3.000000000000000000 ) ) ;
#2233 = CARTESIAN_POINT ( 'NONE',  ( 4.732234913465930504, -5.492581608294417883, 0.000000000000000000 ) ) ;
#2234 = EDGE_CURVE ( 'NONE', #2278, #504, #854, .T. ) ;
#2235 = EDGE_LOOP ( 'NONE', ( #1660, #1816, #1432, #1988 ) ) ;
#2236 = EDGE_LOOP ( 'NONE', ( #1524, #843, #1064, #1952 ) ) ;
#2237 = ORIENTED_EDGE ( 'NONE', *, *, #2937, .T. ) ;
#2238 = DIRECTION ( 'NONE',  ( -0.000000000000000000, -0.000000000000000000, 1.000000000000000000 ) ) ;
#2239 = DIRECTION ( 'NONE',  ( -0.3090169943749383474, -0.9510565162951566398, 0.000000000000000000 ) ) ;
#2240 = LINE ( 'NONE', #2494, #325 ) ;
#2241 = CARTESIAN_POINT ( 'NONE',  ( -0.6000000000000001998, 10.98362417419678394, 3.000000000000000000 ) ) ;
#2242 = PLANE ( 'NONE',  #744 ) ;
#2243 = EDGE_CURVE ( 'NONE', #2669, #1095, #143, .T. ) ;
#2244 = VERTEX_POINT ( 'NONE', #2882 ) ;
#2245 = CARTESIAN_POINT ( 'NONE',  ( 10.63145754003176435, 2.823492619877332910, 0.000000000000000000 ) ) ;
#2246 = DIRECTION ( 'NONE',  ( -8.654014496458452906E-17, 1.000000000000000000, 0.000000000000000000 ) ) ;
#2247 = AXIS2_PLACEMENT_3D ( 'NONE', #1675, #302, #2142 ) ;
#2248 = LINE ( 'NONE', #688, #296 ) ;
#2249 = ORIENTED_EDGE ( 'NONE', *, *, #1991, .T. ) ;
#2250 = ORIENTED_EDGE ( 'NONE', *, *, #1288, .T. ) ;
#2251 = DIRECTION ( 'NONE',  ( -0.8090169943749530024, 0.5877852522924653655, 0.000000000000000000 ) ) ;
#2252 = ORIENTED_EDGE ( 'NONE', *, *, #236, .T. ) ;
#2253 = DIRECTION ( 'NONE',  ( -0.9510565162951544194, 0.3090169943749446202, 0.000000000000000000 ) ) ;
#2254 = LINE ( 'NONE', #193, #1540 ) ;
#2255 = DIRECTION ( 'NONE',  ( 0.9510565162951555296, -0.3090169943749411785, -0.000000000000000000 ) ) ;
#2256 = ADVANCED_FACE ( 'NONE', ( #618 ), #1972, .F. ) ;
#2257 = CARTESIAN_POINT ( 'NONE',  ( 10.26063714678181427, 3.964760439431513017, 3.000000000000000000 ) ) ;
#2258 = VERTEX_POINT ( 'NONE', #392 ) ;
#2259 = VECTOR ( 'NONE', #2647, 1000.000000000000000 ) ;
#2260 = EDGE_CURVE ( 'NONE', #1183, #1970, #1522, .T. ) ;
#2261 = LINE ( 'NONE', #2532, #2992 ) ;
#2262 = CARTESIAN_POINT ( 'NONE',  ( 6.686096539486745094, 2.803321791136966556, 0.000000000000000000 ) ) ;
#2263 = VERTEX_POINT ( 'NONE', #376 ) ;
#2264 = VERTEX_POINT ( 'NONE', #1320 ) ;
#2265 = CARTESIAN_POINT ( 'NONE',  ( 1.662053971582760692, -7.056916932736702286, 0.000000000000000000 ) ) ;
#2266 = ORIENTED_EDGE ( 'NONE', *, *, #180, .F. ) ;
#2267 = ADVANCED_FACE ( 'NONE', ( #2202 ), #1743, .F. ) ;
#2268 = APPLICATION_PROTOCOL_DEFINITION ( 'draft international standard', 'automotive_design', 1998, #571 ) ;
#2269 = VECTOR ( 'NONE', #2800, 1000.000000000000114 ) ;
#2270 = CARTESIAN_POINT ( 'NONE',  ( -10.26063714678187289, 3.964760439431368244, 0.000000000000000000 ) ) ;
#2271 = EDGE_CURVE ( 'NONE', #2467, #352, #2630, .T. ) ;
#2272 = DIRECTION ( 'NONE',  ( -0.3090169943749582204, 0.9510565162951499785, -0.000000000000000000 ) ) ;
#2273 = ADVANCED_FACE ( 'NONE', ( #1984 ), #2912, .F. ) ;
#2274 = CARTESIAN_POINT ( 'NONE',  ( 7.056916932736730708, -1.662053971582637457, 0.000000000000000000 ) ) ;
#2275 = ORIENTED_EDGE ( 'NONE', *, *, #202, .T. ) ;
#2276 = CARTESIAN_POINT ( 'NONE',  ( 0.6000000000000001998, 10.98362417419678394, 0.000000000000000000 ) ) ;
#2277 = DIRECTION ( 'NONE',  ( -0.000000000000000000, -0.000000000000000000, 1.000000000000000000 ) ) ;
#2278 = VERTEX_POINT ( 'NONE', #840 ) ;
#2279 = ORIENTED_EDGE ( 'NONE', *, *, #2420, .F. ) ;
#2280 = ORIENTED_EDGE ( 'NONE', *, *, #2746, .T. ) ;
#2281 = FACE_OUTER_BOUND ( 'NONE', #915, .T. ) ;
#2282 = ORIENTED_EDGE ( 'NONE', *, *, #1104, .T. ) ;
#2283 = DIRECTION ( 'NONE',  ( 1.000000000000000000, 0.000000000000000000, 0.000000000000000000 ) ) ;
#2284 = VECTOR ( 'NONE', #513, 1000.000000000000000 ) ;
#2285 = CARTESIAN_POINT ( 'NONE',  ( -5.970602109691008685, 9.238609768128174693, 3.000000000000000000 ) ) ;
#2286 = ORIENTED_EDGE ( 'NONE', *, *, #2134, .T. ) ;
#2287 = CARTESIAN_POINT ( 'NONE',  ( -10.98362417419678216, -0.6000000000000385025, 0.000000000000000000 ) ) ;
#2288 = EDGE_CURVE ( 'NONE', #2162, #446, #1755, .T. ) ;
#2289 = DIRECTION ( 'NONE',  ( -0.3090169943749383474, -0.9510565162951566398, 0.000000000000000000 ) ) ;
#2290 = VERTEX_POINT ( 'NONE', #815 ) ;
#2291 = PLANE ( 'NONE',  #233 ) ;
#2292 = CARTESIAN_POINT ( 'NONE',  ( 5.492581608294506701, -4.732234913465829251, 0.000000000000000000 ) ) ;
#2293 = ORIENTED_EDGE ( 'NONE', *, *, #2817, .F. ) ;
#2294 = EDGE_LOOP ( 'NONE', ( #1643, #2188, #2915, #2155 ) ) ;
#2295 = VECTOR ( 'NONE', #1521, 1000.000000000000000 ) ;
#2296 = EDGE_CURVE ( 'NONE', #624, #623, #1725, .T. ) ;
#2297 = CARTESIAN_POINT ( 'NONE',  ( 6.941422502941007266, -8.533267465377150529, 0.000000000000000000 ) ) ;
#2298 = ORIENTED_EDGE ( 'NONE', *, *, #1344, .T. ) ;
#2299 = EDGE_CURVE ( 'NONE', #1789, #1238, #1505, .T. ) ;
#2300 = VECTOR ( 'NONE', #2806, 1000.000000000000000 ) ;
#2301 = DIRECTION ( 'NONE',  ( 8.654014496458452906E-17, -1.000000000000000000, 0.000000000000000000 ) ) ;
#2302 = LINE ( 'NONE', #210, #1695 ) ;
#2303 = DIRECTION ( 'NONE',  ( -0.9510565162951576390, 0.3090169943749349613, -0.000000000000000000 ) ) ;
#2304 = EDGE_LOOP ( 'NONE', ( #2108, #2902, #2432, #1559 ) ) ;
#2305 = EDGE_CURVE ( 'NONE', #1790, #133, #1428, .T. ) ;
#2306 = VECTOR ( 'NONE', #204, 1000.000000000000000 ) ;
#2307 = DIRECTION ( 'NONE',  ( -0.000000000000000000, 0.000000000000000000, 1.000000000000000000 ) ) ;
#2308 = CARTESIAN_POINT ( 'NONE',  ( 10.26063714678189775, -3.964760439431298078, 3.000000000000000000 ) ) ;
#2309 = VERTEX_POINT ( 'NONE', #1693 ) ;
#2310 = EDGE_LOOP ( 'NONE', ( #2035, #285, #2535, #899 ) ) ;
#2311 = LINE ( 'NONE', #458, #620 ) ;
#2312 = ORIENTED_EDGE ( 'NONE', *, *, #784, .T. ) ;
#2313 = AXIS2_PLACEMENT_3D ( 'NONE', #1858, #1392, #1379 ) ;
#2314 = CARTESIAN_POINT ( 'NONE',  ( 9.238609768128238642, -5.970602109690906545, 0.000000000000000000 ) ) ;
#2315 = DIRECTION ( 'NONE',  ( 0.8090169943749507819, -0.5877852522924685852, -0.000000000000000000 ) ) ;
#2316 = DIRECTION ( 'NONE',  ( 0.9510565162951566398, -0.3090169943749382919, 0.000000000000000000 ) ) ;
#2317 = VECTOR ( 'NONE', #1467, 999.9999999999998863 ) ;
#2318 = CARTESIAN_POINT ( 'NONE',  ( -3.761414520215909718, -6.197923911045449152, 0.000000000000000000 ) ) ;
#2319 = ORIENTED_EDGE ( 'NONE', *, *, #894, .F. ) ;
#2320 = CARTESIAN_POINT ( 'NONE',  ( -0.6000000000000001998, 10.98362417419678394, 0.000000000000000000 ) ) ;
#2321 = CARTESIAN_POINT ( 'NONE',  ( -10.98362417419678216, -0.6000000000000385025, 0.000000000000000000 ) ) ;
#2322 = EDGE_LOOP ( 'NONE', ( #2853, #1370, #2249, #2389 ) ) ;
#2323 = ORIENTED_EDGE ( 'NONE', *, *, #1429, .T. ) ;
#2324 = LINE ( 'NONE', #1472, #2284 ) ;
#2325 = EDGE_CURVE ( 'NONE', #1215, #1354, #2324, .T. ) ;
#2326 = CARTESIAN_POINT ( 'NONE',  ( 0.000000000000000000, 0.000000000000000000, 0.000000000000000000 ) ) ;
#2327 = ORIENTED_EDGE ( 'NONE', *, *, #1086, .T. ) ;
#2328 =( NAMED_UNIT ( * ) SI_UNIT ( $, .STERADIAN. ) SOLID_ANGLE_UNIT ( ) );
#2329 = LINE ( 'NONE', #2058, #1831 ) ;
#2330 = CARTESIAN_POINT ( 'NONE',  ( 5.970602109690872794, 9.238609768128256405, 0.000000000000000000 ) ) ;
#2331 = VERTEX_POINT ( 'NONE', #971 ) ;
#2332 = EDGE_CURVE ( 'NONE', #2927, #495, #1676, .T. ) ;
#2333 = DIRECTION ( 'NONE',  ( -1.000000000000000000, 8.654014496458452906E-17, 0.000000000000000000 ) ) ;
#2334 = CARTESIAN_POINT ( 'NONE',  ( 0.6000000000000001998, -10.98362417419678394, 0.000000000000000000 ) ) ;
#2335 = ORIENTED_EDGE ( 'NONE', *, *, #1825, .T. ) ;
#2336 = LINE ( 'NONE', #2367, #321 ) ;
#2337 = PLANE ( 'NONE',  #2557 ) ;
#2338 = DIRECTION ( 'NONE',  ( -0.8090169943749422332, -0.5877852522924802425, 0.000000000000000000 ) ) ;
#2339 = DIRECTION ( 'NONE',  ( 0.8090169943749507819, -0.5877852522924686962, -0.000000000000000000 ) ) ;
#2340 = VERTEX_POINT ( 'NONE', #1184 ) ;
#2341 = EDGE_CURVE ( 'NONE', #106, #2669, #2831, .T. ) ;
#2342 = CARTESIAN_POINT ( 'NONE',  ( 1.750000000000000666, -1.989974874213239486, 3.000000000000000000 ) ) ;
#2343 = CARTESIAN_POINT ( 'NONE',  ( 5.970602109691076187, -9.238609768128128508, 0.000000000000000000 ) ) ;
#2344 = EDGE_CURVE ( 'NONE', #2433, #2778, #2550, .T. ) ;
#2345 = VERTEX_POINT ( 'NONE', #1442 ) ;
#2346 = AXIS2_PLACEMENT_3D ( 'NONE', #328, #2017, #2478 ) ;
#2347 = DIRECTION ( 'NONE',  ( 0.8090169943749422332, 0.5877852522924802425, -0.000000000000000000 ) ) ;
#2348 = CARTESIAN_POINT ( 'NONE',  ( -7.056916932736720049, 1.662053971582686085, 0.000000000000000000 ) ) ;
#2349 = ORIENTED_EDGE ( 'NONE', *, *, #1210, .T. ) ;
#2350 = VECTOR ( 'NONE', #551, 1000.000000000000000 ) ;
#2351 = CARTESIAN_POINT ( 'NONE',  ( 10.63145754003176435, 2.823492619877332910, 3.000000000000000000 ) ) ;
#2352 = EDGE_CURVE ( 'NONE', #320, #1187, #316, .T. ) ;
#2353 = FACE_OUTER_BOUND ( 'NONE', #2935, .T. ) ;
#2354 = ORIENTED_EDGE ( 'NONE', *, *, #2613, .F. ) ;
#2355 = VECTOR ( 'NONE', #656, 1000.000000000000000 ) ;
#2356 = FACE_BOUND ( 'NONE', #469, .T. ) ;
#2357 = CARTESIAN_POINT ( 'NONE',  ( 5.492581608294505813, -4.732234913465829251, 0.000000000000000000 ) ) ;
#2358 = ORIENTED_EDGE ( 'NONE', *, *, #631, .T. ) ;
#2359 = VECTOR ( 'NONE', #1430, 1000.000000000000114 ) ;
#2360 = LINE ( 'NONE', #788, #2350 ) ;
#2361 = DIRECTION ( 'NONE',  ( -0.3090169943749515591, 0.9510565162951523099, 0.000000000000000000 ) ) ;
#2362 = EDGE_CURVE ( 'NONE', #137, #545, #2568, .T. ) ;
#2363 = VERTEX_POINT ( 'NONE', #2144 ) ;
#2364 = CARTESIAN_POINT ( 'NONE',  ( -10.63145754003180699, 2.823492619877181919, 0.000000000000000000 ) ) ;
#2365 = LINE ( 'NONE', #299, #2179 ) ;
#2366 = ORIENTED_EDGE ( 'NONE', *, *, #582, .F. ) ;
#2367 = CARTESIAN_POINT ( 'NONE',  ( -8.533267465377228689, 6.941422502940914008, 3.000000000000000000 ) ) ;
#2368 = FACE_OUTER_BOUND ( 'NONE', #1400, .T. ) ;
#2369 = LINE ( 'NONE', #1474, #2359 ) ;
#2370 = CARTESIAN_POINT ( 'NONE',  ( -5.492581608294435647, -4.732234913465909187, 3.000000000000000000 ) ) ;
#2371 = ORIENTED_EDGE ( 'NONE', *, *, #1068, .F. ) ;
#2372 = DIRECTION ( 'NONE',  ( -0.000000000000000000, 0.000000000000000000, 1.000000000000000000 ) ) ;
#2373 = CARTESIAN_POINT ( 'NONE',  ( 5.970602109691076187, -9.238609768128128508, 0.000000000000000000 ) ) ;
#2374 = ORIENTED_EDGE ( 'NONE', *, *, #800, .F. ) ;
#2375 = ADVANCED_FACE ( 'NONE', ( #2353 ), #2849, .F. ) ;
#2376 = LINE ( 'NONE', #2845, #423 ) ;
#2377 = DIRECTION ( 'NONE',  ( -0.5877852522924625900, -0.8090169943749551118, 0.000000000000000000 ) ) ;
#2378 = ORIENTED_EDGE ( 'NONE', *, *, #1086, .F. ) ;
#2379 = FACE_OUTER_BOUND ( 'NONE', #2310, .T. ) ;
#2380 = DIRECTION ( 'NONE',  ( 1.000000000000000000, 0.000000000000000000, 0.000000000000000000 ) ) ;
#2381 = FACE_BOUND ( 'NONE', #2481, .T. ) ;
#2382 = CARTESIAN_POINT ( 'NONE',  ( 6.941422502941007266, -8.533267465377150529, 0.000000000000000000 ) ) ;
#2383 = ORIENTED_EDGE ( 'NONE', *, *, #180, .T. ) ;
#2384 = ADVANCED_FACE ( 'NONE', ( #2368 ), #767, .F. ) ;
#2385 = DIRECTION ( 'NONE',  ( 0.5877852522924831291, -0.8090169943749402348, 0.000000000000000000 ) ) ;
#2386 = EDGE_CURVE ( 'NONE', #47, #1183, #1200, .T. ) ;
#2387 = CARTESIAN_POINT ( 'NONE',  ( -5.970602109690942960, -9.238609768128213773, 0.000000000000000000 ) ) ;
#2388 = UNCERTAINTY_MEASURE_WITH_UNIT (LENGTH_MEASURE( 1.000000000000000082E-05 ), #10, 'distance_accuracy_value', 'NONE');
#2389 = ORIENTED_EDGE ( 'NONE', *, *, #2531, .T. ) ;
#2390 = PLANE ( 'NONE',  #2346 ) ;
#2391 = CARTESIAN_POINT ( 'NONE',  ( 6.941422502940819861, 8.533267465377303296, 0.000000000000000000 ) ) ;
#2392 = ADVANCED_FACE ( 'NONE', ( #1925 ), #2337, .F. ) ;
#2393 = ORIENTED_EDGE ( 'NONE', *, *, #733, .F. ) ;
#2394 = DIRECTION ( 'NONE',  ( -0.9510565162951523099, -0.3090169943749516146, 0.000000000000000000 ) ) ;
#2395 = VECTOR ( 'NONE', #543, 1000.000000000000000 ) ;
#2396 = CARTESIAN_POINT ( 'NONE',  ( 3.761414520215998980, -6.197923911045394973, 3.000000000000000000 ) ) ;
#2397 = CARTESIAN_POINT ( 'NONE',  ( 6.941422502940819861, 8.533267465377303296, 3.000000000000000000 ) ) ;
#2398 = FACE_OUTER_BOUND ( 'NONE', #2693, .T. ) ;
#2399 = EDGE_CURVE ( 'NONE', #2500, #2445, #2099, .T. ) ;
#2400 = DIRECTION ( 'NONE',  ( -0.000000000000000000, 0.000000000000000000, 1.000000000000000000 ) ) ;
#2401 = ORIENTED_EDGE ( 'NONE', *, *, #2288, .F. ) ;
#2402 = CARTESIAN_POINT ( 'NONE',  ( 3.964760439431261663, 10.26063714678191019, 0.000000000000000000 ) ) ;
#2403 = VECTOR ( 'NONE', #115, 1000.000000000000000 ) ;
#2404 = AXIS2_PLACEMENT_3D ( 'NONE', #2007, #1529, #1995 ) ;
#2405 = CARTESIAN_POINT ( 'NONE',  ( 10.98362417419679105, -0.5999999999998851807, 3.000000000000000000 ) ) ;
#2406 = ORIENTED_EDGE ( 'NONE', *, *, #1378, .F. ) ;
#2407 = DIRECTION ( 'NONE',  ( 0.9510565162951500895, 0.3090169943749582759, 0.000000000000000000 ) ) ;
#2408 = DIRECTION ( 'NONE',  ( -1.000000000000000000, -1.047444401652939849E-14, 0.000000000000000000 ) ) ;
#2409 = MANIFOLD_SOLID_BREP ( 'CirPattern1', #2591 ) ;
#2410 = ORIENTED_EDGE ( 'NONE', *, *, #426, .T. ) ;
#2411 = CARTESIAN_POINT ( 'NONE',  ( 7.225129756620297883, -0.5999999999999248157, 0.000000000000000000 ) ) ;
#2412 = DIRECTION ( 'NONE',  ( -0.9510565162951511997, -0.3090169943749548898, 0.000000000000000000 ) ) ;
#2413 = VECTOR ( 'NONE', #2079, 1000.000000000000114 ) ;
#2414 = CARTESIAN_POINT ( 'NONE',  ( -10.98362417419678572, 0.5999999999999617861, 3.000000000000000000 ) ) ;
#2415 = LINE ( 'NONE', #2900, #46 ) ;
#2416 = ORIENTED_EDGE ( 'NONE', *, *, #2464, .T. ) ;
#2417 = ORIENTED_EDGE ( 'NONE', *, *, #841, .F. ) ;
#2418 = VECTOR ( 'NONE', #520, 1000.000000000000000 ) ;
#2419 = EDGE_CURVE ( 'NONE', #2013, #1970, #33, .T. ) ;
#2420 = EDGE_CURVE ( 'NONE', #2439, #31, #1487, .T. ) ;
#2421 = CARTESIAN_POINT ( 'NONE',  ( -9.238609768128192457, 5.970602109690974935, 0.000000000000000000 ) ) ;
#2422 = CARTESIAN_POINT ( 'NONE',  ( -7.056916932736707615, -1.662053971582736267, 0.000000000000000000 ) ) ;
#2423 = EDGE_LOOP ( 'NONE', ( #2298, #780, #822, #2143 ) ) ;
#2424 = CARTESIAN_POINT ( 'NONE',  ( 10.98362417419677683, 0.6000000000001152189, 0.000000000000000000 ) ) ;
#2425 = LINE ( 'NONE', #2391, #1797 ) ;
#2426 = EDGE_LOOP ( 'NONE', ( #922, #553, #1350, #1674 ) ) ;
#2427 = CARTESIAN_POINT ( 'NONE',  ( 7.225129756620285448, 0.6000000000000761391, 0.000000000000000000 ) ) ;
#2428 = EDGE_CURVE ( 'NONE', #254, #2475, #195, .T. ) ;
#2429 = VECTOR ( 'NONE', #2661, 1000.000000000000000 ) ;
#2430 = CARTESIAN_POINT ( 'NONE',  ( -1.662053971582658773, -7.056916932736725379, 0.000000000000000000 ) ) ;
#2431 = DIRECTION ( 'NONE',  ( 0.3090169943749383474, 0.9510565162951566398, -0.000000000000000000 ) ) ;
#2432 = ORIENTED_EDGE ( 'NONE', *, *, #1994, .T. ) ;
#2433 = VERTEX_POINT ( 'NONE', #2396 ) ;
#2434 = VECTOR ( 'NONE', #2380, 1000.000000000000000 ) ;
#2435 = PLANE ( 'NONE',  #1305 ) ;
#2436 = ADVANCED_FACE ( 'NONE', ( #2865 ), #1098, .F. ) ;
#2437 = CARTESIAN_POINT ( 'NONE',  ( -10.26063714678184446, -3.964760439431441963, 3.000000000000000000 ) ) ;
#2438 = CARTESIAN_POINT ( 'NONE',  ( -10.63145754003178567, -2.823492619877258303, 0.000000000000000000 ) ) ;
#2439 = VERTEX_POINT ( 'NONE', #128 ) ;
#2440 = CARTESIAN_POINT ( 'NONE',  ( 8.533267465377280203, -6.941422502940850059, 0.000000000000000000 ) ) ;
#2441 = CARTESIAN_POINT ( 'NONE',  ( -2.823492619877141951, -10.63145754003181409, 0.000000000000000000 ) ) ;
#2442 = LINE ( 'NONE', #364, #2101 ) ;
#2443 = EDGE_CURVE ( 'NONE', #442, #893, #1331, .T. ) ;
#2444 = VERTEX_POINT ( 'NONE', #112 ) ;
#2445 = VERTEX_POINT ( 'NONE', #2241 ) ;
#2446 = VERTEX_POINT ( 'NONE', #1798 ) ;
#2447 = ORIENTED_EDGE ( 'NONE', *, *, #1700, .T. ) ;
#2448 = VECTOR ( 'NONE', #1796, 1000.000000000000000 ) ;
#2449 = CARTESIAN_POINT ( 'NONE',  ( 8.533267465377280203, -6.941422502940850059, 0.000000000000000000 ) ) ;
#2450 = FACE_OUTER_BOUND ( 'NONE', #161, .T. ) ;
#2451 = EDGE_CURVE ( 'NONE', #197, #1981, #1814, .T. ) ;
#2452 = CARTESIAN_POINT ( 'NONE',  ( 5.970602109690872794, 9.238609768128256405, 0.000000000000000000 ) ) ;
#2453 = ORIENTED_EDGE ( 'NONE', *, *, #1556, .F. ) ;
#2454 = CARTESIAN_POINT ( 'NONE',  ( -10.26063714678187289, 3.964760439431368244, 0.000000000000000000 ) ) ;
#2455 = EDGE_LOOP ( 'NONE', ( #1911, #2901, #1325, #511 ) ) ;
#2456 = LINE ( 'NONE', #114, #454 ) ;
#2457 = DIRECTION ( 'NONE',  ( -1.000000000000000000, -3.578021483807718229E-15, 0.000000000000000000 ) ) ;
#2458 = EDGE_LOOP ( 'NONE', ( #998, #1906, #1662, #2222 ) ) ;
#2459 = ORIENTED_EDGE ( 'NONE', *, *, #2967, .F. ) ;
#2460 = VECTOR ( 'NONE', #1673, 1000.000000000000000 ) ;
#2461 = ORIENTED_EDGE ( 'NONE', *, *, #1387, .F. ) ;
#2462 = CARTESIAN_POINT ( 'NONE',  ( -6.686096539486765522, -2.803321791136919927, 0.000000000000000000 ) ) ;
#2463 = LINE ( 'NONE', #1795, #2602 ) ;
#2464 = EDGE_CURVE ( 'NONE', #1530, #2204, #558, .T. ) ;
#2465 = PLANE ( 'NONE',  #2621 ) ;
#2466 = DIRECTION ( 'NONE',  ( -0.5877852522924743583, 0.8090169943749464521, 0.000000000000000000 ) ) ;
#2467 = VERTEX_POINT ( 'NONE', #661 ) ;
#2468 = CARTESIAN_POINT ( 'NONE',  ( -7.056916932736708503, -1.662053971582736267, 0.000000000000000000 ) ) ;
#2469 = DIRECTION ( 'NONE',  ( 3.491481338843133355E-15, -1.000000000000000000, 0.000000000000000000 ) ) ;
#2470 = LINE ( 'NONE', #606, #2259 ) ;
#2471 = ORIENTED_EDGE ( 'NONE', *, *, #1499, .T. ) ;
#2472 = ORIENTED_EDGE ( 'NONE', *, *, #2899, .T. ) ;
#2473 = LINE ( 'NONE', #1774, #2211 ) ;
#2474 = VECTOR ( 'NONE', #350, 1000.000000000000000 ) ;
#2475 = VERTEX_POINT ( 'NONE', #415 ) ;
#2476 = EDGE_CURVE ( 'NONE', #1087, #1919, #1117, .T. ) ;
#2477 = DIRECTION ( 'NONE',  ( -0.000000000000000000, -0.000000000000000000, 1.000000000000000000 ) ) ;
#2478 = DIRECTION ( 'NONE',  ( -0.8090169943749487835, 0.5877852522924712497, 0.000000000000000000 ) ) ;
#2479 = DIRECTION ( 'NONE',  ( -0.000000000000000000, 0.000000000000000000, 1.000000000000000000 ) ) ;
#2480 = CARTESIAN_POINT ( 'NONE',  ( 6.941422502941007266, -8.533267465377150529, 0.000000000000000000 ) ) ;
#2481 = EDGE_LOOP ( 'NONE', ( #1317, #1066, #2684, #2266 ) ) ;
#2482 = PLANE ( 'NONE',  #1194 ) ;
#2483 = DIRECTION ( 'NONE',  ( -1.047444401652939849E-14, 1.000000000000000000, 0.000000000000000000 ) ) ;
#2484 = EDGE_CURVE ( 'NONE', #217, #2534, #1045, .T. ) ;
#2485 = LINE ( 'NONE', #2024, #2413 ) ;
#2486 = ORIENTED_EDGE ( 'NONE', *, *, #860, .F. ) ;
#2487 = VERTEX_POINT ( 'NONE', #332 ) ;
#2488 = ORIENTED_EDGE ( 'NONE', *, *, #2670, .F. ) ;
#2489 = EDGE_CURVE ( 'NONE', #2534, #2649, #1260, .T. ) ;
#2490 = LINE ( 'NONE', #2976, #2306 ) ;
#2491 = ORIENTED_EDGE ( 'NONE', *, *, #2492, .T. ) ;
#2492 = EDGE_CURVE ( 'NONE', #1707, #2713, #576, .T. ) ;
#2493 = AXIS2_PLACEMENT_3D ( 'NONE', #939, #996, #1864 ) ;
#2494 = CARTESIAN_POINT ( 'NONE',  ( -2.823492619877141951, -10.63145754003181409, 3.000000000000000000 ) ) ;
#2495 = AXIS2_PLACEMENT_3D ( 'NONE', #1667, #518, #2606 ) ;
#2496 = VERTEX_POINT ( 'NONE', #2951 ) ;
#2497 = DIRECTION ( 'NONE',  ( 0.000000000000000000, -0.000000000000000000, 1.000000000000000000 ) ) ;
#2498 = VECTOR ( 'NONE', #2208, 1000.000000000000000 ) ;
#2499 = DIRECTION ( 'NONE',  ( -0.9510565162951499785, -0.3090169943749581649, 0.000000000000000000 ) ) ;
#2500 = VERTEX_POINT ( 'NONE', #2897 ) ;
#2501 = VECTOR ( 'NONE', #83, 1000.000000000000000 ) ;
#2502 = CARTESIAN_POINT ( 'NONE',  ( 9.238609768128238642, -5.970602109690906545, 0.000000000000000000 ) ) ;
#2503 = CARTESIAN_POINT ( 'NONE',  ( 3.964760439431476602, -10.26063714678182670, 0.000000000000000000 ) ) ;
#2504 = ORIENTED_EDGE ( 'NONE', *, *, #1710, .F. ) ;
#2505 = VERTEX_POINT ( 'NONE', #2733 ) ;
#2506 = VERTEX_POINT ( 'NONE', #2018 ) ;
#2507 = EDGE_LOOP ( 'NONE', ( #657, #342, #1669, #1571 ) ) ;
#2508 = PLANE ( 'NONE',  #1309 ) ;
#2509 = ORIENTED_EDGE ( 'NONE', *, *, #2543, .F. ) ;
#2510 = EDGE_CURVE ( 'NONE', #1809, #347, #97, .T. ) ;
#2511 = EDGE_LOOP ( 'NONE', ( #1285, #1081, #1394, #9 ) ) ;
#2512 = CARTESIAN_POINT ( 'NONE',  ( 8.533267465377127436, 6.941422502941036576, 3.000000000000000000 ) ) ;
#2513 = AXIS2_PLACEMENT_3D ( 'NONE', #2387, #1932, #295 ) ;
#2514 = DIRECTION ( 'NONE',  ( -3.491481338843133355E-15, 1.000000000000000000, 0.000000000000000000 ) ) ;
#2515 = CARTESIAN_POINT ( 'NONE',  ( -6.686096539486765522, -2.803321791136919927, 0.000000000000000000 ) ) ;
#2516 = ORIENTED_EDGE ( 'NONE', *, *, #1957, .T. ) ;
#2517 = ADVANCED_FACE ( 'NONE', ( #814 ), #877, .F. ) ;
#2518 = CARTESIAN_POINT ( 'NONE',  ( -8.533267465377228689, 6.941422502940914008, 0.000000000000000000 ) ) ;
#2519 = DIRECTION ( 'NONE',  ( -0.5877852522924830181, 0.8090169943749402348, -0.000000000000000000 ) ) ;
#2520 = ORIENTED_EDGE ( 'NONE', *, *, #2073, .F. ) ;
#2521 = ORIENTED_EDGE ( 'NONE', *, *, #1265, .T. ) ;
#2522 = EDGE_CURVE ( 'NONE', #2001, #2340, #1276, .T. ) ;
#2523 = DIRECTION ( 'NONE',  ( -1.038790387156481519E-14, 1.000000000000000000, 0.000000000000000000 ) ) ;
#2524 = VERTEX_POINT ( 'NONE', #2701 ) ;
#2525 = VECTOR ( 'NONE', #1261, 1000.000000000000000 ) ;
#2526 = LINE ( 'NONE', #1391, #725 ) ;
#2527 = ADVANCED_FACE ( 'NONE', ( #630 ), #2465, .F. ) ;
#2528 = CARTESIAN_POINT ( 'NONE',  ( 10.26063714678181427, 3.964760439431513017, 3.000000000000000000 ) ) ;
#2529 = FACE_OUTER_BOUND ( 'NONE', #536, .T. ) ;
#2530 = VERTEX_POINT ( 'NONE', #2287 ) ;
#2531 = EDGE_CURVE ( 'NONE', #2331, #1834, #237, .T. ) ;
#2532 = CARTESIAN_POINT ( 'NONE',  ( -4.732234913465851456, -5.492581608294486273, 0.000000000000000000 ) ) ;
#2533 = DIRECTION ( 'NONE',  ( 0.3090169943749548342, -0.9510565162951511997, 0.000000000000000000 ) ) ;
#2534 = VERTEX_POINT ( 'NONE', #2797 ) ;
#2535 = ORIENTED_EDGE ( 'NONE', *, *, #2197, .F. ) ;
#2536 = DIRECTION ( 'NONE',  ( -0.000000000000000000, 0.000000000000000000, 1.000000000000000000 ) ) ;
#2537 = ORIENTED_EDGE ( 'NONE', *, *, #268, .T. ) ;
#2538 = CARTESIAN_POINT ( 'NONE',  ( -8.533267465377228689, 6.941422502940914008, 3.000000000000000000 ) ) ;
#2539 = LINE ( 'NONE', #1377, #2941 ) ;
#2540 = CARTESIAN_POINT ( 'NONE',  ( 4.732234913465809711, 5.492581608294521800, 0.000000000000000000 ) ) ;
#2541 = CARTESIAN_POINT ( 'NONE',  ( 3.761414520215862645, 6.197923911045476686, 0.000000000000000000 ) ) ;
#2542 = ORIENTED_EDGE ( 'NONE', *, *, #1739, .F. ) ;
#2543 = EDGE_CURVE ( 'NONE', #197, #320, #1642, .T. ) ;
#2544 = CARTESIAN_POINT ( 'NONE',  ( 6.941422502941007266, -8.533267465377150529, 0.000000000000000000 ) ) ;
#2545 = CARTESIAN_POINT ( 'NONE',  ( 0.000000000000000000, 0.000000000000000000, 3.000000000000000000 ) ) ;
#2546 = AXIS2_PLACEMENT_3D ( 'NONE', #2192, #1985, #1279 ) ;
#2547 = ORIENTED_EDGE ( 'NONE', *, *, #2750, .F. ) ;
#2548 = EDGE_LOOP ( 'NONE', ( #1910, #650, #2509, #1849 ) ) ;
#2549 = ORIENTED_EDGE ( 'NONE', *, *, #2906, .T. ) ;
#2550 = LINE ( 'NONE', #1230, #1381 ) ;
#2551 = DIRECTION ( 'NONE',  ( -0.000000000000000000, 0.000000000000000000, 1.000000000000000000 ) ) ;
#2552 = ORIENTED_EDGE ( 'NONE', *, *, #265, .F. ) ;
#2553 = VECTOR ( 'NONE', #753, 999.9999999999998863 ) ;
#2554 = DIRECTION ( 'NONE',  ( -0.000000000000000000, -0.000000000000000000, 1.000000000000000000 ) ) ;
#2555 = CARTESIAN_POINT ( 'NONE',  ( -5.970602109690942960, -9.238609768128213773, 3.000000000000000000 ) ) ;
#2556 = EDGE_CURVE ( 'NONE', #1040, #542, #1656, .T. ) ;
#2557 = AXIS2_PLACEMENT_3D ( 'NONE', #287, #1635, #1457 ) ;
#2558 = CARTESIAN_POINT ( 'NONE',  ( -1.750000000000000666, -1.989974874213239486, 3.000000000000000000 ) ) ;
#2559 = VECTOR ( 'NONE', #1125, 1000.000000000000000 ) ;
#2560 = MECHANICAL_DESIGN_GEOMETRIC_PRESENTATION_REPRESENTATION (  '', ( #2959 ), #1369 ) ;
#2561 = ORIENTED_EDGE ( 'NONE', *, *, #1760, .F. ) ;
#2562 = VECTOR ( 'NONE', #2466, 1000.000000000000114 ) ;
#2563 =( GEOMETRIC_REPRESENTATION_CONTEXT ( 3 ) GLOBAL_UNCERTAINTY_ASSIGNED_CONTEXT ( ( #2388 ) ) GLOBAL_UNIT_ASSIGNED_CONTEXT ( ( #10, #263, #2328 ) ) REPRESENTATION_CONTEXT ( 'NONE', 'WORKASPACE' ) );
#2564 = DIRECTION ( 'NONE',  ( 0.9510565162951566398, -0.3090169943749382919, 0.000000000000000000 ) ) ;
#2565 = CARTESIAN_POINT ( 'NONE',  ( -7.225129756620293442, 0.5999999999999752198, 3.000000000000000000 ) ) ;
#2566 = ORIENTED_EDGE ( 'NONE', *, *, #1663, .F. ) ;
#2567 = LINE ( 'NONE', #1197, #1964 ) ;
#2568 = LINE ( 'NONE', #2819, #1917 ) ;
#2569 = FACE_BOUND ( 'NONE', #2236, .T. ) ;
#2570 = DIRECTION ( 'NONE',  ( 0.5877852522924685852, 0.8090169943749506709, 0.000000000000000000 ) ) ;
#2571 = ORIENTED_EDGE ( 'NONE', *, *, #2995, .T. ) ;
#2572 = EDGE_CURVE ( 'NONE', #1192, #347, #251, .T. ) ;
#2573 = FACE_OUTER_BOUND ( 'NONE', #950, .T. ) ;
#2574 = EDGE_CURVE ( 'NONE', #2258, #2345, #223, .T. ) ;
#2575 = PLANE ( 'NONE',  #2709 ) ;
#2576 = VECTOR ( 'NONE', #905, 1000.000000000000000 ) ;
#2577 = ADVANCED_FACE ( 'NONE', ( #2765 ), #1876, .T. ) ;
#2578 = ORIENTED_EDGE ( 'NONE', *, *, #2945, .F. ) ;
#2579 = LINE ( 'NONE', #269, #1729 ) ;
#2580 = CARTESIAN_POINT ( 'NONE',  ( -13.00000000000000178, 0.000000000000000000, 3.000000000000000000 ) ) ;
#2581 = ORIENTED_EDGE ( 'NONE', *, *, #2476, .F. ) ;
#2582 = CARTESIAN_POINT ( 'NONE',  ( -2.823492619877141951, -10.63145754003181409, 0.000000000000000000 ) ) ;
#2583 = EDGE_CURVE ( 'NONE', #2180, #2500, #2302, .T. ) ;
#2584 = CARTESIAN_POINT ( 'NONE',  ( -10.98362417419678572, 0.5999999999999617861, 0.000000000000000000 ) ) ;
#2585 = FACE_BOUND ( 'NONE', #207, .T. ) ;
#2586 = ORIENTED_EDGE ( 'NONE', *, *, #1039, .T. ) ;
#2587 = EDGE_CURVE ( 'NONE', #2530, #1215, #964, .T. ) ;
#2588 = CARTESIAN_POINT ( 'NONE',  ( 9.238609768128107191, 5.970602109691109050, 0.000000000000000000 ) ) ;
#2589 = VECTOR ( 'NONE', #1705, 1000.000000000000000 ) ;
#2590 = DIRECTION ( 'NONE',  ( -0.000000000000000000, -0.000000000000000000, 1.000000000000000000 ) ) ;
#2591 = CLOSED_SHELL ( 'NONE', ( #1151, #2027, #2267, #834, #1969, #2577, #1358, #399, #517, #218, #407, #1468, #1062, #540, #1162, #673, #1877, #314, #340, #1715, #2979, #1681, #1001, #666, #1999, #1515, #307, #1270, #1146, #2527, #1918, #397, #2662, #1602, #2517, #1868, #1837, #59, #977, #249, #566, #1318, #2036, #2832, #1284, #501, #1788, #1965, #1495, #1052, #933, #2392, #1904, #703, #260, #1612, #2887, #2384, #2118, #579, #1253, #2436, #1962, #2184, #122, #89, #1940, #164, #385, #2724, #938, #1113, #2808, #1329, #693, #2049, #1510, #2375, #2273, #1055, #521, #2256, #2930, #2680, #1422, #475, #1433, #2634 ) ) ;
#2592 = VERTEX_POINT ( 'NONE', #461 ) ;
#2593 = VECTOR ( 'NONE', #1212, 1000.000000000000000 ) ;
#2594 = DIRECTION ( 'NONE',  ( -0.000000000000000000, -0.000000000000000000, 1.000000000000000000 ) ) ;
#2595 = LINE ( 'NONE', #2348, #343 ) ;
#2596 = ORIENTED_EDGE ( 'NONE', *, *, #2234, .F. ) ;
#2597 = VECTOR ( 'NONE', #1008, 1000.000000000000000 ) ;
#2598 = CARTESIAN_POINT ( 'NONE',  ( 3.761414520215862645, 6.197923911045474910, 3.000000000000000000 ) ) ;
#2599 = CARTESIAN_POINT ( 'NONE',  ( 2.823492619877072229, 10.63145754003183363, 0.000000000000000000 ) ) ;
#2600 = VERTEX_POINT ( 'NONE', #2558 ) ;
#2601 = FACE_BOUND ( 'NONE', #1006, .T. ) ;
#2602 = VECTOR ( 'NONE', #413, 1000.000000000000000 ) ;
#2603 = LINE ( 'NONE', #2382, #772 ) ;
#2604 = ORIENTED_EDGE ( 'NONE', *, *, #1277, .T. ) ;
#2605 = VECTOR ( 'NONE', #619, 1000.000000000000000 ) ;
#2606 = DIRECTION ( 'NONE',  ( -0.5877852522924685852, -0.8090169943749507819, 0.000000000000000000 ) ) ;
#2607 = EDGE_CURVE ( 'NONE', #106, #643, #493, .T. ) ;
#2608 = CARTESIAN_POINT ( 'NONE',  ( -9.238609768128192457, 5.970602109690974935, 0.000000000000000000 ) ) ;
#2609 = EDGE_LOOP ( 'NONE', ( #2008, #902, #1889, #14 ) ) ;
#2610 = VECTOR ( 'NONE', #1412, 1000.000000000000000 ) ;
#2611 = CARTESIAN_POINT ( 'NONE',  ( -6.686096539486765522, -2.803321791136919927, 3.000000000000000000 ) ) ;
#2612 = DIRECTION ( 'NONE',  ( -0.000000000000000000, -0.000000000000000000, -1.000000000000000000 ) ) ;
#2613 = EDGE_CURVE ( 'NONE', #2534, #1820, #1892, .T. ) ;
#2614 = EDGE_LOOP ( 'NONE', ( #380, #1605, #2775, #1704 ) ) ;
#2615 = CARTESIAN_POINT ( 'NONE',  ( 10.98362417419679105, -0.5999999999998851807, 0.000000000000000000 ) ) ;
#2616 = SURFACE_STYLE_USAGE ( .BOTH. , #82 ) ;
#2617 = LINE ( 'NONE', #2145, #2501 ) ;
#2618 = EDGE_CURVE ( 'NONE', #31, #2633, #695, .T. ) ;
#2619 = DIRECTION ( 'NONE',  ( 0.5877852522924625900, 0.8090169943749551118, 0.000000000000000000 ) ) ;
#2620 = EDGE_LOOP ( 'NONE', ( #2566, #2689, #306, #1234 ) ) ;
#2621 = AXIS2_PLACEMENT_3D ( 'NONE', #401, #178, #746 ) ;
#2622 = CARTESIAN_POINT ( 'NONE',  ( 10.26063714678181427, 3.964760439431513017, 0.000000000000000000 ) ) ;
#2623 = DIRECTION ( 'NONE',  ( 0.3090169943749383474, 0.9510565162951566398, -0.000000000000000000 ) ) ;
#2624 = ORIENTED_EDGE ( 'NONE', *, *, #1198, .F. ) ;
#2625 = DIRECTION ( 'NONE',  ( 0.9510565162951576390, -0.3090169943749349057, 0.000000000000000000 ) ) ;
#2626 = DIRECTION ( 'NONE',  ( -0.9510565162951499785, -0.3090169943749581649, 0.000000000000000000 ) ) ;
#2627 = EDGE_CURVE ( 'NONE', #365, #1929, #2810, .T. ) ;
#2628 = ORIENTED_EDGE ( 'NONE', *, *, #532, .F. ) ;
#2629 = CARTESIAN_POINT ( 'NONE',  ( -6.686096539486764634, -2.803321791136919927, 3.000000000000000000 ) ) ;
#2630 = LINE ( 'NONE', #2430, #944 ) ;
#2631 = PLANE ( 'NONE',  #919 ) ;
#2632 = CARTESIAN_POINT ( 'NONE',  ( -5.970602109690942960, -9.238609768128213773, 3.000000000000000000 ) ) ;
#2633 = VERTEX_POINT ( 'NONE', #682 ) ;
#2634 = ADVANCED_FACE ( 'NONE', ( #2747 ), #26, .F. ) ;
#2635 = LINE ( 'NONE', #1931, #427 ) ;
#2636 = ORIENTED_EDGE ( 'NONE', *, *, #51, .T. ) ;
#2637 = DIRECTION ( 'NONE',  ( 0.9510565162951545304, -0.3090169943749447312, 0.000000000000000000 ) ) ;
#2638 = ORIENTED_EDGE ( 'NONE', *, *, #1143, .F. ) ;
#2639 = CARTESIAN_POINT ( 'NONE',  ( -6.197923911045408296, -3.761414520215974111, 0.000000000000000000 ) ) ;
#2640 = CARTESIAN_POINT ( 'NONE',  ( 1.662053971582612810, 7.056916932736736925, 0.000000000000000000 ) ) ;
#2641 = VERTEX_POINT ( 'NONE', #450 ) ;
#2642 = EDGE_CURVE ( 'NONE', #2600, #960, #1452, .T. ) ;
#2643 = CARTESIAN_POINT ( 'NONE',  ( 10.98362417419679105, -0.5999999999998851807, 3.000000000000000000 ) ) ;
#2644 = VECTOR ( 'NONE', #214, 1000.000000000000000 ) ;
#2645 = CARTESIAN_POINT ( 'NONE',  ( 6.941422502940819861, 8.533267465377303296, 0.000000000000000000 ) ) ;
#2646 = DIRECTION ( 'NONE',  ( -0.3090169943749515036, 0.9510565162951521989, 0.000000000000000000 ) ) ;
#2647 = DIRECTION ( 'NONE',  ( -1.000000000000000000, 0.000000000000000000, 0.000000000000000000 ) ) ;
#2648 = VECTOR ( 'NONE', #2809, 1000.000000000000000 ) ;
#2649 = VERTEX_POINT ( 'NONE', #949 ) ;
#2650 = ORIENTED_EDGE ( 'NONE', *, *, #897, .T. ) ;
#2651 = CARTESIAN_POINT ( 'NONE',  ( -0.6000000000000005329, -7.225129756620291666, 3.000000000000000000 ) ) ;
#2652 = AXIS2_PLACEMENT_3D ( 'NONE', #578, #2884, #2000 ) ;
#2653 = EDGE_CURVE ( 'NONE', #1471, #1183, #2996, .T. ) ;
#2654 = LINE ( 'NONE', #1054, #626 ) ;
#2655 = ORIENTED_EDGE ( 'NONE', *, *, #1541, .F. ) ;
#2656 = EDGE_CURVE ( 'NONE', #1606, #2162, #920, .T. ) ;
#2657 = CARTESIAN_POINT ( 'NONE',  ( -10.98362417419678572, 0.5999999999999617861, 0.000000000000000000 ) ) ;
#2658 = CARTESIAN_POINT ( 'NONE',  ( -1.750000000000000666, 0.000000000000000000, 3.000000000000000000 ) ) ;
#2659 = ORIENTED_EDGE ( 'NONE', *, *, #280, .T. ) ;
#2660 = CARTESIAN_POINT ( 'NONE',  ( 8.533267465377127436, 6.941422502941036576, 0.000000000000000000 ) ) ;
#2661 = DIRECTION ( 'NONE',  ( -0.3090169943749481729, 0.9510565162951533091, 0.000000000000000000 ) ) ;
#2662 = ADVANCED_FACE ( 'NONE', ( #1407 ), #935, .F. ) ;
#2663 = DIRECTION ( 'NONE',  ( 0.8090169943749422332, 0.5877852522924802425, 0.000000000000000000 ) ) ;
#2664 = ORIENTED_EDGE ( 'NONE', *, *, #2484, .T. ) ;
#2665 = ORIENTED_EDGE ( 'NONE', *, *, #42, .F. ) ;
#2666 = VECTOR ( 'NONE', #1286, 1000.000000000000000 ) ;
#2667 = CARTESIAN_POINT ( 'NONE',  ( 1.662053971582760692, -7.056916932736701398, 0.000000000000000000 ) ) ;
#2668 = DIRECTION ( 'NONE',  ( -0.5877852522924685852, -0.8090169943749507819, 0.000000000000000000 ) ) ;
#2669 = VERTEX_POINT ( 'NONE', #2405 ) ;
#2670 = EDGE_CURVE ( 'NONE', #2751, #2778, #1464, .T. ) ;
#2671 = DIRECTION ( 'NONE',  ( -0.3090169943749411230, -0.9510565162951555296, 0.000000000000000000 ) ) ;
#2672 = ORIENTED_EDGE ( 'NONE', *, *, #2771, .F. ) ;
#2673 = CARTESIAN_POINT ( 'NONE',  ( -1.750000000000000666, 1.989974874213239486, 3.000000000000000000 ) ) ;
#2674 = DIRECTION ( 'NONE',  ( -0.8090169943749507819, 0.5877852522924685852, 0.000000000000000000 ) ) ;
#2675 = CARTESIAN_POINT ( 'NONE',  ( 0.6000000000000005329, -7.225129756620291666, 3.000000000000000000 ) ) ;
#2676 = ORIENTED_EDGE ( 'NONE', *, *, #28, .T. ) ;
#2677 = ORIENTED_EDGE ( 'NONE', *, *, #2613, .T. ) ;
#2678 = ORIENTED_EDGE ( 'NONE', *, *, #2607, .T. ) ;
#2679 = DIRECTION ( 'NONE',  ( 0.000000000000000000, -1.000000000000000000, 0.000000000000000000 ) ) ;
#2680 = ADVANCED_FACE ( 'NONE', ( #119 ), #2575, .F. ) ;
#2681 = LINE ( 'NONE', #431, #1404 ) ;
#2682 = VECTOR ( 'NONE', #781, 1000.000000000000000 ) ;
#2683 = CARTESIAN_POINT ( 'NONE',  ( 2.803321791136943464, -6.686096539486755752, 0.000000000000000000 ) ) ;
#2684 = ORIENTED_EDGE ( 'NONE', *, *, #2428, .F. ) ;
#2685 = FACE_OUTER_BOUND ( 'NONE', #1926, .T. ) ;
#2686 = VECTOR ( 'NONE', #1020, 1000.000000000000114 ) ;
#2687 = LINE ( 'NONE', #2176, #1708 ) ;
#2688 = CARTESIAN_POINT ( 'NONE',  ( -3.964760439431329164, -10.26063714678188532, 0.000000000000000000 ) ) ;
#2689 = ORIENTED_EDGE ( 'NONE', *, *, #2692, .F. ) ;
#2690 = VECTOR ( 'NONE', #1568, 1000.000000000000114 ) ;
#2691 = ORIENTED_EDGE ( 'NONE', *, *, #355, .F. ) ;
#2692 = EDGE_CURVE ( 'NONE', #2592, #1981, #1025, .T. ) ;
#2693 = EDGE_LOOP ( 'NONE', ( #669, #1462, #1126, #969 ) ) ;
#2694 = VECTOR ( 'NONE', #491, 1000.000000000000000 ) ;
#2695 = LINE ( 'NONE', #628, #727 ) ;
#2696 = AXIS2_PLACEMENT_3D ( 'NONE', #2043, #1810, #1388 ) ;
#2697 = DIRECTION ( 'NONE',  ( 0.5877852522924770229, -0.8090169943749445647, -0.000000000000000000 ) ) ;
#2698 = AXIS2_PLACEMENT_3D ( 'NONE', #1726, #1063, #2939 ) ;
#2699 = VECTOR ( 'NONE', #1762, 1000.000000000000000 ) ;
#2700 = COLOUR_RGB ( '',0.1019607843137254888, 0.1019607843137254888, 0.1019607843137254888 ) ;
#2701 = CARTESIAN_POINT ( 'NONE',  ( -6.686096539486785950, 2.803321791136872410, 0.000000000000000000 ) ) ;
#2702 = CARTESIAN_POINT ( 'NONE',  ( 9.238609768128107191, 5.970602109691109050, 0.000000000000000000 ) ) ;
#2703 = EDGE_LOOP ( 'NONE', ( #395, #1550, #718, #1492 ) ) ;
#2704 = CARTESIAN_POINT ( 'NONE',  ( 5.970602109690872794, 9.238609768128256405, 3.000000000000000000 ) ) ;
#2705 = PLANE ( 'NONE',  #1924 ) ;
#2706 = FACE_OUTER_BOUND ( 'NONE', #1718, .T. ) ;
#2707 = ORIENTED_EDGE ( 'NONE', *, *, #132, .F. ) ;
#2708 = ORIENTED_EDGE ( 'NONE', *, *, #2840, .F. ) ;
#2709 = AXIS2_PLACEMENT_3D ( 'NONE', #1961, #2637, #1717 ) ;
#2710 = VECTOR ( 'NONE', #2154, 1000.000000000000000 ) ;
#2711 = EDGE_CURVE ( 'NONE', #1072, #2878, #2872, .T. ) ;
#2712 = LINE ( 'NONE', #2421, #1781 ) ;
#2713 = VERTEX_POINT ( 'NONE', #790 ) ;
#2714 = DIRECTION ( 'NONE',  ( 0.3090169943749446757, 0.9510565162951545304, 0.000000000000000000 ) ) ;
#2715 = DIRECTION ( 'NONE',  ( -0.000000000000000000, 0.000000000000000000, 1.000000000000000000 ) ) ;
#2716 = VECTOR ( 'NONE', #2497, 1000.000000000000000 ) ;
#2717 = DIRECTION ( 'NONE',  ( -0.9510565162951523099, -0.3090169943749515591, 0.000000000000000000 ) ) ;
#2718 = EDGE_CURVE ( 'NONE', #1834, #2278, #104, .T. ) ;
#2719 = CARTESIAN_POINT ( 'NONE',  ( 10.26063714678189775, -3.964760439431298078, 0.000000000000000000 ) ) ;
#2720 = ORIENTED_EDGE ( 'NONE', *, *, #1099, .T. ) ;
#2721 = CARTESIAN_POINT ( 'NONE',  ( 5.492581608294505813, -4.732234913465829251, 3.000000000000000000 ) ) ;
#2722 = EDGE_CURVE ( 'NONE', #542, #117, #2136, .T. ) ;
#2723 = CARTESIAN_POINT ( 'NONE',  ( 10.98362417419677683, 0.6000000000001152189, 0.000000000000000000 ) ) ;
#2724 = ADVANCED_FACE ( 'NONE', ( #1207 ), #1699, .F. ) ;
#2725 = DIRECTION ( 'NONE',  ( 0.9510565162951576390, -0.3090169943749349613, 0.000000000000000000 ) ) ;
#2726 = ORIENTED_EDGE ( 'NONE', *, *, #6, .F. ) ;
#2727 = ORIENTED_EDGE ( 'NONE', *, *, #2134, .F. ) ;
#2728 = DIRECTION ( 'NONE',  ( -0.9510565162951533091, -0.3090169943749481174, -0.000000000000000000 ) ) ;
#2729 = VERTEX_POINT ( 'NONE', #567 ) ;
#2730 = PLANE ( 'NONE',  #99 ) ;
#2731 = ORIENTED_EDGE ( 'NONE', *, *, #761, .F. ) ;
#2732 = CARTESIAN_POINT ( 'NONE',  ( -10.26063714678184446, -3.964760439431441963, 3.000000000000000000 ) ) ;
#2733 = CARTESIAN_POINT ( 'NONE',  ( 0.6000000000000005329, 7.225129756620291666, 0.000000000000000000 ) ) ;
#2734 = LINE ( 'NONE', #2257, #60 ) ;
#2735 = ORIENTED_EDGE ( 'NONE', *, *, #2873, .T. ) ;
#2736 = FACE_BOUND ( 'NONE', #2458, .T. ) ;
#2737 = DIRECTION ( 'NONE',  ( 0.000000000000000000, -0.000000000000000000, 1.000000000000000000 ) ) ;
#2738 = EDGE_CURVE ( 'NONE', #2857, #1789, #2149, .T. ) ;
#2739 = ORIENTED_EDGE ( 'NONE', *, *, #1024, .F. ) ;
#2740 = EDGE_LOOP ( 'NONE', ( #2349, #2726, #2185, #1291 ) ) ;
#2741 = LINE ( 'NONE', #887, #2355 ) ;
#2742 = ORIENTED_EDGE ( 'NONE', *, *, #1460, .T. ) ;
#2743 =( NAMED_UNIT ( * ) SI_UNIT ( $, .STERADIAN. ) SOLID_ANGLE_UNIT ( ) );
#2744 = AXIS2_PLACEMENT_3D ( 'NONE', #2869, #2339, #2570 ) ;
#2745 = DIRECTION ( 'NONE',  ( -1.000000000000000000, 0.000000000000000000, 0.000000000000000000 ) ) ;
#2746 = EDGE_CURVE ( 'NONE', #133, #2500, #88, .T. ) ;
#2747 = FACE_OUTER_BOUND ( 'NONE', #1122, .T. ) ;
#2748 = VECTOR ( 'NONE', #2668, 999.9999999999998863 ) ;
#2749 = DIRECTION ( 'NONE',  ( -0.5877852522924770229, 0.8090169943749445647, 0.000000000000000000 ) ) ;
#2750 = EDGE_CURVE ( 'NONE', #1623, #2751, #1269, .T. ) ;
#2751 = VERTEX_POINT ( 'NONE', #57 ) ;
#2752 = VECTOR ( 'NONE', #1019, 1000.000000000000227 ) ;
#2753 = ORIENTED_EDGE ( 'NONE', *, *, #871, .F. ) ;
#2754 = DIRECTION ( 'NONE',  ( 0.000000000000000000, -0.000000000000000000, 1.000000000000000000 ) ) ;
#2755 = CARTESIAN_POINT ( 'NONE',  ( -9.238609768128192457, 5.970602109690974935, 0.000000000000000000 ) ) ;
#2756 = ORIENTED_EDGE ( 'NONE', *, *, #209, .F. ) ;
#2757 = ORIENTED_EDGE ( 'NONE', *, *, #6, .T. ) ;
#2758 = EDGE_CURVE ( 'NONE', #1606, #412, #1222, .T. ) ;
#2759 = DIRECTION ( 'NONE',  ( 0.8090169943749402348, 0.5877852522924831291, 0.000000000000000000 ) ) ;
#2760 = AXIS2_PLACEMENT_3D ( 'NONE', #2846, #2377, #1195 ) ;
#2761 = ORIENTED_EDGE ( 'NONE', *, *, #658, .F. ) ;
#2762 = CARTESIAN_POINT ( 'NONE',  ( 2.823492619877072229, 10.63145754003183363, 0.000000000000000000 ) ) ;
#2763 = DIRECTION ( 'NONE',  ( 0.3090169943749481174, -0.9510565162951534202, 0.000000000000000000 ) ) ;
#2764 = PRODUCT_DEFINITION ( 'UNKNOWN', '', #678, #2766 ) ;
#2765 = FACE_OUTER_BOUND ( 'NONE', #2140, .T. ) ;
#2766 = PRODUCT_DEFINITION_CONTEXT ( 'detailed design', #1191, 'design' ) ;
#2767 = AXIS2_PLACEMENT_3D ( 'NONE', #2658, #589, #1120 ) ;
#2768 = DIRECTION ( 'NONE',  ( 0.5877852522924713607, 0.8090169943749485615, 0.000000000000000000 ) ) ;
#2769 = ORIENTED_EDGE ( 'NONE', *, *, #931, .F. ) ;
#2770 = VECTOR ( 'NONE', #1939, 1000.000000000000227 ) ;
#2771 = EDGE_CURVE ( 'NONE', #1297, #885, #1916, .T. ) ;
#2772 = FACE_BOUND ( 'NONE', #2322, .T. ) ;
#2773 = DIRECTION ( 'NONE',  ( 0.9510565162951511997, 0.3090169943749548342, 0.000000000000000000 ) ) ;
#2774 = ORIENTED_EDGE ( 'NONE', *, *, #2197, .T. ) ;
#2775 = ORIENTED_EDGE ( 'NONE', *, *, #1767, .F. ) ;
#2776 = EDGE_LOOP ( 'NONE', ( #756, #549, #2030, #794 ) ) ;
#2777 = LINE ( 'NONE', #929, #1107 ) ;
#2778 = VERTEX_POINT ( 'NONE', #552 ) ;
#2779 = CARTESIAN_POINT ( 'NONE',  ( 1.750000000000000666, -1.989974874213239486, 0.000000000000000000 ) ) ;
#2780 = EDGE_CURVE ( 'NONE', #1192, #711, #281, .T. ) ;
#2781 = CARTESIAN_POINT ( 'NONE',  ( 3.964760439431476602, -10.26063714678182670, 0.000000000000000000 ) ) ;
#2782 = LINE ( 'NONE', #1861, #757 ) ;
#2783 = ORIENTED_EDGE ( 'NONE', *, *, #954, .T. ) ;
#2784 = LINE ( 'NONE', #1907, #911 ) ;
#2785 = LINE ( 'NONE', #1833, #2075 ) ;
#2786 = ORIENTED_EDGE ( 'NONE', *, *, #2543, .T. ) ;
#2787 = ORIENTED_EDGE ( 'NONE', *, *, #658, .T. ) ;
#2788 = CARTESIAN_POINT ( 'NONE',  ( -8.533267465377180727, -6.941422502940973516, 0.000000000000000000 ) ) ;
#2789 = VECTOR ( 'NONE', #1503, 1000.000000000000000 ) ;
#2790 = CARTESIAN_POINT ( 'NONE',  ( -5.492581608294436535, -4.732234913465909187, 0.000000000000000000 ) ) ;
#2791 = EDGE_CURVE ( 'NONE', #2505, #133, #1905, .T. ) ;
#2792 = ORIENTED_EDGE ( 'NONE', *, *, #508, .F. ) ;
#2793 = FILL_AREA_STYLE_COLOUR ( '', #2700 ) ;
#2794 = VECTOR ( 'NONE', #305, 999.9999999999998863 ) ;
#2795 = CARTESIAN_POINT ( 'NONE',  ( -2.803321791136846208, -6.686096539486795720, 0.000000000000000000 ) ) ;
#2796 = VECTOR ( 'NONE', #1641, 1000.000000000000114 ) ;
#2797 = CARTESIAN_POINT ( 'NONE',  ( 5.492581608294401896, 4.732234913465950044, 0.000000000000000000 ) ) ;
#2798 = ORIENTED_EDGE ( 'NONE', *, *, #39, .F. ) ;
#2799 = DIRECTION ( 'NONE',  ( -0.3090169943749515591, 0.9510565162951523099, 0.000000000000000000 ) ) ;
#2800 = DIRECTION ( 'NONE',  ( -0.9510565162951511997, -0.3090169943749548342, 0.000000000000000000 ) ) ;
#2801 = VERTEX_POINT ( 'NONE', #1668 ) ;
#2802 = DIRECTION ( 'NONE',  ( 0.000000000000000000, -0.000000000000000000, -1.000000000000000000 ) ) ;
#2803 =( NAMED_UNIT ( * ) PLANE_ANGLE_UNIT ( ) SI_UNIT ( $, .RADIAN. ) );
#2804 = EDGE_CURVE ( 'NONE', #1686, #2309, #73, .T. ) ;
#2805 = FACE_BOUND ( 'NONE', #166, .T. ) ;
#2806 = DIRECTION ( 'NONE',  ( -1.000000000000000000, -3.578021483807718229E-15, 0.000000000000000000 ) ) ;
#2807 = VERTEX_POINT ( 'NONE', #1449 ) ;
#2808 = ADVANCED_FACE ( 'NONE', ( #994 ), #309, .F. ) ;
#2809 = DIRECTION ( 'NONE',  ( -0.000000000000000000, -0.000000000000000000, 1.000000000000000000 ) ) ;
#2810 = LINE ( 'NONE', #1421, #1251 ) ;
#2811 = EDGE_LOOP ( 'NONE', ( #1959, #2578, #2596, #2098 ) ) ;
#2812 = EDGE_CURVE ( 'NONE', #2778, #473, #1009, .T. ) ;
#2813 = VECTOR ( 'NONE', #2289, 999.9999999999998863 ) ;
#2814 = FACE_OUTER_BOUND ( 'NONE', #242, .T. ) ;
#2815 = CARTESIAN_POINT ( 'NONE',  ( -5.970602109691008685, 9.238609768128174693, 0.000000000000000000 ) ) ;
#2816 = EDGE_LOOP ( 'NONE', ( #884, #182, #464, #1680 ) ) ;
#2817 = EDGE_CURVE ( 'NONE', #1821, #1707, #861, .T. ) ;
#2818 = FACE_OUTER_BOUND ( 'NONE', #1169, .T. ) ;
#2819 = CARTESIAN_POINT ( 'NONE',  ( -7.056916932736720049, 1.662053971582686085, 3.000000000000000000 ) ) ;
#2820 = EDGE_CURVE ( 'NONE', #1807, #1586, #2210, .T. ) ;
#2821 = DIRECTION ( 'NONE',  ( 0.3090169943749481174, -0.9510565162951534202, 0.000000000000000000 ) ) ;
#2822 = LINE ( 'NONE', #2357, #277 ) ;
#2823 = ORIENTED_EDGE ( 'NONE', *, *, #2574, .T. ) ;
#2824 = DIRECTION ( 'NONE',  ( -0.5877852522924830181, 0.8090169943749402348, 0.000000000000000000 ) ) ;
#2825 = CARTESIAN_POINT ( 'NONE',  ( 0.6000000000000005329, 7.225129756620291666, 0.000000000000000000 ) ) ;
#2826 = ORIENTED_EDGE ( 'NONE', *, *, #371, .F. ) ;
#2827 = CARTESIAN_POINT ( 'NONE',  ( 8.533267465377127436, 6.941422502941036576, 0.000000000000000000 ) ) ;
#2828 = PLANE ( 'NONE',  #107 ) ;
#2829 = ORIENTED_EDGE ( 'NONE', *, *, #2837, .F. ) ;
#2830 = DIRECTION ( 'NONE',  ( 0.8090169943749465631, 0.5877852522924742473, 0.000000000000000000 ) ) ;
#2831 = LINE ( 'NONE', #943, #992 ) ;
#2832 = ADVANCED_FACE ( 'NONE', ( #2450 ), #356, .F. ) ;
#2833 = LINE ( 'NONE', #989, #1 ) ;
#2834 = CARTESIAN_POINT ( 'NONE',  ( -3.761414520215953683, 6.197923911045424283, 0.000000000000000000 ) ) ;
#2835 = ORIENTED_EDGE ( 'NONE', *, *, #327, .F. ) ;
#2836 = VECTOR ( 'NONE', #813, 1000.000000000000000 ) ;
#2837 = EDGE_CURVE ( 'NONE', #473, #2506, #835, .T. ) ;
#2838 = DIRECTION ( 'NONE',  ( 0.000000000000000000, -0.000000000000000000, 1.000000000000000000 ) ) ;
#2839 = CARTESIAN_POINT ( 'NONE',  ( 6.686096539486745094, 2.803321791136966556, 0.000000000000000000 ) ) ;
#2840 = EDGE_CURVE ( 'NONE', #2878, #1087, #585, .T. ) ;
#2841 = VECTOR ( 'NONE', #2715, 1000.000000000000000 ) ;
#2842 = ORIENTED_EDGE ( 'NONE', *, *, #897, .F. ) ;
#2843 = VECTOR ( 'NONE', #2860, 999.9999999999998863 ) ;
#2844 = EDGE_CURVE ( 'NONE', #201, #1686, #1096, .T. ) ;
#2845 = CARTESIAN_POINT ( 'NONE',  ( -0.6000000000000001998, 10.98362417419678394, 0.000000000000000000 ) ) ;
#2846 = CARTESIAN_POINT ( 'NONE',  ( 3.761414520215862645, 6.197923911045476686, 0.000000000000000000 ) ) ;
#2847 = ORIENTED_EDGE ( 'NONE', *, *, #2207, .F. ) ;
#2848 = CARTESIAN_POINT ( 'NONE',  ( -4.732234913465890536, 5.492581608294454298, 0.000000000000000000 ) ) ;
#2849 = PLANE ( 'NONE',  #1871 ) ;
#2850 = VECTOR ( 'NONE', #2759, 1000.000000000000114 ) ;
#2851 = LINE ( 'NONE', #98, #2752 ) ;
#2852 = PLANE ( 'NONE',  #1004 ) ;
#2853 = ORIENTED_EDGE ( 'NONE', *, *, #2718, .T. ) ;
#2854 = EDGE_CURVE ( 'NONE', #446, #562, #1733, .T. ) ;
#2855 = CARTESIAN_POINT ( 'NONE',  ( 3.964760439431476602, -10.26063714678182670, 0.000000000000000000 ) ) ;
#2856 = CARTESIAN_POINT ( 'NONE',  ( 6.941422502941007266, -8.533267465377150529, 3.000000000000000000 ) ) ;
#2857 = VERTEX_POINT ( 'NONE', #1513 ) ;
#2858 = VECTOR ( 'NONE', #312, 1000.000000000000000 ) ;
#2859 = VECTOR ( 'NONE', #1626, 1000.000000000000000 ) ;
#2860 = DIRECTION ( 'NONE',  ( 0.9510565162951523099, 0.3090169943749515036, 0.000000000000000000 ) ) ;
#2861 = LINE ( 'NONE', #2580, #1411 ) ;
#2862 = ORIENTED_EDGE ( 'NONE', *, *, #113, .F. ) ;
#2863 = CARTESIAN_POINT ( 'NONE',  ( -10.26063714678187289, 3.964760439431368244, 3.000000000000000000 ) ) ;
#2864 = EDGE_CURVE ( 'NONE', #1697, #590, #1979, .T. ) ;
#2865 = FACE_OUTER_BOUND ( 'NONE', #2507, .T. ) ;
#2866 = EDGE_LOOP ( 'NONE', ( #2774, #1043, #2962, #2991 ) ) ;
#2867 = FACE_BOUND ( 'NONE', #1986, .T. ) ;
#2868 = VECTOR ( 'NONE', #2316, 999.9999999999998863 ) ;
#2869 = CARTESIAN_POINT ( 'NONE',  ( -5.970602109690942960, -9.238609768128213773, 0.000000000000000000 ) ) ;
#2870 = EDGE_LOOP ( 'NONE', ( #116, #91, #2224, #2194 ) ) ;
#2871 = LINE ( 'NONE', #1479, #1978 ) ;
#2872 = LINE ( 'NONE', #323, #341 ) ;
#2873 = EDGE_CURVE ( 'NONE', #63, #858, #2463, .T. ) ;
#2874 = EDGE_LOOP ( 'NONE', ( #1897, #2504, #2293, #64 ) ) ;
#2875 = CARTESIAN_POINT ( 'NONE',  ( 1.662053971582612810, 7.056916932736736925, 0.000000000000000000 ) ) ;
#2876 = VECTOR ( 'NONE', #2130, 1000.000000000000000 ) ;
#2877 = CARTESIAN_POINT ( 'NONE',  ( 13.00000000000000178, 1.592040838891559293E-15, 3.000000000000000000 ) ) ;
#2878 = VERTEX_POINT ( 'NONE', #2422 ) ;
#2879 = DIRECTION ( 'NONE',  ( -0.000000000000000000, -0.000000000000000000, 1.000000000000000000 ) ) ;
#2880 = CARTESIAN_POINT ( 'NONE',  ( -3.964760439431404659, 10.26063714678185868, 0.000000000000000000 ) ) ;
#2881 = ORIENTED_EDGE ( 'NONE', *, *, #2722, .T. ) ;
#2882 = CARTESIAN_POINT ( 'NONE',  ( -10.26063714678187289, 3.964760439431368244, 3.000000000000000000 ) ) ;
#2883 = PRODUCT ( 'counter moment wheel', 'counter moment wheel', '', ( #2978 ) ) ;
#2884 = DIRECTION ( 'NONE',  ( 0.000000000000000000, -1.000000000000000000, 0.000000000000000000 ) ) ;
#2885 = ORIENTED_EDGE ( 'NONE', *, *, #209, .T. ) ;
#2886 = EDGE_LOOP ( 'NONE', ( #888, #2664, #2677, #1502 ) ) ;
#2887 = ADVANCED_FACE ( 'NONE', ( #1776 ), #1328, .F. ) ;
#2888 = CARTESIAN_POINT ( 'NONE',  ( -6.941422502940945982, 8.533267465377205596, 0.000000000000000000 ) ) ;
#2889 = CARTESIAN_POINT ( 'NONE',  ( -5.970602109690942960, -9.238609768128213773, 0.000000000000000000 ) ) ;
#2890 = ORIENTED_EDGE ( 'NONE', *, *, #1277, .F. ) ;
#2891 = EDGE_CURVE ( 'NONE', #1564, #2363, #2005, .T. ) ;
#2892 = CARTESIAN_POINT ( 'NONE',  ( 1.750000000000000666, 1.989974874213239486, 3.000000000000000000 ) ) ;
#2893 = PLANE ( 'NONE',  #2767 ) ;
#2894 = ORIENTED_EDGE ( 'NONE', *, *, #909, .T. ) ;
#2895 = CARTESIAN_POINT ( 'NONE',  ( 10.26063714678181427, 3.964760439431513017, 0.000000000000000000 ) ) ;
#2896 = AXIS2_PLACEMENT_3D ( 'NONE', #2947, #809, #1482 ) ;
#2897 = CARTESIAN_POINT ( 'NONE',  ( 0.6000000000000001998, 10.98362417419678394, 3.000000000000000000 ) ) ;
#2898 = DIRECTION ( 'NONE',  ( -1.047444401652940007E-14, 1.000000000000000000, -0.000000000000000000 ) ) ;
#2899 = EDGE_CURVE ( 'NONE', #1820, #444, #1345, .T. ) ;
#2900 = CARTESIAN_POINT ( 'NONE',  ( -6.197923911045409184, -3.761414520215974111, 0.000000000000000000 ) ) ;
#2901 = ORIENTED_EDGE ( 'NONE', *, *, #1934, .F. ) ;
#2902 = ORIENTED_EDGE ( 'NONE', *, *, #1692, .T. ) ;
#2903 = ORIENTED_EDGE ( 'NONE', *, *, #731, .T. ) ;
#2904 = DIRECTION ( 'NONE',  ( 0.9510565162951534202, 0.3090169943749482284, 0.000000000000000000 ) ) ;
#2905 = AXIS2_PLACEMENT_3D ( 'NONE', #1838, #66, #275 ) ;
#2906 = EDGE_CURVE ( 'NONE', #297, #225, #369, .T. ) ;
#2907 = CARTESIAN_POINT ( 'NONE',  ( -8.533267465377180727, -6.941422502940973516, 0.000000000000000000 ) ) ;
#2908 = PLANE ( 'NONE',  #396 ) ;
#2909 = VERTEX_POINT ( 'NONE', #2932 ) ;
#2910 = DIRECTION ( 'NONE',  ( -0.000000000000000000, -0.000000000000000000, 1.000000000000000000 ) ) ;
#2911 = VECTOR ( 'NONE', #486, 1000.000000000000000 ) ;
#2912 = PLANE ( 'NONE',  #1330 ) ;
#2913 = CARTESIAN_POINT ( 'NONE',  ( -4.732234913465890536, 5.492581608294454298, 0.000000000000000000 ) ) ;
#2914 = EDGE_CURVE ( 'NONE', #2960, #2729, #1750, .T. ) ;
#2915 = ORIENTED_EDGE ( 'NONE', *, *, #227, .F. ) ;
#2916 = ORIENTED_EDGE ( 'NONE', *, *, #2906, .F. ) ;
#2917 = VECTOR ( 'NONE', #339, 1000.000000000000000 ) ;
#2918 = ORIENTED_EDGE ( 'NONE', *, *, #582, .T. ) ;
#2919 = CARTESIAN_POINT ( 'NONE',  ( -1.662053971582658773, -7.056916932736725379, 3.000000000000000000 ) ) ;
#2920 = VECTOR ( 'NONE', #2255, 1000.000000000000114 ) ;
#2921 = DIRECTION ( 'NONE',  ( 0.5877852522924769119, -0.8090169943749446757, -0.000000000000000000 ) ) ;
#2922 = DIRECTION ( 'NONE',  ( -0.9510565162951511997, -0.3090169943749548342, 0.000000000000000000 ) ) ;
#2923 = ORIENTED_EDGE ( 'NONE', *, *, #462, .F. ) ;
#2924 = PLANE ( 'NONE',  #610 ) ;
#2925 = DIRECTION ( 'NONE',  ( -0.5877852522924770229, 0.8090169943749445647, 0.000000000000000000 ) ) ;
#2926 = DIRECTION ( 'NONE',  ( 0.5877852522924770229, -0.8090169943749445647, -0.000000000000000000 ) ) ;
#2927 = VERTEX_POINT ( 'NONE', #629 ) ;
#2928 = ORIENTED_EDGE ( 'NONE', *, *, #1775, .T. ) ;
#2929 = ORIENTED_EDGE ( 'NONE', *, *, #2583, .T. ) ;
#2930 = ADVANCED_FACE ( 'NONE', ( #599 ), #1554, .F. ) ;
#2931 = LINE ( 'NONE', #2943, #916 ) ;
#2932 = CARTESIAN_POINT ( 'NONE',  ( -6.197923911045436718, 3.761414520215931034, 0.000000000000000000 ) ) ;
#2933 = VECTOR ( 'NONE', #1572, 999.9999999999998863 ) ;
#2934 = CARTESIAN_POINT ( 'NONE',  ( 7.056916932736696069, 1.662053971582785339, 3.000000000000000000 ) ) ;
#2935 = EDGE_LOOP ( 'NONE', ( #723, #2988, #1130, #361 ) ) ;
#2936 = DIRECTION ( 'NONE',  ( 0.000000000000000000, -0.000000000000000000, 1.000000000000000000 ) ) ;
#2937 = EDGE_CURVE ( 'NONE', #623, #2807, #2654, .T. ) ;
#2938 = FACE_OUTER_BOUND ( 'NONE', #1520, .T. ) ;
#2939 = DIRECTION ( 'NONE',  ( -0.8090169943749403458, -0.5877852522924830181, 0.000000000000000000 ) ) ;
#2940 = ORIENTED_EDGE ( 'NONE', *, *, #731, .F. ) ;
#2941 = VECTOR ( 'NONE', #208, 1000.000000000000000 ) ;
#2942 = VERTEX_POINT ( 'NONE', #2437 ) ;
#2943 = CARTESIAN_POINT ( 'NONE',  ( -1.662053971582710732, 7.056916932736714720, 0.000000000000000000 ) ) ;
#2944 = ORIENTED_EDGE ( 'NONE', *, *, #2420, .T. ) ;
#2945 = EDGE_CURVE ( 'NONE', #504, #623, #1069, .T. ) ;
#2946 = DIRECTION ( 'NONE',  ( -1.000000000000000000, 0.000000000000000000, 0.000000000000000000 ) ) ;
#2947 = CARTESIAN_POINT ( 'NONE',  ( -2.803321791136895946, 6.686096539486776180, 0.000000000000000000 ) ) ;
#2948 = VECTOR ( 'NONE', #1131, 1000.000000000000114 ) ;
#2949 = EDGE_CURVE ( 'NONE', #37, #137, #2681, .T. ) ;
#2950 = EDGE_LOOP ( 'NONE', ( #622, #1137, #2628, #1322 ) ) ;
#2951 = CARTESIAN_POINT ( 'NONE',  ( 7.225129756620297883, -0.5999999999999248157, 0.000000000000000000 ) ) ;
#2952 = DIRECTION ( 'NONE',  ( -0.000000000000000000, 0.000000000000000000, 1.000000000000000000 ) ) ;
#2953 = ORIENTED_EDGE ( 'NONE', *, *, #2243, .T. ) ;
#2954 = CARTESIAN_POINT ( 'NONE',  ( 0.6000000000000005329, -7.225129756620291666, 0.000000000000000000 ) ) ;
#2955 = DIRECTION ( 'NONE',  ( -0.000000000000000000, -0.000000000000000000, 1.000000000000000000 ) ) ;
#2956 = CARTESIAN_POINT ( 'NONE',  ( -5.970602109690942960, -9.238609768128213773, 0.000000000000000000 ) ) ;
#2957 = ORIENTED_EDGE ( 'NONE', *, *, #2556, .F. ) ;
#2958 = ORIENTED_EDGE ( 'NONE', *, *, #1022, .T. ) ;
#2959 = STYLED_ITEM ( 'NONE', ( #65 ), #2409 ) ;
#2960 = VERTEX_POINT ( 'NONE', #474 ) ;
#2961 = CARTESIAN_POINT ( 'NONE',  ( -2.823492619877220111, 10.63145754003179633, 0.000000000000000000 ) ) ;
#2962 = ORIENTED_EDGE ( 'NONE', *, *, #2891, .T. ) ;
#2963 = DIRECTION ( 'NONE',  ( 0.5877852522924742473, -0.8090169943749466741, 0.000000000000000000 ) ) ;
#2964 = LINE ( 'NONE', #1097, #2448 ) ;
#2965 = VERTEX_POINT ( 'NONE', #2538 ) ;
#2966 = CARTESIAN_POINT ( 'NONE',  ( 3.964760439431476602, -10.26063714678182670, 0.000000000000000000 ) ) ;
#2967 = EDGE_CURVE ( 'NONE', #2205, #2467, #2086, .T. ) ;
#2968 = FACE_OUTER_BOUND ( 'NONE', #2124, .T. ) ;
#2969 = ORIENTED_EDGE ( 'NONE', *, *, #1372, .T. ) ;
#2970 = LINE ( 'NONE', #896, #142 ) ;
#2971 = CARTESIAN_POINT ( 'NONE',  ( 0.6000000000000001998, -10.98362417419678394, 3.000000000000000000 ) ) ;
#2972 = ORIENTED_EDGE ( 'NONE', *, *, #2288, .T. ) ;
#2973 = ORIENTED_EDGE ( 'NONE', *, *, #2746, .F. ) ;
#2974 = EDGE_LOOP ( 'NONE', ( #1264, #942, #1727, #1102 ) ) ;
#2975 = VECTOR ( 'NONE', #436, 1000.000000000000000 ) ;
#2976 = CARTESIAN_POINT ( 'NONE',  ( 10.98362417419677683, 0.6000000000001152189, 0.000000000000000000 ) ) ;
#2977 = ORIENTED_EDGE ( 'NONE', *, *, #125, .T. ) ;
#2978 = PRODUCT_CONTEXT ( 'NONE', #571, 'mechanical' ) ;
#2979 = ADVANCED_FACE ( 'NONE', ( #1359 ), #2730, .F. ) ;
#2980 = LINE ( 'NONE', #2555, #568 ) ;
#2981 = CARTESIAN_POINT ( 'NONE',  ( 5.492581608294401896, 4.732234913465950044, 0.000000000000000000 ) ) ;
#2982 = LINE ( 'NONE', #2702, #988 ) ;
#2983 = ORIENTED_EDGE ( 'NONE', *, *, #1365, .T. ) ;
#2984 = EDGE_CURVE ( 'NONE', #1872, #910, #1856, .T. ) ;
#2985 = PLANE ( 'NONE',  #519 ) ;
#2986 = FACE_OUTER_BOUND ( 'NONE', #2816, .T. ) ;
#2987 = VERTEX_POINT ( 'NONE', #917 ) ;
#2988 = ORIENTED_EDGE ( 'NONE', *, *, #1039, .F. ) ;
#2989 = ORIENTED_EDGE ( 'NONE', *, *, #2299, .F. ) ;
#2990 = PLANE ( 'NONE',  #2905 ) ;
#2991 = ORIENTED_EDGE ( 'NONE', *, *, #948, .T. ) ;
#2992 = VECTOR ( 'NONE', #2754, 1000.000000000000000 ) ;
#2993 = VECTOR ( 'NONE', #2272, 1000.000000000000114 ) ;
#2994 = CARTESIAN_POINT ( 'NONE',  ( -2.823492619877141951, -10.63145754003181409, 3.000000000000000000 ) ) ;
#2995 = EDGE_CURVE ( 'NONE', #2290, #1586, #1188, .T. ) ;
#2996 = LINE ( 'NONE', #2540, #1793 ) ;
#2997 = VECTOR ( 'NONE', #847, 999.9999999999998863 ) ;
#2998 = VECTOR ( 'NONE', #2946, 1000.000000000000000 ) ;
#2999 = DIRECTION ( 'NONE',  ( -1.000000000000000000, 0.000000000000000000, 0.000000000000000000 ) ) ;
#3000 = ORIENTED_EDGE ( 'NONE', *, *, #1812, .F. ) ;
ENDSEC;
END-ISO-10303-21;
