ISO-10303-21;
HEADER;
FILE_DESCRIPTION (( 'STEP AP214' ),
    '1' );
FILE_NAME ('Hex pillar.STEP',
    '2022-09-05T23:12:54',
    ( '' ),
    ( '' ),
    'SwSTEP 2.0',
    'SolidWorks 2021',
    '' );
FILE_SCHEMA (( 'AUTOMOTIVE_DESIGN' ));
ENDSEC;

DATA;
#1 = CARTESIAN_POINT ( 'NONE',  ( -0.5713115420456499338, -5.817575431274137010, 1.064595083842313716 ) ) ;
#2 = VECTOR ( 'NONE', #885, 1000.000000000000000 ) ;
#3 = CARTESIAN_POINT ( 'NONE',  ( 1.654700538379216601, -5.288675150372472267, 3.280740182924143710E-07 ) ) ;
#4 = CARTESIAN_POINT ( 'NONE',  ( -0.4833235026602161200, -6.000000000000000888, 1.423389150623066701 ) ) ;
#5 = CARTESIAN_POINT ( 'NONE',  ( -0.6608267582940736684, -6.000000000000000000, -0.7533868040790253628 ) ) ;
#6 = CARTESIAN_POINT ( 'NONE',  ( 0.8660253046504658991, -5.580341817039136565, 0.5000001717050388539 ) ) ;
#7 = CARTESIAN_POINT ( 'NONE',  ( 2.467601232781798509E-07, -5.772467269937818557, -1.244579223341904406 ) ) ;
#8 = CARTESIAN_POINT ( 'NONE',  ( -0.8273505533100440346, -2.455341817039147223, 1.433012537855180568 ) ) ;
#9 = LINE ( 'NONE', #1023, #656 ) ;
#10 = EDGE_CURVE ( 'NONE', #242, #628, #1682, .T. ) ;
#11 = CARTESIAN_POINT ( 'NONE',  ( 1.982679115537212206E-07, -4.913675150372472267, -0.9999999999999802380 ) ) ;
#12 = APPLICATION_CONTEXT ( 'automotive_design' ) ;
#13 = UNCERTAINTY_MEASURE_WITH_UNIT (LENGTH_MEASURE( 1.000000000000000082E-05 ), #662, 'distance_accuracy_value', 'NONE');
#14 = CARTESIAN_POINT ( 'NONE',  ( 1.348249446910810612, -6.000000000000000000, 0.6647267944350491176 ) ) ;
#15 = CARTESIAN_POINT ( 'NONE',  ( -0.7517260248313918369, -6.000000000000000888, 1.301747389444807057 ) ) ;
#16 = CARTESIAN_POINT ( 'NONE',  ( -0.2984440291913454391, -5.804755500036138827, 1.184077528556898296 ) ) ;
#17 = CARTESIAN_POINT ( 'NONE',  ( -1.241025545844631539, -3.997008483705807969, 0.7165061048905779773 ) ) ;
#18 = CARTESIAN_POINT ( 'NONE',  ( -0.9935539099924608486, -6.000000000000000000, -0.1308980862218381558 ) ) ;
#19 = CARTESIAN_POINT ( 'NONE',  ( 0.9680166508139952386, -6.000000000000000000, 0.2592825578104160922 ) ) ;
#20 = CARTESIAN_POINT ( 'NONE',  ( -1.654700538379215935, -0.5386751503724824808, -3.280740179395799380E-07 ) ) ;
#21 = CARTESIAN_POINT ( 'NONE',  ( -1.982679171425451124E-07, -0.1636751503724820922, 0.9999999999999826805 ) ) ;
#22 = CARTESIAN_POINT ( 'NONE',  ( -1.654700538379216823, -3.038675150372478928, -3.280740189645435379E-07 ) ) ;
#23 = ORIENTED_EDGE ( 'NONE', *, *, #54, .F. ) ;
#24 = CARTESIAN_POINT ( 'NONE',  ( -0.1263194937756096925, -5.629440928392860144, -1.385150419362529695 ) ) ;
#25 = CARTESIAN_POINT ( 'NONE',  ( -0.5773504674575261619, -4.205341817039140118, 0.9999998855299491174 ) ) ;
#26 = ORIENTED_EDGE ( 'NONE', *, *, #93, .F. ) ;
#27 = CARTESIAN_POINT ( 'NONE',  ( -1.192661447462829205, -5.500000000000000000, 0.9149846742274139189 ) ) ;
#28 = CARTESIAN_POINT ( 'NONE',  ( 0.8273505533100482534, -3.205341817039142782, -1.433012537855175905 ) ) ;
#29 = CARTESIAN_POINT ( 'NONE',  ( 0.1963471293327591627, -5.500000000000000000, -1.490330864988698822 ) ) ;
#30 = CARTESIAN_POINT ( 'NONE',  ( 0.8988329646072007462, -6.000000000000000000, 0.4431511962900324675 ) ) ;
#31 = CARTESIAN_POINT ( 'NONE',  ( -1.241025545844629985, -1.497008483705813520, 0.7165061048905809749 ) ) ;
#32 = CARTESIAN_POINT ( 'NONE',  ( 0.3396898897848232846, -5.779486448639389984, 1.193029718151451313 ) ) ;
#33 = CARTESIAN_POINT ( 'NONE',  ( -2.841204351697363719E-07, -1.413675150372483147, 1.433012701892190988 ) ) ;
#34 = CARTESIAN_POINT ( 'NONE',  ( -0.9352217037709604774, -5.596379509088364124, -1.071282549192599687 ) ) ;
#35 = CARTESIAN_POINT ( 'NONE',  ( 0.5773500709217029847, -5.122008483705806192, 1.000000114470013024 ) ) ;
#36 = EDGE_LOOP ( 'NONE', ( #1584, #1240, #633, #399 ) ) ;
#37 = FACE_OUTER_BOUND ( 'NONE', #1439, .T. ) ;
#38 = CARTESIAN_POINT ( 'NONE',  ( 0.5773504674575266060, -5.455341817039138341, -0.9999998855299481182 ) ) ;
#39 = B_SPLINE_CURVE_WITH_KNOTS ( 'NONE', 3,
 ( #328, #283, #803, #837, #669, #1469, #2014, #1826, #501, #2188 ),
 .UNSPECIFIED., .F., .F.,
 ( 4, 2, 2, 2, 4 ),
 ( 3.530522545999995249E-17, 0.0003623277218791126002, 0.0007246554437581899637, 0.001086983165637267273, 0.001449310887516344582 ),
 .UNSPECIFIED. ) ;
#40 = PRESENTATION_LAYER_ASSIGNMENT (  '', '', ( #437 ) ) ;
#41 = CARTESIAN_POINT ( 'NONE',  ( 1.241025261724194584, -3.830341817039141894, 0.7165065970016111230 ) ) ;
#42 = CARTESIAN_POINT ( 'NONE',  ( -1.500000000000001110, -6.000000000000000888, 0.09817475406221790046 ) ) ;
#43 = CARTESIAN_POINT ( 'NONE',  ( 0.5011506832209289275, -6.000000000000000000, 0.8678315929632056669 ) ) ;
#44 = CARTESIAN_POINT ( 'NONE',  ( -1.154700538379228814, -3.288675150372475375, -2.289400632406239294E-07 ) ) ;
#45 = CARTESIAN_POINT ( 'NONE',  ( 1.301747389444807279, -5.500000000000000000, 0.7517260248313923920 ) ) ;
#46 = LINE ( 'NONE', #1095, #1977 ) ;
#47 = VERTEX_POINT ( 'NONE', #858 ) ;
#48 = CARTESIAN_POINT ( 'NONE',  ( -0.8273499850691726776, -5.622008483705804416, -1.433012865929198965 ) ) ;
#49 = CARTESIAN_POINT ( 'NONE',  ( 0.9489261004153733969, -6.000000000000000000, -0.3222156684401471516 ) ) ;
#50 = CARTESIAN_POINT ( 'NONE',  ( -1.982679111775010286E-07, -2.663675150372477152, 0.9999999999999817923 ) ) ;
#51 = CARTESIAN_POINT ( 'NONE',  ( -1.423389150623059818, -5.500000000000000000, -0.4833235026602186735 ) ) ;
#52 = CARTESIAN_POINT ( 'NONE',  ( -1.154700538379229036, -3.788675150372475375, -2.289400665895978617E-07 ) ) ;
#53 = CARTESIAN_POINT ( 'NONE',  ( 2.841204357692035586E-07, -3.163675150372476708, -1.433012701892188323 ) ) ;
#54 = EDGE_CURVE ( 'NONE', #1484, #969, #1532, .T. ) ;
#55 = CARTESIAN_POINT ( 'NONE',  ( 0.9149846742274106992, -5.500000000000000000, -1.192661447462831426 ) ) ;
#56 = CARTESIAN_POINT ( 'NONE',  ( 0.8660255029183782094, -2.497008483705810633, -0.4999998282949404405 ) ) ;
#57 = FILL_AREA_STYLE_COLOUR ( '', #1470 ) ;
#58 = CARTESIAN_POINT ( 'NONE',  ( 1.241025261724195250, -0.3303418170391521080, 0.7165065970016121222 ) ) ;
#59 = ORIENTED_EDGE ( 'NONE', *, *, #559, .T. ) ;
#60 = CARTESIAN_POINT ( 'NONE',  ( 2.841204353263942685E-07, -6.163675150372470490, -1.433012701892189211 ) ) ;
#61 = CARTESIAN_POINT ( 'NONE',  ( 1.154700538379229702, -1.538675150372478928, 2.289400657710062691E-07 ) ) ;
#62 = CARTESIAN_POINT ( 'NONE',  ( 0.8273505533100491416, -2.205341817039145003, -1.433012537855175017 ) ) ;
#63 = CARTESIAN_POINT ( 'NONE',  ( 1.452024976220993802, -5.500000000000000000, 0.3889238367156237497 ) ) ;
#64 = CARTESIAN_POINT ( 'NONE',  ( -0.5773504674575260509, -4.205341817039140118, 0.9999998855299488953 ) ) ;
#65 = CARTESIAN_POINT ( 'NONE',  ( 1.130080206118535768, -5.500000000000000000, 0.9912401374411075050 ) ) ;
#66 = CARTESIAN_POINT ( 'NONE',  ( 1.982679114409641947E-07, -5.913675150372469602, -0.9999999999999806821 ) ) ;
#67 = CARTESIAN_POINT ( 'NONE',  ( 0.9999273861542153918, -5.999999999999999112, -0.1322421399603494752 ) ) ;
#68 = VERTEX_POINT ( 'NONE', #183 ) ;
#69 = CARTESIAN_POINT ( 'NONE',  ( -2.841204353414739960E-07, -4.413675150372474043, 1.433012701892189877 ) ) ;
#70 = CARTESIAN_POINT ( 'NONE',  ( 0.1963471293327584133, -5.500000000000000000, 1.490330864988699267 ) ) ;
#71 = CARTESIAN_POINT ( 'NONE',  ( 0.9935539099924662887, -6.000000000000000000, -0.1308980862218405428 ) ) ;
#72 = CARTESIAN_POINT ( 'NONE',  ( -1.154700538379228814, -2.788675150372476708, -2.289400630740905551E-07 ) ) ;
#73 =( BOUNDED_CURVE ( )  B_SPLINE_CURVE ( 2, ( #1440, #415, #90 ),
 .UNSPECIFIED., .F., .T. ) 
 B_SPLINE_CURVE_WITH_KNOTS ( ( 3, 3 ),
 ( 0.000000000000000000, 0.4640942887850629806 ),
 .UNSPECIFIED. ) 
 CURVE ( )  GEOMETRIC_REPRESENTATION_ITEM ( )  RATIONAL_B_SPLINE_CURVE ( ( 1.000000000000000000, 0.5523139221504302920, 0.5201649480980014006 ) ) 
 REPRESENTATION_ITEM ( '' )  );
#74 = CARTESIAN_POINT ( 'NONE',  ( -2.841204412517856165E-07, -1.413675150372480704, 1.433012701892190766 ) ) ;
#75 = CARTESIAN_POINT ( 'NONE',  ( 1.130080206118535768, -5.500000000000000000, 0.9912401374411075050 ) ) ;
#76 = CARTESIAN_POINT ( 'NONE',  ( -0.8660255029183772102, -2.747008483705810189, 0.4999998282949430495 ) ) ;
#77 = AXIS2_PLACEMENT_3D ( 'NONE', #489, #1149, #996 ) ;
#78 = CARTESIAN_POINT ( 'NONE',  ( 0.6647267944350473412, -5.500000000000000000, 1.348249446910802174 ) ) ;
#79 = SURFACE_STYLE_USAGE ( .BOTH. , #1105 ) ;
#80 = COLOUR_RGB ( '',0.6470588235294117974, 0.5176470588235293491, 0.000000000000000000 ) ;
#81 = CARTESIAN_POINT ( 'NONE',  ( 0.8273499850691731217, -0.3720084837058185157, 1.433012865929201185 ) ) ;
#82 = CARTESIAN_POINT ( 'NONE',  ( 2.841204353827727814E-07, -5.663675150372471379, -1.433012701892188989 ) ) ;
#83 = CARTESIAN_POINT ( 'NONE',  ( 1.154700538379229702, -2.538675150372477152, 2.289400654379393882E-07 ) ) ;
#84 = EDGE_CURVE ( 'NONE', #280, #2096, #2205, .T. ) ;
#85 = CARTESIAN_POINT ( 'NONE',  ( -0.5773500709217015414, -4.372008483705806192, -1.000000114470013024 ) ) ;
#86 = CARTESIAN_POINT ( 'NONE',  ( -0.7517260248313930582, -5.500000000000000000, -1.301747389444806613 ) ) ;
#87 = CARTESIAN_POINT ( 'NONE',  ( 0.8660255029183780984, -3.497008483705808413, -0.4999998282949407735 ) ) ;
#88 = CARTESIAN_POINT ( 'NONE',  ( -0.9744193220887354956, -6.000000000000000888, -0.2604798378044871354 ) ) ;
#89 = CARTESIAN_POINT ( 'NONE',  ( -0.2592825578104159812, -6.000000000000000000, 0.9680166508139952386 ) ) ;
#90 = CARTESIAN_POINT ( 'NONE',  ( -2.473534505469849736E-14, -5.792966144998361600, 1.223938596436646487 ) ) ;
#91 = CARTESIAN_POINT ( 'NONE',  ( -0.8660255029183774322, -3.247008483705808857, 0.4999998282949429385 ) ) ;
#92 = CARTESIAN_POINT ( 'NONE',  ( 0.3437520219964566026, 4.048042987091861568E-15, 1.203754624521274241 ) ) ;
#93 = EDGE_CURVE ( 'NONE', #1512, #1050, #2071, .T. ) ;
#94 = CARTESIAN_POINT ( 'NONE',  ( 0.8273499850691611313, -1.372008483705813076, 1.433012865929207402 ) ) ;
#95 = CARTESIAN_POINT ( 'NONE',  ( 0.7951076316418852485, -6.000000000000000000, -0.6099897828182738735 ) ) ;
#96 = CARTESIAN_POINT ( 'NONE',  ( 1.154700538379229480, -2.038675150372478040, 2.289400656044727360E-07 ) ) ;
#97 = MANIFOLD_SOLID_BREP ( 'Cut-Sweep1', #2227 ) ;
#98 = CARTESIAN_POINT ( 'NONE',  ( -1.130080206118540431, -5.500000000000000000, -0.9912401374411021759 ) ) ;
#99 = CARTESIAN_POINT ( 'NONE',  ( 0.5011506832209309259, -6.000000000000000000, -0.8678315929632055559 ) ) ;
#100 = ORIENTED_EDGE ( 'NONE', *, *, #2207, .F. ) ;
#101 = CARTESIAN_POINT ( 'NONE',  ( 0.8273505533100449227, -1.705341817039146113, -1.433012537855177015 ) ) ;
#102 = CARTESIAN_POINT ( 'NONE',  ( 0.5773504674575312690, -1.955341817039144781, -0.9999998855299444545 ) ) ;
#103 = CARTESIAN_POINT ( 'NONE',  ( 2.841204356056848010E-07, -5.163675150372473155, -1.433012701892188989 ) ) ;
#104 = CARTESIAN_POINT ( 'NONE',  ( 0.000000000000000000, -5.500000000000000000, -1.500000000000000222 ) ) ;
#105 = ORIENTED_EDGE ( 'NONE', *, *, #647, .T. ) ;
#106 = CARTESIAN_POINT ( 'NONE',  ( -0.9149846742274163613, -5.500000000000000000, -1.192661447462827429 ) ) ;
#107 = CARTESIAN_POINT ( 'NONE',  ( 0.8660255029183783204, -0.9970084837058138527, -0.4999998282949398853 ) ) ;
#108 = CARTESIAN_POINT ( 'NONE',  ( 1.299037956975743757, -0.2916666824443314154, 0.7500002575574831187 ) ) ;
#109 = CARTESIAN_POINT ( 'NONE',  ( -0.7533868040790271392, -6.000000000000000000, 0.6608267582940646756 ) ) ;
#110 = CARTESIAN_POINT ( 'NONE',  ( -1.241025545844630207, -3.497008483705809301, 0.7165061048905803087 ) ) ;
#111 = AXIS2_PLACEMENT_3D ( 'NONE', #1983, #979, #2180 ) ;
#112 = CARTESIAN_POINT ( 'NONE',  ( -1.154700538379229036, -1.788675150372478262, -2.289400711570647140E-07 ) ) ;
#113 = CARTESIAN_POINT ( 'NONE',  ( -0.5773500709217024296, -0.3720084837058150184, -1.000000114470010804 ) ) ;
#114 = CARTESIAN_POINT ( 'NONE',  ( 1.654700538379148211, -0.2886751503724778178, 3.280739123157151217E-07 ) ) ;
#115 = CARTESIAN_POINT ( 'NONE',  ( -1.490330864988698600, -5.500000000000000000, 0.1963471293327613276 ) ) ;
#116 = CARTESIAN_POINT ( 'NONE',  ( 0.000000000000000000, -6.000000000000000000, -1.000000000000000222 ) ) ;
#117 = CARTESIAN_POINT ( 'NONE',  ( 0.8660253046504664542, -0.5803418170391480002, 0.5000001717050405192 ) ) ;
#118 = DIRECTION ( 'NONE',  ( -0.9999999999999803491, 4.458239993625174440E-16, -1.982679113608450423E-07 ) ) ;
#119 = CARTESIAN_POINT ( 'NONE',  ( 0.8660253046505328456, -0.08034181703913800821, 0.5000001717049261662 ) ) ;
#120 = CARTESIAN_POINT ( 'NONE',  ( 2.841204356646653463E-07, -3.163675150372476708, -1.433012701892188101 ) ) ;
#121 = CARTESIAN_POINT ( 'NONE',  ( -0.7517260248313918369, -6.000000000000000888, 1.301747389444807057 ) ) ;
#122 = CARTESIAN_POINT ( 'NONE',  ( -1.154700538379229036, -3.288675150372475375, -2.289400708082049038E-07 ) ) ;
#123 = CARTESIAN_POINT ( 'NONE',  ( -1.241025261724194584, -4.580341817039141006, -0.7165065970016092356 ) ) ;
#124 = CARTESIAN_POINT ( 'NONE',  ( 2.349999999999999645, 30.00000000000000000, -1.356773132595620490 ) ) ;
#125 = CARTESIAN_POINT ( 'NONE',  ( -1.452024976220992691, -5.500000000000000000, 0.3889238367156273579 ) ) ;
#126 = ORIENTED_EDGE ( 'NONE', *, *, #1928, .F. ) ;
#127 = CARTESIAN_POINT ( 'NONE',  ( -0.9912401374411038413, -5.500000000000000000, 1.130080206118539321 ) ) ;
#128 = CARTESIAN_POINT ( 'NONE',  ( -0.5773500709217024296, -0.8720084837058137417, -1.000000114470010804 ) ) ;
#129 = CARTESIAN_POINT ( 'NONE',  ( 0.06544983604149902379, -6.000000000000000000, -1.000000000000000222 ) ) ;
#130 = CARTESIAN_POINT ( 'NONE',  ( 0.000000000000000000, -5.500000000000000000, -1.500000000000000222 ) ) ;
#131 = CARTESIAN_POINT ( 'NONE',  ( 0.8678315929632057779, -6.000000000000000000, -0.5011506832209305928 ) ) ;
#132 = CARTESIAN_POINT ( 'NONE',  ( -1.654700538379216379, -4.038675150372475819, -3.280740191053141139E-07 ) ) ;
#133 = CARTESIAN_POINT ( 'NONE',  ( -1.192661447462826318, -6.000000000000000888, 0.9149846742274155842 ) ) ;
#134 = CARTESIAN_POINT ( 'NONE',  ( 1.982679135501193262E-07, -2.413675150372477152, -0.9999999999999796829 ) ) ;
#135 = CARTESIAN_POINT ( 'NONE',  ( -1.241025261724194806, -5.580341817039139229, -0.7165065970016095687 ) ) ;
#136 = CARTESIAN_POINT ( 'NONE',  ( -2.349999999999999201, 0.000000000000000000, 1.356773132595621600 ) ) ;
#137 = CARTESIAN_POINT ( 'NONE',  ( -1.654700538379216157, -1.038675150372481149, -3.280740286659786480E-07 ) ) ;
#138 = CARTESIAN_POINT ( 'NONE',  ( -0.06544983604149909318, -6.000000000000000000, -1.000000000000000222 ) ) ;
#139 =( BOUNDED_SURFACE ( )  B_SPLINE_SURFACE ( 1, 2, ( 
 ( #1878, #1037, #1213, #187, #1917, #1226, #1535, #1401, #2225, #1239, #1743, #541, #1903, #1389, #2063, #368, #1024, #2074, #1053, #35, #1523, #1063, #2088, #1731, #11, #1708, #875, #566, #200, #212, #331, #172, #862, #887, #1890, #1694, #1560, #1010, #694, #1201, #161, #25, #850, #1378, #718, #2216, #1366, #518, #355, #1719, #1277, #1754, #1786, #1929, #762, #1457, #1087, #2125, #586, #263, #944, #1623, #416, #2146, #91, #615, #597, #1261, #743, #929, #1286, #772, #224, #1958, #577, #72, #1967, #392, #50, #1607, #1076, #83, #1116, #1794, #423, #1108, #907, #252, #1938, #1424, #1441, #432, #1449, #1587, #935, #401, #1615, #782, #2107, #1769, #2134, #235, #606, #919, #1596, #61, #753, #1432, #2116, #1269, #1951, #1098, #1777, #244, #1499, #1845, #316, #1678, #2199, #2158, #1667, #1468, #1127, #657, #1814, #967, #462, #293, #995, #2187, #985, #2013, #147, #113, #476, #1482, #823, #1341, #636, #1633, #273, #836, #1509, #1804, #2170 ),
 ( #1297, #1979, #135, #802, #956, #1835, #1317, #1644, #813, #2002, #2023, #453, #103, #1148, #626, #792, #1825, #487, #1170, #977, #305, #443, #1306, #1655, #1989, #1138, #123, #282, #1491, #2178, #645, #1158, #1328, #1875, #1547, #353, #691, #327, #1061, #1717, #1375, #1533, #341, #1521, #1236, #2223, #1558, #705, #1007, #1888, #539, #2072, #2086, #170, #1740, #1387, #1223, #1035, #859, #365, #1859, #2213, #1363, #22, #668, #184, #208, #2050, #873, #2061, #1914, #379, #894, #529, #1571, #1350, #2035, #8, #680, #1692, #1900, #716, #1730, #1183, #1049, #513, #197, #1398, #500, #158, #884, #848, #550, #1197, #1021, #1705, #1210, #741, #1935, #1765, #1074, #1595, #33, #413, #250, #604, #1283, #430, #942, #905, #420, #221, #2095, #1613, #574, #398, #1430, #1266, #1965, #933, #1956, #759, #1114, #1084, #1438, #233, #1784, #81, #58, #389, #1248, #1792, #260, #563, #916, #727, #1410, #770, #1925, #1583, #750, #2114, #584, #1447, #927 ) ),
 .UNSPECIFIED., .F., .F., .F. ) 
 B_SPLINE_SURFACE_WITH_KNOTS ( ( 2, 2 ),
 ( 3, 2, 2, 2, 2, 2, 2, 2, 2, 2, 2, 2, 2, 2, 2, 2, 2, 2, 2, 2, 2, 2, 2, 2, 2, 2, 2, 2, 2, 2, 2, 2, 2, 2, 2, 2, 2, 2, 2, 2, 2, 2, 2, 2, 2, 2, 2, 2, 2, 2, 2, 2, 2, 2, 2, 2, 2, 2, 2, 2, 2, 2, 2, 2, 2, 2, 2, 2, 2, 2, 2, 2, 3 ),
 ( 0.000000000000000000, 1.000000000000000000 ),
 ( 0.000000000000000000, 0.01388888888888888812, 0.02777777777777777624, 0.04166666666666666435, 0.05555555555555555247, 0.06944444444444444753, 0.08333333333333332871, 0.09722222222222222376, 0.1111111111111111049, 0.1250000000000000000, 0.1388888888888888951, 0.1527777777777777901, 0.1666666666666666574, 0.1805555555555555525, 0.1944444444444444475, 0.2083333333333333426, 0.2222222222222222099, 0.2361111111111111049, 0.2500000000000000000, 0.2638888888888888951, 0.2777777777777777901, 0.2916666666666666852, 0.3055555555555555802, 0.3194444444444444198, 0.3333333333333333148, 0.3472222222222222099, 0.3611111111111111049, 0.3750000000000000000, 0.3888888888888888951, 0.4027777777777777901, 0.4166666666666666852, 0.4305555555555555802, 0.4444444444444444198, 0.4583333333333333148, 0.4722222222222222099, 0.4861111111111111049, 0.5000000000000000000, 0.5138888888888888395, 0.5277777777777777901, 0.5416666666666666297, 0.5555555555555555802, 0.5694444444444444198, 0.5833333333333333703, 0.5972222222222222099, 0.6111111111111111605, 0.6250000000000000000, 0.6388888888888888395, 0.6527777777777777901, 0.6666666666666666297, 0.6805555555555555802, 0.6944444444444444198, 0.7083333333333333703, 0.7222222222222222099, 0.7361111111111111605, 0.7500000000000000000, 0.7638888888888888395, 0.7777777777777777901, 0.7916666666666666297, 0.8055555555555555802, 0.8194444444444444198, 0.8333333333333333703, 0.8472222222222222099, 0.8611111111111111605, 0.8750000000000000000, 0.8888888888888888395, 0.9027777777777777901, 0.9166666666666666297, 0.9305555555555555802, 0.9444444444444444198, 0.9583333333333333703, 0.9722222222222222099, 0.9861111111111111605, 1.000000000000000000 ),
 .UNSPECIFIED. ) 
 GEOMETRIC_REPRESENTATION_ITEM ( )  RATIONAL_B_SPLINE_SURFACE ( (
 ( 1.000000000000000000, 0.8660254037844387076, 1.000000000000000000, 0.8660254037844387076, 1.000000000000000000, 0.8660254037844387076, 1.000000000000000000, 0.8660254037844387076, 1.000000000000000000, 0.8660254037844387076, 1.000000000000000000, 0.8660254037844387076, 1.000000000000000000, 0.8660254037844387076, 1.000000000000000000, 0.8660254037844387076, 1.000000000000000000, 0.8660254037844387076, 1.000000000000000000, 0.8660254037844387076, 1.000000000000000000, 0.8660254037844387076, 1.000000000000000000, 0.8660254037844387076, 1.000000000000000000, 0.8660254037844387076, 1.000000000000000000, 0.8660254037844387076, 1.000000000000000000, 0.8660254037844387076, 1.000000000000000000, 0.8660254037844387076, 1.000000000000000000, 0.8660254037844387076, 1.000000000000000000, 0.8660254037844387076, 1.000000000000000000, 0.8660254037844387076, 1.000000000000000000, 0.8660254037844387076, 1.000000000000000000, 0.8660254037844387076, 1.000000000000000000, 0.8660254037844387076, 1.000000000000000000, 0.8660254037844387076, 1.000000000000000000, 0.8660254037844387076, 1.000000000000000000, 0.8660254037844387076, 1.000000000000000000, 0.8660254037844387076, 1.000000000000000000, 0.8660254037844387076, 1.000000000000000000, 0.8660254037844387076, 1.000000000000000000, 0.8660254037844387076, 1.000000000000000000, 0.8660254037844387076, 1.000000000000000000, 0.8660254037844387076, 1.000000000000000000, 0.8660254037844387076, 1.000000000000000000, 0.8660254037844387076, 1.000000000000000000, 0.8660254037844387076, 1.000000000000000000, 0.8660254037844387076, 1.000000000000000000, 0.8660254037844387076, 1.000000000000000000, 0.8660254037844387076, 1.000000000000000000, 0.8660254037844387076, 1.000000000000000000, 0.8660254037844387076, 1.000000000000000000, 0.8660254037844387076, 1.000000000000000000, 0.8660254037844387076, 1.000000000000000000, 0.8660254037844387076, 1.000000000000000000, 0.8660254037844387076, 1.000000000000000000, 0.8660254037844387076, 1.000000000000000000, 0.8660254037844387076, 1.000000000000000000, 0.8660254037844387076, 1.000000000000000000, 0.8660254037844387076, 1.000000000000000000, 0.8660254037844387076, 1.000000000000000000, 0.8660254037844387076, 1.000000000000000000, 0.8660254037844387076, 1.000000000000000000, 0.8660254037844387076, 1.000000000000000000, 0.8660254037844387076, 1.000000000000000000, 0.8660254037844387076, 1.000000000000000000, 0.8660254037844387076, 1.000000000000000000, 0.8660254037844387076, 1.000000000000000000, 0.8660254037844387076, 1.000000000000000000, 0.8660254037844387076, 1.000000000000000000, 0.8660254037844387076, 1.000000000000000000, 0.8660254037844387076, 1.000000000000000000, 0.8660254037844387076, 1.000000000000000000, 0.8660254037844387076, 1.000000000000000000, 0.8660254037844387076, 1.000000000000000000, 0.8660254037844387076, 1.000000000000000000, 0.8660254037844387076, 1.000000000000000000, 0.8660254037844387076, 1.000000000000000000, 0.8660254037844387076, 1.000000000000000000, 0.8660254037844387076, 1.000000000000000000, 0.8660254037844387076, 1.000000000000000000, 0.8660254037844387076, 1.000000000000000000, 0.8660254037844387076, 1.000000000000000000, 0.8660254037844387076, 1.000000000000000000, 0.8660254037844387076, 1.000000000000000000),
 ( 1.000000000000000000, 0.8660254037844387076, 1.000000000000000000, 0.8660254037844387076, 1.000000000000000000, 0.8660254037844387076, 1.000000000000000000, 0.8660254037844387076, 1.000000000000000000, 0.8660254037844387076, 1.000000000000000000, 0.8660254037844387076, 1.000000000000000000, 0.8660254037844387076, 1.000000000000000000, 0.8660254037844387076, 1.000000000000000000, 0.8660254037844387076, 1.000000000000000000, 0.8660254037844387076, 1.000000000000000000, 0.8660254037844387076, 1.000000000000000000, 0.8660254037844387076, 1.000000000000000000, 0.8660254037844387076, 1.000000000000000000, 0.8660254037844387076, 1.000000000000000000, 0.8660254037844387076, 1.000000000000000000, 0.8660254037844387076, 1.000000000000000000, 0.8660254037844387076, 1.000000000000000000, 0.8660254037844387076, 1.000000000000000000, 0.8660254037844387076, 1.000000000000000000, 0.8660254037844387076, 1.000000000000000000, 0.8660254037844387076, 1.000000000000000000, 0.8660254037844387076, 1.000000000000000000, 0.8660254037844387076, 1.000000000000000000, 0.8660254037844387076, 1.000000000000000000, 0.8660254037844387076, 1.000000000000000000, 0.8660254037844387076, 1.000000000000000000, 0.8660254037844387076, 1.000000000000000000, 0.8660254037844387076, 1.000000000000000000, 0.8660254037844387076, 1.000000000000000000, 0.8660254037844387076, 1.000000000000000000, 0.8660254037844387076, 1.000000000000000000, 0.8660254037844387076, 1.000000000000000000, 0.8660254037844387076, 1.000000000000000000, 0.8660254037844387076, 1.000000000000000000, 0.8660254037844387076, 1.000000000000000000, 0.8660254037844387076, 1.000000000000000000, 0.8660254037844387076, 1.000000000000000000, 0.8660254037844387076, 1.000000000000000000, 0.8660254037844387076, 1.000000000000000000, 0.8660254037844387076, 1.000000000000000000, 0.8660254037844387076, 1.000000000000000000, 0.8660254037844387076, 1.000000000000000000, 0.8660254037844387076, 1.000000000000000000, 0.8660254037844387076, 1.000000000000000000, 0.8660254037844387076, 1.000000000000000000, 0.8660254037844387076, 1.000000000000000000, 0.8660254037844387076, 1.000000000000000000, 0.8660254037844387076, 1.000000000000000000, 0.8660254037844387076, 1.000000000000000000, 0.8660254037844387076, 1.000000000000000000, 0.8660254037844387076, 1.000000000000000000, 0.8660254037844387076, 1.000000000000000000, 0.8660254037844387076, 1.000000000000000000, 0.8660254037844387076, 1.000000000000000000, 0.8660254037844387076, 1.000000000000000000, 0.8660254037844387076, 1.000000000000000000, 0.8660254037844387076, 1.000000000000000000, 0.8660254037844387076, 1.000000000000000000, 0.8660254037844387076, 1.000000000000000000, 0.8660254037844387076, 1.000000000000000000, 0.8660254037844387076, 1.000000000000000000, 0.8660254037844387076, 1.000000000000000000, 0.8660254037844387076, 1.000000000000000000, 0.8660254037844387076, 1.000000000000000000, 0.8660254037844387076, 1.000000000000000000, 0.8660254037844387076, 1.000000000000000000, 0.8660254037844387076, 1.000000000000000000, 0.8660254037844387076, 1.000000000000000000, 0.8660254037844387076, 1.000000000000000000, 0.8660254037844387076, 1.000000000000000000, 0.8660254037844387076, 1.000000000000000000, 0.8660254037844387076, 1.000000000000000000) ) ) 
 REPRESENTATION_ITEM ( '' )  SURFACE ( )  );
#140 = CARTESIAN_POINT ( 'NONE',  ( -1.348249446910800176, -6.000000000000000888, -0.6647267944350447877 ) ) ;
#141 = CARTESIAN_POINT ( 'NONE',  ( 0.8660253046504663432, -2.080341817039145003, 0.5000001717050400751 ) ) ;
#142 = CARTESIAN_POINT ( 'NONE',  ( -0.8273505533100438125, -5.455341817039138341, 1.433012537855179680 ) ) ;
#143 = CARTESIAN_POINT ( 'NONE',  ( 0.6647267944350492286, -6.000000000000000888, -1.348249446910801064 ) ) ;
#144 = CARTESIAN_POINT ( 'NONE',  ( 0.6647267944350492286, -6.000000000000000888, -1.348249446910801064 ) ) ;
#145 = CARTESIAN_POINT ( 'NONE',  ( 2.841204357774223722E-07, -2.163675150372478484, -1.433012701892187879 ) ) ;
#146 = CARTESIAN_POINT ( 'NONE',  ( -0.5773500709216963234, -1.372008483705813076, -1.000000114470014578 ) ) ;
#147 = CARTESIAN_POINT ( 'NONE',  ( 1.982679120611278374E-07, -0.4136751503724814816, -0.9999999999999790168 ) ) ;
#148 = DIRECTION ( 'NONE',  ( 0.8660254037844384856, 0.000000000000000000, 0.5000000000000001110 ) ) ;
#149 = VECTOR ( 'NONE', #2159, 1000.000000000000000 ) ;
#150 = FACE_OUTER_BOUND ( 'NONE', #36, .T. ) ;
#151 = CARTESIAN_POINT ( 'NONE',  ( 1.490330864988693493, -6.000000000000000888, 0.1963471293327578859 ) ) ;
#152 = CARTESIAN_POINT ( 'NONE',  ( 1.130080206118535768, -5.500000000000000000, 0.9912401374411075050 ) ) ;
#153 = CARTESIAN_POINT ( 'NONE',  ( -0.8273505533100471432, -4.455341817039140118, 1.433012537855178126 ) ) ;
#154 = CARTESIAN_POINT ( 'NONE',  ( -0.9680166508139933512, -6.000000000000000000, 0.2592825578104179796 ) ) ;
#155 = CARTESIAN_POINT ( 'NONE',  ( 1.348249446910810612, -6.000000000000000000, 0.6647267944350491176 ) ) ;
#156 = CARTESIAN_POINT ( 'NONE',  ( 1.241025545844631317, -1.247008483705814186, -0.7165061048905773111 ) ) ;
#157 = CARTESIAN_POINT ( 'NONE',  ( 0.8660255029183823172, -0.9970084837058138527, -0.4999998282949333905 ) ) ;
#158 = CARTESIAN_POINT ( 'NONE',  ( -0.8273505533100439235, -1.955341817039148777, 1.433012537855180790 ) ) ;
#159 = VERTEX_POINT ( 'NONE', #1429 ) ;
#160 = LINE ( 'NONE', #2224, #834 ) ;
#161 = CARTESIAN_POINT ( 'NONE',  ( -0.8660255029183775433, -4.247008483705806192, 0.4999998282949426054 ) ) ;
#162 = CARTESIAN_POINT ( 'NONE',  ( -0.6608267582940736684, -6.000000000000000000, -0.7533868040790253628 ) ) ;
#163 = CARTESIAN_POINT ( 'NONE',  ( -1.490330864988691939, -6.000000000000000888, -0.1963471293327595790 ) ) ;
#164 = ORIENTED_EDGE ( 'NONE', *, *, #2075, .F. ) ;
#165 = DIRECTION ( 'NONE',  ( -0.000000000000000000, 1.000000000000000000, -0.000000000000000000 ) ) ;
#166 = CARTESIAN_POINT ( 'NONE',  ( 1.301747389444807723, -6.000000000000000888, -0.7517260248313877291 ) ) ;
#167 = CARTESIAN_POINT ( 'NONE',  ( 1.500000000000001110, -6.000000000000000888, -0.09817475406222028744 ) ) ;
#168 = CARTESIAN_POINT ( 'NONE',  ( -1.154700538379228814, -5.288675150372471379, -2.289400639067577441E-07 ) ) ;
#169 = CARTESIAN_POINT ( 'NONE',  ( 0.8660253046504631236, -0.5803418170391480002, 0.5000001717050464034 ) ) ;
#170 = CARTESIAN_POINT ( 'NONE',  ( -0.8273505533100441456, -3.455341817039145891, 1.433012537855180124 ) ) ;
#171 = LINE ( 'NONE', #1036, #408 ) ;
#172 = CARTESIAN_POINT ( 'NONE',  ( 0.5773500709217029847, -4.622008483705806192, 1.000000114470013246 ) ) ;
#173 = EDGE_LOOP ( 'NONE', ( #555, #1641, #100, #164 ) ) ;
#174 = PRODUCT_DEFINITION_CONTEXT ( 'detailed design', #409, 'design' ) ;
#175 = CARTESIAN_POINT ( 'NONE',  ( -0.9680166508140009007, -6.000000000000000000, -0.2592825578104167583 ) ) ;
#176 = CARTESIAN_POINT ( 'NONE',  ( -1.130080206118531105, -6.000000000000000888, -0.9912401374410924060 ) ) ;
#177 = CARTESIAN_POINT ( 'NONE',  ( -0.5773500709217022075, -5.372008483705803528, -1.000000114470013024 ) ) ;
#178 = DIRECTION ( 'NONE',  ( -0.8660254037844383745, 0.000000000000000000, 0.5000000000000004441 ) ) ;
#179 = CARTESIAN_POINT ( 'NONE',  ( 2.841202372301741014E-07, -0.1636751503724722945, -1.433012701892187213 ) ) ;
#180 = CARTESIAN_POINT ( 'NONE',  ( -0.09817475406222012091, -6.000000000000000888, 1.500000000000001110 ) ) ;
#181 = CARTESIAN_POINT ( 'NONE',  ( -0.6099897828182778703, -6.000000000000000000, -0.7951076316418825840 ) ) ;
#182 = CARTESIAN_POINT ( 'NONE',  ( -0.8660253046504660102, -5.830341817039137453, -0.5000001717050384098 ) ) ;
#183 = CARTESIAN_POINT ( 'NONE',  ( 1.241025261724240103, -0.3303418170391451691, 0.7165065970015341845 ) ) ;
#184 = CARTESIAN_POINT ( 'NONE',  ( -0.8273505533100440346, -2.955341817039146335, 1.433012537855180124 ) ) ;
#185 = VERTEX_POINT ( 'NONE', #1570 ) ;
#186 = CARTESIAN_POINT ( 'NONE',  ( -1.130080206118531105, -6.000000000000000888, -0.9912401374410924060 ) ) ;
#187 = CARTESIAN_POINT ( 'NONE',  ( -1.154700538379229036, -5.788675150372469602, -2.289400640732912243E-07 ) ) ;
#188 = ORIENTED_EDGE ( 'NONE', *, *, #708, .T. ) ;
#189 = CARTESIAN_POINT ( 'NONE',  ( -0.4431511962900325230, -6.000000000000000000, 0.8988329646072014123 ) ) ;
#190 = CARTESIAN_POINT ( 'NONE',  ( -0.9149846742274142519, -6.000000000000000888, 1.192661447462832314 ) ) ;
#191 = CARTESIAN_POINT ( 'NONE',  ( 7.490970600951138676E-17, 30.00000000000000000, -2.713546265191241424 ) ) ;
#192 = CARTESIAN_POINT ( 'NONE',  ( -1.654700538379216601, -4.538675150372474043, -3.280740211160423228E-07 ) ) ;
#193 = CARTESIAN_POINT ( 'NONE',  ( 0.7517260248313950566, -6.000000000000000000, -1.301747389444807279 ) ) ;
#194 = CARTESIAN_POINT ( 'NONE',  ( 0.7533868040790261400, -6.000000000000000000, 0.6608267582940693385 ) ) ;
#195 = CARTESIAN_POINT ( 'NONE',  ( -1.241025261724193918, -1.080341817039147667, -0.7165065970016077923 ) ) ;
#196 = CARTESIAN_POINT ( 'NONE',  ( 1.982679215594702813E-07, -0.9136751503724810375, -0.9999999999999790168 ) ) ;
#197 = CARTESIAN_POINT ( 'NONE',  ( -1.241025261724194362, -2.080341817039146779, -0.7165065970016084584 ) ) ;
#198 = ORIENTED_EDGE ( 'NONE', *, *, #1991, .F. ) ;
#199 = PRESENTATION_STYLE_ASSIGNMENT (( #1718 ) ) ;
#200 = CARTESIAN_POINT ( 'NONE',  ( -0.8660255029183776543, -4.747008483705806192, 0.4999998282949424944 ) ) ;
#201 = CARTESIAN_POINT ( 'NONE',  ( -1.423389150623059818, -5.500000000000000000, -0.4833235026602186735 ) ) ;
#202 = ORIENTED_EDGE ( 'NONE', *, *, #785, .F. ) ;
#203 = CARTESIAN_POINT ( 'NONE',  ( 0.1963471293327617440, -6.000000000000000888, 1.490330864988714588 ) ) ;
#204 = CARTESIAN_POINT ( 'NONE',  ( -0.4833235026602140105, -5.500000000000000000, 1.423389150623061816 ) ) ;
#205 = CARTESIAN_POINT ( 'NONE',  ( -1.654700538379216601, -4.038675150372474931, -3.280740213547936997E-07 ) ) ;
#206 = CARTESIAN_POINT ( 'NONE',  ( 0.09817475406224855650, -5.500000000000000000, -1.500000000000000222 ) ) ;
#207 = CARTESIAN_POINT ( 'NONE',  ( -0.8273505533100435905, -1.455341817039147001, 1.433012537855180568 ) ) ;
#208 = CARTESIAN_POINT ( 'NONE',  ( -2.841204353388719108E-07, -2.913675150372479816, 1.433012701892190321 ) ) ;
#209 = ORIENTED_EDGE ( 'NONE', *, *, #2048, .T. ) ;
#210 = FACE_OUTER_BOUND ( 'NONE', #1860, .T. ) ;
#211 = B_SPLINE_CURVE_WITH_KNOTS ( 'NONE', 3,
 ( #1775, #1752, #2132, #1421, #1257, #241, #1603, #2105, #67, #2122, #593, #1274, #1106, #1312, #1801, #1293, #1464, #484 ),
 .UNSPECIFIED., .F., .F.,
 ( 4, 2, 2, 2, 2, 2, 2, 2, 4 ),
 ( 0.000000000000000000, 0.06249999999999997224, 0.1249999999999999445, 0.1874999999999999167, 0.2499999999999998890, 0.3124999999999998890, 0.3749999999999998890, 0.4374999999999998890, 0.5000000000000000000 ),
 .UNSPECIFIED. ) ;
#212 = CARTESIAN_POINT ( 'NONE',  ( -0.5773504674575262730, -4.705341817039139229, 0.9999998855299488953 ) ) ;
#213 = VERTEX_POINT ( 'NONE', #926 ) ;
#214 = CARTESIAN_POINT ( 'NONE',  ( -1.269336797715801657, -1.605001634476474223E-17, 0.6650635291075791544 ) ) ;
#215 = CARTESIAN_POINT ( 'NONE',  ( -0.8660255029183776543, -5.747008483705803528, 0.4999998282949421613 ) ) ;
#216 = DIRECTION ( 'NONE',  ( 1.000000000000000000, 0.000000000000000000, 0.000000000000000000 ) ) ;
#217 = CARTESIAN_POINT ( 'NONE',  ( 1.654700538379217045, -3.288675150372476264, 3.280740235190257192E-07 ) ) ;
#218 = CARTESIAN_POINT ( 'NONE',  ( -0.1963471293327605227, -5.500000000000000000, 1.490330864988698600 ) ) ;
#219 = CARTESIAN_POINT ( 'NONE',  ( -0.5773500709217026516, -2.872008483705810189, -1.000000114470011470 ) ) ;
#220 = CARTESIAN_POINT ( 'NONE',  ( 1.267543753043683719, -5.697425539330557953, -0.4029450606637794974 ) ) ;
#221 = CARTESIAN_POINT ( 'NONE',  ( -1.654700538379216601, -1.038675150372482925, -3.280740182984096702E-07 ) ) ;
#222 = VERTEX_POINT ( 'NONE', #2131 ) ;
#223 = CARTESIAN_POINT ( 'NONE',  ( -2.841204353978525090E-07, -4.913675150372472267, 1.433012701892189655 ) ) ;
#224 = CARTESIAN_POINT ( 'NONE',  ( 1.982679117792352460E-07, -2.913675150372476264, -0.9999999999999796829 ) ) ;
#225 = EDGE_CURVE ( 'NONE', #47, #2096, #1781, .T. ) ;
#226 = CARTESIAN_POINT ( 'NONE',  ( -0.6647267944350532254, -5.500000000000000000, -1.348249446910799731 ) ) ;
#227 = CARTESIAN_POINT ( 'NONE',  ( -0.8660255029183789865, -4.247008483705806192, 0.4999998282949399964 ) ) ;
#228 = COLOUR_RGB ( '',0.7921568627450980005, 0.8196078431372548767, 0.9333333333333333481 ) ;
#229 = CARTESIAN_POINT ( 'NONE',  ( 2.841204404529220036E-07, -3.663675150372475819, -1.433012701892188545 ) ) ;
#230 = CARTESIAN_POINT ( 'NONE',  ( -1.301747389444809500, -6.000000000000000888, 0.7517260248313948345 ) ) ;
#231 = CARTESIAN_POINT ( 'NONE',  ( 0.4431511962900334667, -6.000000000000000000, 0.8988329646072038548 ) ) ;
#232 = CARTESIAN_POINT ( 'NONE',  ( 1.154700538379229480, -2.538675150372477152, 2.289400654379392823E-07 ) ) ;
#233 = CARTESIAN_POINT ( 'NONE',  ( -0.8273505533100438125, -0.4553418170391522191, 1.433012537855181234 ) ) ;
#234 = CARTESIAN_POINT ( 'NONE',  ( 1.654700538379216601, -5.288675150372472267, 3.280740201981276998E-07 ) ) ;
#235 = CARTESIAN_POINT ( 'NONE',  ( -0.5773504674575259399, -1.705341817039145447, 0.9999998855299497835 ) ) ;
#236 = CARTESIAN_POINT ( 'NONE',  ( 0.8660255029183796527, -3.497008483705808413, -0.4999998282949384976 ) ) ;
#237 = CARTESIAN_POINT ( 'NONE',  ( 1.241025261724191919, -2.830341817039144114, 0.7165065970016165631 ) ) ;
#238 = CARTESIAN_POINT ( 'NONE',  ( 0.3889238367156256926, -5.500000000000000000, -1.452024976220993358 ) ) ;
#239 = CARTESIAN_POINT ( 'NONE',  ( 0.8660255029183780984, -2.997008483705809745, -0.4999998282949405515 ) ) ;
#240 = CARTESIAN_POINT ( 'NONE',  ( 0.1720170555851593674, -5.639469273682183648, -1.375517753936346566 ) ) ;
#241 = CARTESIAN_POINT ( 'NONE',  ( 0.8006674408538863030, -5.999999999999999112, -0.6136488130047230705 ) ) ;
#242 = VERTEX_POINT ( 'NONE', #66 ) ;
#243 = CARTESIAN_POINT ( 'NONE',  ( 1.241025261724194584, -5.330341817039138341, 0.7165065970016101238 ) ) ;
#244 = CARTESIAN_POINT ( 'NONE',  ( -0.5773504674575257178, -1.205341817039147001, 0.9999998855299500056 ) ) ;
#245 = CARTESIAN_POINT ( 'NONE',  ( 1.982679126461956757E-07, -3.913675150372474043, -0.9999999999999800160 ) ) ;
#246 = CARTESIAN_POINT ( 'NONE',  ( -2.841204409571772343E-07, -1.913675150372479372, 1.433012701892190766 ) ) ;
#247 = CARTESIAN_POINT ( 'NONE',  ( 1.192661447462830093, -5.500000000000000000, 0.9149846742274131417 ) ) ;
#248 = CARTESIAN_POINT ( 'NONE',  ( -0.8660253046504656771, -2.830341817039143226, -0.5000001717050374106 ) ) ;
#249 = EDGE_CURVE ( 'NONE', #564, #1294, #758, .T. ) ;
#250 = CARTESIAN_POINT ( 'NONE',  ( 1.241025261724195028, -1.330341817039149444, 0.7165065970016117891 ) ) ;
#251 = DIRECTION ( 'NONE',  ( 0.8660254037844385966, 0.000000000000000000, -0.5000000000000001110 ) ) ;
#252 = CARTESIAN_POINT ( 'NONE',  ( -1.154700538379228814, -2.288675150372477596, -2.289400629075571014E-07 ) ) ;
#253 = CARTESIAN_POINT ( 'NONE',  ( -0.5773504674575277162, -4.705341817039139229, 0.9999998855299481182 ) ) ;
#254 =( LENGTH_UNIT ( ) NAMED_UNIT ( * ) SI_UNIT ( .MILLI., .METRE. ) );
#255 = CARTESIAN_POINT ( 'NONE',  ( -1.490330864988698378, -5.500000000000000000, -0.1963471293327608835 ) ) ;
#256 = CARTESIAN_POINT ( 'NONE',  ( 0.5773504674575268281, -3.455341817039142338, -0.9999998855299472300 ) ) ;
#257 =( GEOMETRIC_REPRESENTATION_CONTEXT ( 3 ) GLOBAL_UNCERTAINTY_ASSIGNED_CONTEXT ( ( #921 ) ) GLOBAL_UNIT_ASSIGNED_CONTEXT ( ( #254, #1617, #2190 ) ) REPRESENTATION_CONTEXT ( 'NONE', 'WORKASPACE' ) );
#258 = CARTESIAN_POINT ( 'NONE',  ( -0.8733397429338396467, -5.999999999999999112, -0.5048870269256898746 ) ) ;
#259 = AXIS2_PLACEMENT_3D ( 'NONE', #579, #1770, #216 ) ;
#260 = CARTESIAN_POINT ( 'NONE',  ( 2.841204361694698778E-07, -0.1636751503724838408, -1.433012701892187435 ) ) ;
#261 = CARTESIAN_POINT ( 'NONE',  ( -1.241025261724194584, -6.080341817039137453, -0.7165065970016094576 ) ) ;
#262 = CARTESIAN_POINT ( 'NONE',  ( 0.9680166508139951276, -6.000000000000000000, -0.2592825578104174800 ) ) ;
#263 = CARTESIAN_POINT ( 'NONE',  ( 0.5773504674575269391, -3.455341817039142338, -0.9999998855299474521 ) ) ;
#264 = CARTESIAN_POINT ( 'NONE',  ( -0.9149846742274129197, -5.500000000000000000, 1.192661447462830093 ) ) ;
#265 = CARTESIAN_POINT ( 'NONE',  ( 1.982679120435799087E-07, -4.913675150372472267, -0.9999999999999802380 ) ) ;
#266 = CARTESIAN_POINT ( 'NONE',  ( -0.8273505533100539155, -1.455341817039147001, 1.433012537855174795 ) ) ;
#267 = CARTESIAN_POINT ( 'NONE',  ( 0.5011506832209309259, -6.000000000000000000, -0.8678315929632055559 ) ) ;
#268 = CARTESIAN_POINT ( 'NONE',  ( -1.154700538379228369, -0.2886751503724822032, -2.289400622414231807E-07 ) ) ;
#269 = DIRECTION ( 'NONE',  ( 0.000000000000000000, -0.000000000000000000, 1.000000000000000000 ) ) ;
#270 = CARTESIAN_POINT ( 'NONE',  ( 0.3222156684401489279, -6.000000000000000000, 0.9489261004153690671 ) ) ;
#271 = CARTESIAN_POINT ( 'NONE',  ( 1.654700538379216823, -1.788675150372479150, 3.280740213638618227E-07 ) ) ;
#272 = CARTESIAN_POINT ( 'NONE',  ( 0.5773500709217014304, -3.122008483705808857, 1.000000114470014578 ) ) ;
#273 = CARTESIAN_POINT ( 'NONE',  ( 0.8660253046504666763, -0.08034181703914927697, 0.5000001717050408523 ) ) ;
#274 = FACE_OUTER_BOUND ( 'NONE', #1936, .T. ) ;
#275 = ADVANCED_FACE ( 'NONE', ( #1973 ), #1980, .T. ) ;
#276 = CARTESIAN_POINT ( 'NONE',  ( -1.452024976220992691, -5.500000000000000000, 0.3889238367156273579 ) ) ;
#277 = CARTESIAN_POINT ( 'NONE',  ( 0.5773504674575270501, -1.455341817039146113, -0.9999998855299465639 ) ) ;
#278 = CARTESIAN_POINT ( 'NONE',  ( -0.9912401374411088373, -5.500000000000000000, -1.130080206118534658 ) ) ;
#279 = LINE ( 'NONE', #632, #1500 ) ;
#280 = VERTEX_POINT ( 'NONE', #288 ) ;
#281 = CARTESIAN_POINT ( 'NONE',  ( -0.8273499850691725666, -2.122008483705812409, -1.433012865929197854 ) ) ;
#282 = CARTESIAN_POINT ( 'NONE',  ( -1.654700538379216823, -4.538675150372475819, -3.280740194641439519E-07 ) ) ;
#283 = CARTESIAN_POINT ( 'NONE',  ( -1.186099366044286452, -5.592208943314464165, -0.7911313538133782908 ) ) ;
#284 = ORIENTED_EDGE ( 'NONE', *, *, #587, .F. ) ;
#285 = CARTESIAN_POINT ( 'NONE',  ( 0.8988329646072007462, -6.000000000000000000, 0.4431511962900324675 ) ) ;
#286 = CARTESIAN_POINT ( 'NONE',  ( 1.154700538379229702, -0.03867515037248286242, 2.289400662706065772E-07 ) ) ;
#287 = CARTESIAN_POINT ( 'NONE',  ( 0.1308980862218398211, -6.000000000000000000, -0.9935539099924649564 ) ) ;
#288 = CARTESIAN_POINT ( 'NONE',  ( 2.467601232781798509E-07, -5.772467269937818557, -1.244579223341904406 ) ) ;
#289 = CARTESIAN_POINT ( 'NONE',  ( 0.1308980862218398211, -6.000000000000000000, -0.9935539099924649564 ) ) ;
#290 = CARTESIAN_POINT ( 'NONE',  ( -1.654700538379216379, -3.538675150372475375, -3.280740189387807131E-07 ) ) ;
#291 = CARTESIAN_POINT ( 'NONE',  ( -0.6647267944350501168, -6.000000000000000888, 1.348249446910797511 ) ) ;
#292 = VECTOR ( 'NONE', #599, 1000.000000000000000 ) ;
#293 = CARTESIAN_POINT ( 'NONE',  ( 0.5773500709217035398, -0.6220084837058144078, 1.000000114470014578 ) ) ;
#294 = CARTESIAN_POINT ( 'NONE',  ( -1.269336797715801657, -1.605001634476474223E-17, 0.6650635291075791544 ) ) ;
#295 = ORIENTED_EDGE ( 'NONE', *, *, #811, .F. ) ;
#296 = CARTESIAN_POINT ( 'NONE',  ( -1.500000000000000444, -5.500000000000000000, 0.09817475406221784495 ) ) ;
#297 = PLANE ( 'NONE',  #1768 ) ;
#298 = CARTESIAN_POINT ( 'NONE',  ( 2.974018669926883578E-07, -6.202350284967284466, -1.499999999999970468 ) ) ;
#299 = EDGE_CURVE ( 'NONE', #1258, #1399, #1698, .T. ) ;
#300 = DIRECTION ( 'NONE',  ( 0.7499999141475224285, 0.4999999999999980016, 0.4330128505930407323 ) ) ;
#301 = CARTESIAN_POINT ( 'NONE',  ( -0.5011506832209284834, -6.000000000000000000, -0.8678315929632071102 ) ) ;
#302 = CARTESIAN_POINT ( 'NONE',  ( 1.241025545844631095, -2.747008483705810633, -0.7165061048905778662 ) ) ;
#303 = CARTESIAN_POINT ( 'NONE',  ( -0.09817475406222012091, -6.000000000000000888, 1.500000000000001110 ) ) ;
#304 = CARTESIAN_POINT ( 'NONE',  ( 0.8660253046504633456, -1.580341817039145447, 0.5000001717050457373 ) ) ;
#305 = CARTESIAN_POINT ( 'NONE',  ( 1.241025261724194584, -4.830341817039141894, 0.7165065970016106789 ) ) ;
#306 = CARTESIAN_POINT ( 'NONE',  ( 2.350000000000000533, 30.00000000000000000, 1.356773132595620712 ) ) ;
#307 = CARTESIAN_POINT ( 'NONE',  ( -1.301747389444803726, -6.000000000000000888, -0.7517260248313897275 ) ) ;
#308 = CARTESIAN_POINT ( 'NONE',  ( -0.7533868040790271392, -6.000000000000000000, 0.6608267582940646756 ) ) ;
#309 = CARTESIAN_POINT ( 'NONE',  ( -1.490330864988705706, -6.000000000000000888, 0.1963471293327627709 ) ) ;
#310 = CARTESIAN_POINT ( 'NONE',  ( 0.8660255029183783204, -1.497008483705812631, -0.4999998282949399964 ) ) ;
#311 = CARTESIAN_POINT ( 'NONE',  ( -1.241025261724293838, -0.08034181703913918782, -0.7165065970014350416 ) ) ;
#312 = CARTESIAN_POINT ( 'NONE',  ( 1.000000000000000222, -6.000000000000000000, 0.06544983604148002510 ) ) ;
#313 = CARTESIAN_POINT ( 'NONE',  ( 0.8273505533100448117, -2.705341817039143670, -1.433012537855177682 ) ) ;
#314 = EDGE_CURVE ( 'NONE', #383, #1512, #468, .T. ) ;
#315 = CARTESIAN_POINT ( 'NONE',  ( -0.8660253046504645669, -2.830341817039143226, -0.5000001717050398531 ) ) ;
#316 = CARTESIAN_POINT ( 'NONE',  ( 0.8660253046504665653, -1.080341817039146779, 0.5000001717050405192 ) ) ;
#317 = CARTESIAN_POINT ( 'NONE',  ( 2.349999999999999645, 0.000000000000000000, -1.356773132595620490 ) ) ;
#318 = CARTESIAN_POINT ( 'NONE',  ( -1.241025261724193030, -1.580341817039146335, -0.7165065970016105679 ) ) ;
#319 = CARTESIAN_POINT ( 'NONE',  ( -0.9935539099924608486, -6.000000000000000000, -0.1308980862218381558 ) ) ;
#320 = CARTESIAN_POINT ( 'NONE',  ( 0.3889238367156256926, -5.500000000000000000, -1.452024976220993358 ) ) ;
#321 = ORIENTED_EDGE ( 'NONE', *, *, #299, .T. ) ;
#322 = SURFACE_STYLE_FILL_AREA ( #1357 ) ;
#323 = CARTESIAN_POINT ( 'NONE',  ( 1.241025261724194806, -4.830341817039139229, 0.7165065970016102348 ) ) ;
#324 = CARTESIAN_POINT ( 'NONE',  ( -0.6608267582940736684, -6.000000000000000000, -0.7533868040790253628 ) ) ;
#325 = CARTESIAN_POINT ( 'NONE',  ( 1.348249446910796845, -6.000000000000000000, -0.6647267944350480073 ) ) ;
#326 = CARTESIAN_POINT ( 'NONE',  ( 0.8273505533100449227, -1.205341817039147667, -1.433012537855177015 ) ) ;
#327 = CARTESIAN_POINT ( 'NONE',  ( -0.8273499850691725666, -4.122008483705808857, -1.433012865929198743 ) ) ;
#328 = CARTESIAN_POINT ( 'NONE',  ( -1.255409883886881239, -5.578858140573790259, -0.6909930732095368455 ) ) ;
#329 = MECHANICAL_DESIGN_GEOMETRIC_PRESENTATION_REPRESENTATION (  '', ( #437 ), #519 ) ;
#330 = CARTESIAN_POINT ( 'NONE',  ( -1.452024976220994024, -5.500000000000000000, -0.3889238367156214737 ) ) ;
#331 = CARTESIAN_POINT ( 'NONE',  ( -1.982679114030151070E-07, -4.663675150372472267, 0.9999999999999811262 ) ) ;
#332 = AXIS2_PLACEMENT_3D ( 'NONE', #879, #165, #1176 ) ;
#333 = CARTESIAN_POINT ( 'NONE',  ( -0.9935539099924675099, -6.000000000000000000, 0.1308980862218411534 ) ) ;
#334 = CARTESIAN_POINT ( 'NONE',  ( 1.500000000000000222, -5.500000000000000000, 0.09817475406222003764 ) ) ;
#335 = CARTESIAN_POINT ( 'NONE',  ( -0.8660253046504658991, -5.330341817039137453, -0.5000001717050386318 ) ) ;
#336 = CARTESIAN_POINT ( 'NONE',  ( -0.1490972144137171496, -5.798519552011249800, 1.218330182693644348 ) ) ;
#337 = CARTESIAN_POINT ( 'NONE',  ( -1.654700538379216157, -0.03867515037247283571, -3.280737883078893580E-07 ) ) ;
#338 = CARTESIAN_POINT ( 'NONE',  ( 1.130080206118536212, -6.000000000000000000, 0.9912401374411079491 ) ) ;
#339 = CARTESIAN_POINT ( 'NONE',  ( 1.423389150623051158, -6.000000000000000000, 0.4833235026602222262 ) ) ;
#340 = CARTESIAN_POINT ( 'NONE',  ( 0.5773504674575263840, -5.455341817039138341, -0.9999998855299480072 ) ) ;
#341 = CARTESIAN_POINT ( 'NONE',  ( -2.841204354516289367E-07, -3.913675150372477596, 1.433012701892190099 ) ) ;
#342 = ORIENTED_EDGE ( 'NONE', *, *, #1729, .F. ) ;
#343 = DIRECTION ( 'NONE',  ( 1.049727191138618079E-16, 0.5150380749100549327, -0.8571673007021118895 ) ) ;
#344 = EDGE_CURVE ( 'NONE', #1022, #1471, #1365, .T. ) ;
#345 = CARTESIAN_POINT ( 'NONE',  ( 1.192661447462830537, -6.000000000000000888, -0.9149846742274199141 ) ) ;
#346 = CARTESIAN_POINT ( 'NONE',  ( 0.1963471293327584133, -5.500000000000000000, 1.490330864988699267 ) ) ;
#347 = ORIENTED_EDGE ( 'NONE', *, *, #971, .F. ) ;
#348 = CARTESIAN_POINT ( 'NONE',  ( 1.241025261724295170, -0.3303418170391393405, 0.7165065970014387053 ) ) ;
#349 = CARTESIAN_POINT ( 'NONE',  ( -0.1308980862218403207, -6.000000000000000000, -0.9935539099924604045 ) ) ;
#350 = CARTESIAN_POINT ( 'NONE',  ( -1.000000000000000222, -6.000000000000000000, 0.06544983604147860956 ) ) ;
#351 = CARTESIAN_POINT ( 'NONE',  ( -0.8273505533100435905, -0.9553418170391484443, 1.433012537855180790 ) ) ;
#352 = CARTESIAN_POINT ( 'NONE',  ( -0.5773500709216956572, -0.3720084837058151295, -1.000000114470014356 ) ) ;
#353 = CARTESIAN_POINT ( 'NONE',  ( 0.8273505533100449227, -4.205341817039142782, -1.433012537855178348 ) ) ;
#354 = DIRECTION ( 'NONE',  ( 0.000000000000000000, 0.000000000000000000, 1.000000000000000000 ) ) ;
#355 = CARTESIAN_POINT ( 'NONE',  ( 1.982679116664782201E-07, -3.913675150372474043, -0.9999999999999800160 ) ) ;
#356 = VERTEX_POINT ( 'NONE', #1830 ) ;
#357 = CARTESIAN_POINT ( 'NONE',  ( -0.6608267582940692275, -6.000000000000000000, 0.7533868040790296927 ) ) ;
#358 = CARTESIAN_POINT ( 'NONE',  ( 0.6647267944350524482, -5.500000000000000000, -1.348249446910800176 ) ) ;
#359 =( NAMED_UNIT ( * ) SI_UNIT ( $, .STERADIAN. ) SOLID_ANGLE_UNIT ( ) );
#360 = CARTESIAN_POINT ( 'NONE',  ( 0.8660257011860811316, -0.1666666824443251427, -1.499999828295041526 ) ) ;
#361 = CARTESIAN_POINT ( 'NONE',  ( -0.4431511962900349655, -6.000000000000000000, -0.8988329646072008572 ) ) ;
#362 = CARTESIAN_POINT ( 'NONE',  ( -0.9680166508139933512, -6.000000000000000000, 0.2592825578104179796 ) ) ;
#363 = CARTESIAN_POINT ( 'NONE',  ( 1.982679114973426547E-07, -5.413675150372471379, -0.9999999999999802380 ) ) ;
#364 = CARTESIAN_POINT ( 'NONE',  ( -1.154700538379229036, -1.288675150372479594, -2.289400712733513792E-07 ) ) ;
#365 = CARTESIAN_POINT ( 'NONE',  ( 0.8273505533100450338, -3.205341817039144559, -1.433012537855177904 ) ) ;
#366 = EDGE_LOOP ( 'NONE', ( #1515, #1891, #575, #514 ) ) ;
#367 = CARTESIAN_POINT ( 'NONE',  ( 0.000000000000000000, 30.00000000000000000, 0.000000000000000000 ) ) ;
#368 = CARTESIAN_POINT ( 'NONE',  ( -1.154700538379229036, -5.288675150372471379, -2.289400639067577971E-07 ) ) ;
#369 = MECHANICAL_DESIGN_GEOMETRIC_PRESENTATION_REPRESENTATION (  '', ( #1334 ), #1374 ) ;
#370 = CARTESIAN_POINT ( 'NONE',  ( -0.3889238367156232501, -6.000000000000000888, 1.452024976221000685 ) ) ;
#371 = CARTESIAN_POINT ( 'NONE',  ( 0.4501211451496881510, 3.863987579191169714E-16, 1.153927691290007607 ) ) ;
#372 = APPLICATION_PROTOCOL_DEFINITION ( 'draft international standard', 'automotive_design', 1998, #12 ) ;
#373 = CARTESIAN_POINT ( 'NONE',  ( -0.8273505533100429243, -2.955341817039143226, 1.433012537855181012 ) ) ;
#374 = CARTESIAN_POINT ( 'NONE',  ( 0.4833235026602262785, -5.500000000000000000, 1.423389150623056931 ) ) ;
#375 = CARTESIAN_POINT ( 'NONE',  ( 0.9935539099924665107, -6.000000000000000000, 0.1308980862218391272 ) ) ;
#376 = CARTESIAN_POINT ( 'NONE',  ( -0.8660255029183774322, -5.247008483705804416, 0.4999998282949421613 ) ) ;
#377 = ADVANCED_FACE ( 'NONE', ( #1303, #1487 ), #1964, .T. ) ;
#378 = CARTESIAN_POINT ( 'NONE',  ( 1.154700538379229924, -0.5386751503724815926, 2.289400709834339977E-07 ) ) ;
#379 = CARTESIAN_POINT ( 'NONE',  ( 0.8273505533100450338, -2.705341817039145003, -1.433012537855177682 ) ) ;
#380 = ORIENTED_EDGE ( 'NONE', *, *, #1961, .F. ) ;
#381 = LINE ( 'NONE', #1051, #2 ) ;
#382 = DIRECTION ( 'NONE',  ( -0.000000000000000000, -1.000000000000000000, -0.000000000000000000 ) ) ;
#383 = VERTEX_POINT ( 'NONE', #952 ) ;
#384 = CARTESIAN_POINT ( 'NONE',  ( 2.350000000000000533, 30.00000000000000000, 1.356773132595620712 ) ) ;
#385 = CARTESIAN_POINT ( 'NONE',  ( -1.241025261724193252, -2.080341817039145891, -0.7165065970016103458 ) ) ;
#386 = CARTESIAN_POINT ( 'NONE',  ( -0.6647267944350513380, -5.500000000000000000, 1.348249446910800842 ) ) ;
#387 = CARTESIAN_POINT ( 'NONE',  ( 0.8660255029183779873, -3.997008483705807969, -0.4999998282949408845 ) ) ;
#388 =( LENGTH_UNIT ( ) NAMED_UNIT ( * ) SI_UNIT ( .MILLI., .METRE. ) );
#389 = CARTESIAN_POINT ( 'NONE',  ( 1.654700538379217489, -0.2886751503724848678, 3.280740220557585681E-07 ) ) ;
#390 = VERTEX_POINT ( 'NONE', #1628 ) ;
#391 = CARTESIAN_POINT ( 'NONE',  ( 0.000000000000000000, 24.00000000000000000, 0.000000000000000000 ) ) ;
#392 = CARTESIAN_POINT ( 'NONE',  ( -0.5773504674575260509, -2.705341817039143670, 0.9999998855299495615 ) ) ;
#393 = CARTESIAN_POINT ( 'NONE',  ( -0.6647267944350513380, -5.500000000000000000, 1.348249446910800842 ) ) ;
#394 = CARTESIAN_POINT ( 'NONE',  ( -0.5773500709217013194, -3.872008483705807969, -1.000000114470013024 ) ) ;
#395 = CARTESIAN_POINT ( 'NONE',  ( -0.8273499850691725666, -4.122008483705807969, -1.433012865929198743 ) ) ;
#396 = CARTESIAN_POINT ( 'NONE',  ( 0.9912401374411036192, -5.500000000000000000, -1.130080206118539321 ) ) ;
#397 = CARTESIAN_POINT ( 'NONE',  ( -1.154700538379228814, -4.788675150372472267, -2.289400637402242375E-07 ) ) ;
#398 = CARTESIAN_POINT ( 'NONE',  ( 0.8273499850691730106, -0.8720084837058171834, 1.433012865929201185 ) ) ;
#399 = ORIENTED_EDGE ( 'NONE', *, *, #720, .T. ) ;
#400 = PLANE ( 'NONE',  #909 ) ;
#401 = CARTESIAN_POINT ( 'NONE',  ( 0.5773504674575270501, -1.955341817039145003, -0.9999998855299471190 ) ) ;
#402 = ADVANCED_FACE ( 'NONE', ( #807 ), #789, .T. ) ;
#403 = UNCERTAINTY_MEASURE_WITH_UNIT (LENGTH_MEASURE( 1.000000000000000082E-05 ), #388, 'distance_accuracy_value', 'NONE');
#404 = CARTESIAN_POINT ( 'NONE',  ( 0.8660253046504653440, -3.580341817039141450, 0.5000001717050411854 ) ) ;
#405 = AXIS2_PLACEMENT_3D ( 'NONE', #986, #1656, #1483 ) ;
#406 = CARTESIAN_POINT ( 'NONE',  ( -1.241025261724193918, -3.580341817039142338, -0.7165065970016099017 ) ) ;
#407 = CARTESIAN_POINT ( 'NONE',  ( -1.192661447462834312, -6.000000000000000888, -0.9149846742274175826 ) ) ;
#408 = VECTOR ( 'NONE', #681, 1000.000000000000000 ) ;
#409 = APPLICATION_CONTEXT ( 'automotive_design' ) ;
#410 = CARTESIAN_POINT ( 'NONE',  ( -1.982679111211224627E-07, -2.163675150372477596, 0.9999999999999817923 ) ) ;
#411 = CARTESIAN_POINT ( 'NONE',  ( 1.423389150623058708, -5.500000000000000000, 0.4833235026602221707 ) ) ;
#412 = CARTESIAN_POINT ( 'NONE',  ( 0.7963886460793304645, -5.665863609490531694, -1.103366070209033545 ) ) ;
#413 = CARTESIAN_POINT ( 'NONE',  ( 0.8273499850691728996, -1.372008483705816850, 1.433012865929201185 ) ) ;
#414 = ORIENTED_EDGE ( 'NONE', *, *, #945, .F. ) ;
#415 = CARTESIAN_POINT ( 'NONE',  ( 1.240430719148219738E-16, -6.000000000000000000, 1.014854062406763235 ) ) ;
#416 = CARTESIAN_POINT ( 'NONE',  ( -0.8660253046504658991, -3.330341817039142338, -0.5000001717050376326 ) ) ;
#417 = CARTESIAN_POINT ( 'NONE',  ( 0.8273505533100475873, -4.205341817039141006, -1.433012537855176793 ) ) ;
#418 = CARTESIAN_POINT ( 'NONE',  ( 1.301747389444807279, -5.500000000000000000, 0.7517260248313923920 ) ) ;
#419 = CARTESIAN_POINT ( 'NONE',  ( -0.5773500709217026516, -3.372008483705808857, -1.000000114470011692 ) ) ;
#420 = CARTESIAN_POINT ( 'NONE',  ( -1.241025261724194362, -1.080341817039148333, -0.7165065970016081254 ) ) ;
#421 = CARTESIAN_POINT ( 'NONE',  ( -1.241025545844630429, -5.497008483705804416, 0.7165061048905796426 ) ) ;
#422 = CARTESIAN_POINT ( 'NONE',  ( -0.1963471293327605227, -5.500000000000000000, 1.490330864988698600 ) ) ;
#423 = CARTESIAN_POINT ( 'NONE',  ( 1.982679118356137855E-07, -2.413675150372477152, -0.9999999999999796829 ) ) ;
#424 = B_SPLINE_CURVE_WITH_KNOTS ( 'NONE', 3,
 ( #1975, #1661, #2019, #1842 ),
 .UNSPECIFIED., .F., .F.,
 ( 4, 4 ),
 ( 1.595180654950225982E-17, 0.0007110596564263798290 ),
 .UNSPECIFIED. ) ;
#425 = CARTESIAN_POINT ( 'NONE',  ( 1.154700538379229258, -5.038675150372470490, 2.289400648880921592E-07 ) ) ;
#426 = SURFACE_SIDE_STYLE ('',( #1848 ) ) ;
#427 = CARTESIAN_POINT ( 'NONE',  ( -1.423389150623058264, -5.500000000000000000, 0.4833235026602230588 ) ) ;
#428 = CARTESIAN_POINT ( 'NONE',  ( -1.982679111775009757E-07, -2.663675150372477152, 0.9999999999999815703 ) ) ;
#429 = CARTESIAN_POINT ( 'NONE',  ( -1.000072613845784941, -5.999999999999999112, -0.1322421399603115055 ) ) ;
#430 = CARTESIAN_POINT ( 'NONE',  ( 0.8273505533100452558, -1.205341817039148555, -1.433012537855177015 ) ) ;
#431 = DIRECTION ( 'NONE',  ( -0.8660253046505318464, 3.769409745613650260E-16, -0.5000001717049239458 ) ) ;
#432 = CARTESIAN_POINT ( 'NONE',  ( 0.5773500709217032067, -2.122008483705811521, 1.000000114470014134 ) ) ;
#433 = CARTESIAN_POINT ( 'NONE',  ( -1.133344342654819981, 1.966127937612461429E-15, 0.8508531147253626248 ) ) ;
#434 = CARTESIAN_POINT ( 'NONE',  ( -1.154700538379229036, -4.288675150372474043, -2.289400664733112495E-07 ) ) ;
#435 = CARTESIAN_POINT ( 'NONE',  ( -1.423389150623059818, -5.500000000000000000, -0.4833235026602186735 ) ) ;
#436 = CARTESIAN_POINT ( 'NONE',  ( -1.982679110083654632E-07, -1.163675150372480482, 0.9999999999999820144 ) ) ;
#437 = STYLED_ITEM ( 'NONE', ( #199 ), #1665 ) ;
#438 = CARTESIAN_POINT ( 'NONE',  ( -0.4833235026602201168, -5.500000000000000000, -1.423389150623059596 ) ) ;
#439 = CARTESIAN_POINT ( 'NONE',  ( 0.7951076316418852485, -6.000000000000000000, -0.6099897828182738735 ) ) ;
#440 = CARTESIAN_POINT ( 'NONE',  ( -1.654700538379216379, -5.038675150372472267, -3.280740194383811272E-07 ) ) ;
#441 = EDGE_CURVE ( 'NONE', #356, #213, #2175, .T. ) ;
#442 = CARTESIAN_POINT ( 'NONE',  ( 0.8660253046504634566, -3.080341817039142338, 0.5000001717050447381 ) ) ;
#443 = CARTESIAN_POINT ( 'NONE',  ( 1.654700538379216823, -4.788675150372474931, 3.280740205569575378E-07 ) ) ;
#444 = CARTESIAN_POINT ( 'NONE',  ( -0.1963471293327627987, -5.500000000000000000, -1.490330864988698378 ) ) ;
#445 =( BOUNDED_SURFACE ( )  B_SPLINE_SURFACE ( 2, 3, ( 
 ( #818, #1821, #289, #459, #1134, #975, #99, #1145, #1652, #2183, #439, #131, #469, #808, #1488, #623, #1477, #312, #2165, #982, #1496, #1304, #1986, #2176, #1811, #779, #642, #652, #450, #270, #1336, #1324, #1621, #953, #2009, #89, #1454, #2142, #1124, #1629, #1640, #109, #799, #991, #2058, #546, #154, #1207, #1872, #1555, #18, #714, #1701, #1232, #1395, #1910, #1884, #324, #2031, #2220, #361, #2069, #1506, #349, #1855, #1370 ),
 ( #2196, #1726, #1002, #1675, #2081, #143, #193, #830, #525, #664, #1347, #166, #1031, #702, #496, #855, #1529, #1178, #1517, #688, #1688, #1044, #843, #2209, #338, #677, #536, #1359, #2046, #1714, #509, #1192, #1017, #180, #870, #1542, #4, #1384, #1896, #1219, #880, #1082, #570, #230, #1953, #1263, #1579, #1434, #42, #590, #1780, #581, #1942, #1427, #2101, #407, #1070, #2111, #1092, #931, #1567, #1101, #2119, #1772, #1591, #1748 ),
 ( #747, #206, #29, #238, #1759, #736, #924, #55, #396, #723, #767, #1599, #913, #1253, #1418, #1244, #1610, #1932, #1272, #63, #1406, #756, #418, #247, #75, #1444, #2129, #600, #1280, #374, #1058, #1737, #2092, #1922, #218, #892, #560, #386, #902, #960, #127, #1618, #1971, #1321, #1828, #427, #276, #787, #296, #456, #255, #465, #435, #1494, #1658, #649, #1150, #1110, #106, #86, #1788, #1131, #1993, #1649, #1960, #447 ) ),
 .UNSPECIFIED., .F., .T., .F. ) 
 B_SPLINE_SURFACE_WITH_KNOTS ( ( 3, 3 ),
 ( 4, 2, 2, 2, 2, 2, 2, 2, 2, 2, 2, 2, 2, 2, 2, 2, 2, 2, 2, 2, 2, 2, 2, 2, 2, 2, 2, 2, 2, 2, 2, 2, 4 ),
 ( 0.000000000000000000, 1.000000000000000000 ),
 ( 0.000000000000000000, 0.1963495408493620697, 0.3926990816987241395, 0.5890486225480862092, 0.7853981633974482790, 0.9817477042468103487, 1.178097245096172418, 1.374446785945534488, 1.570796326794896558, 1.767145867644258628, 1.963495408493620697, 2.159844949342982545, 2.356194490192344837, 2.552544031041707129, 2.748893571891068976, 2.945243112740430824, 3.141592653589793116, 3.337942194439155408, 3.534291735288517255, 3.730641276137879103, 3.926990816987241395, 4.123340357836603687, 4.319689898685965090, 4.516039439535327382, 4.712388980384689674, 4.908738521234051966, 5.105088062083414258, 5.301437602932775661, 5.497787143782137953, 5.694136684631500245, 5.890486225480861648, 6.086835766330223940, 6.283185307179586232 ),
 .UNSPECIFIED. ) 
 GEOMETRIC_REPRESENTATION_ITEM ( )  RATIONAL_B_SPLINE_SURFACE ( (
 ( 1.000000000000000000, 1.000000000000000000, 1.000000000000000000, 1.000000000000000000, 1.000000000000000000, 1.000000000000000000, 1.000000000000000000, 1.000000000000000000, 1.000000000000000000, 1.000000000000000000, 1.000000000000000000, 1.000000000000000000, 1.000000000000000000, 1.000000000000000000, 1.000000000000000000, 1.000000000000000000, 1.000000000000000000, 1.000000000000000000, 1.000000000000000000, 1.000000000000000000, 1.000000000000000000, 1.000000000000000000, 1.000000000000000000, 1.000000000000000000, 1.000000000000000000, 1.000000000000000000, 1.000000000000000000, 1.000000000000000000, 1.000000000000000000, 1.000000000000000000, 1.000000000000000000, 1.000000000000000000, 1.000000000000000000, 1.000000000000000000, 1.000000000000000000, 1.000000000000000000, 1.000000000000000000, 1.000000000000000000, 1.000000000000000000, 1.000000000000000000, 1.000000000000000000, 1.000000000000000000, 1.000000000000000000, 1.000000000000000000, 1.000000000000000000, 1.000000000000000000, 1.000000000000000000, 1.000000000000000000, 1.000000000000000000, 1.000000000000000000, 1.000000000000000000, 1.000000000000000000, 1.000000000000000000, 1.000000000000000000, 1.000000000000000000, 1.000000000000000000, 1.000000000000000000, 1.000000000000000000, 1.000000000000000000, 1.000000000000000000, 1.000000000000000000, 1.000000000000000000, 1.000000000000000000, 1.000000000000000000, 1.000000000000000000, 1.000000000000000000),
 ( 0.03535533905932732729, 0.03535533905932732729, 0.03535533905932732729, 0.03535533905932732729, 0.03535533905932732729, 0.03535533905932732729, 0.03535533905932733423, 0.03535533905932733423, 0.03535533905932732729, 0.03535533905932732729, 0.03535533905932732729, 0.03535533905932732729, 0.03535533905932733423, 0.03535533905932733423, 0.03535533905932732729, 0.03535533905932732729, 0.03535533905932732729, 0.03535533905932732729, 0.03535533905932732729, 0.03535533905932732729, 0.03535533905932732035, 0.03535533905932732035, 0.03535533905932732729, 0.03535533905932732729, 0.03535533905932733423, 0.03535533905932733423, 0.03535533905932732729, 0.03535533905932732729, 0.03535533905932733423, 0.03535533905932733423, 0.03535533905932732729, 0.03535533905932732729, 0.03535533905932732729, 0.03535533905932732729, 0.03535533905932732729, 0.03535533905932732729, 0.03535533905932732729, 0.03535533905932732729, 0.03535533905932732729, 0.03535533905932732729, 0.03535533905932732729, 0.03535533905932732729, 0.03535533905932732729, 0.03535533905932732729, 0.03535533905932733423, 0.03535533905932733423, 0.03535533905932732729, 0.03535533905932732729, 0.03535533905932732729, 0.03535533905932732729, 0.03535533905932732729, 0.03535533905932732729, 0.03535533905932732729, 0.03535533905932732729, 0.03535533905932732729, 0.03535533905932732729, 0.03535533905932734117, 0.03535533905932734117, 0.03535533905932733423, 0.03535533905932733423, 0.03535533905932733423, 0.03535533905932733423, 0.03535533905932732729, 0.03535533905932732729, 0.03535533905932732729, 0.03535533905932732729),
 ( 1.000000000000000000, 1.000000000000000000, 1.000000000000000000, 1.000000000000000000, 1.000000000000000000, 1.000000000000000000, 1.000000000000000000, 1.000000000000000000, 1.000000000000000000, 1.000000000000000000, 1.000000000000000000, 1.000000000000000000, 1.000000000000000000, 1.000000000000000000, 1.000000000000000000, 1.000000000000000000, 1.000000000000000000, 1.000000000000000000, 1.000000000000000000, 1.000000000000000000, 1.000000000000000000, 1.000000000000000000, 1.000000000000000000, 1.000000000000000000, 1.000000000000000000, 1.000000000000000000, 1.000000000000000000, 1.000000000000000000, 1.000000000000000000, 1.000000000000000000, 1.000000000000000000, 1.000000000000000000, 1.000000000000000000, 1.000000000000000000, 1.000000000000000000, 1.000000000000000000, 1.000000000000000000, 1.000000000000000000, 1.000000000000000000, 1.000000000000000000, 1.000000000000000000, 1.000000000000000000, 1.000000000000000000, 1.000000000000000000, 1.000000000000000000, 1.000000000000000000, 1.000000000000000000, 1.000000000000000000, 1.000000000000000000, 1.000000000000000000, 1.000000000000000000, 1.000000000000000000, 1.000000000000000000, 1.000000000000000000, 1.000000000000000000, 1.000000000000000000, 1.000000000000000000, 1.000000000000000000, 1.000000000000000000, 1.000000000000000000, 1.000000000000000000, 1.000000000000000000, 1.000000000000000000, 1.000000000000000000, 1.000000000000000000, 1.000000000000000000) ) ) 
 REPRESENTATION_ITEM ( '' )  SURFACE ( )  );
#446 = CARTESIAN_POINT ( 'NONE',  ( 7.490970600951138676E-17, 0.000000000000000000, -2.713546265191241424 ) ) ;
#447 = CARTESIAN_POINT ( 'NONE',  ( 0.000000000000000000, -5.500000000000000000, -1.500000000000000222 ) ) ;
#448 = CARTESIAN_POINT ( 'NONE',  ( 1.154700538379229702, -0.5386751503724815926, 2.289400661040731235E-07 ) ) ;
#449 = DIRECTION ( 'NONE',  ( -1.717050477708608358E-07, 0.5000000000000025535, 0.8660254037844200559 ) ) ;
#450 = CARTESIAN_POINT ( 'NONE',  ( 0.4431511962900334667, -6.000000000000000000, 0.8988329646072038548 ) ) ;
#451 = CARTESIAN_POINT ( 'NONE',  ( -1.241025261724194140, -3.080341817039143226, -0.7165065970016085695 ) ) ;
#452 = CARTESIAN_POINT ( 'NONE',  ( -0.5773504674575339335, -2.205341817039144559, 0.9999998855299450096 ) ) ;
#453 = CARTESIAN_POINT ( 'NONE',  ( 0.8273505533100447007, -5.205341817039140118, -1.433012537855178570 ) ) ;
#454 = CARTESIAN_POINT ( 'NONE',  ( -0.8273499850691601321, -0.1220084837058174332, -1.433012865929203405 ) ) ;
#455 = EDGE_LOOP ( 'NONE', ( #59, #1356, #342, #1135 ) ) ;
#456 = CARTESIAN_POINT ( 'NONE',  ( -1.500000000000000000, -5.500000000000000000, -0.09817475406222261891 ) ) ;
#457 = CARTESIAN_POINT ( 'NONE',  ( -0.5773504674575257178, -1.705341817039145447, 0.9999998855299495615 ) ) ;
#458 = CARTESIAN_POINT ( 'NONE',  ( -0.5050074531569641589, -6.000000000000000888, -0.8731325541854771943 ) ) ;
#459 = CARTESIAN_POINT ( 'NONE',  ( 0.2592825578104167583, -6.000000000000000000, -0.9680166508139964598 ) ) ;
#460 = CARTESIAN_POINT ( 'NONE',  ( -2.841204352850954831E-07, -3.913675150372474931, 1.433012701892189877 ) ) ;
#461 = CARTESIAN_POINT ( 'NONE',  ( -0.5773504674575340445, -1.705341817039145447, 0.9999998855299450096 ) ) ;
#462 = CARTESIAN_POINT ( 'NONE',  ( -1.982679109519870032E-07, -0.6636751503724808154, 0.9999999999999824585 ) ) ;
#463 = LINE ( 'NONE', #2003, #763 ) ;
#464 = CARTESIAN_POINT ( 'NONE',  ( 0.9149846742274106992, -5.500000000000000000, -1.192661447462831426 ) ) ;
#465 = CARTESIAN_POINT ( 'NONE',  ( -1.452024976220994024, -5.500000000000000000, -0.3889238367156214737 ) ) ;
#466 = FACE_OUTER_BOUND ( 'NONE', #1562, .T. ) ;
#467 = CARTESIAN_POINT ( 'NONE',  ( 0.000000000000000000, -5.500000000000000000, -1.500000000000000222 ) ) ;
#468 = LINE ( 'NONE', #1996, #936 ) ;
#469 = CARTESIAN_POINT ( 'NONE',  ( 0.8988329646072009682, -6.000000000000000000, -0.4431511962900318014 ) ) ;
#470 = VECTOR ( 'NONE', #824, 1000.000000000000227 ) ;
#471 = CARTESIAN_POINT ( 'NONE',  ( -1.241025545844629985, -2.497008483705811077, 0.7165061048905806418 ) ) ;
#472 = CARTESIAN_POINT ( 'NONE',  ( -0.7517260248313921700, -5.500000000000000000, 1.301747389444807279 ) ) ;
#473 = CARTESIAN_POINT ( 'NONE',  ( -1.452024976220987140, -6.000000000000000888, 0.3889238367156262477 ) ) ;
#474 = MECHANICAL_DESIGN_GEOMETRIC_PRESENTATION_REPRESENTATION (  '', ( #1764 ), #1299 ) ;
#475 = CARTESIAN_POINT ( 'NONE',  ( 1.982679138514271832E-07, -1.913675150372478484, -0.9999999999999794609 ) ) ;
#476 = CARTESIAN_POINT ( 'NONE',  ( -0.8660253046504655661, -0.3303418170391486108, -0.5000001717050367445 ) ) ;
#477 = CARTESIAN_POINT ( 'NONE',  ( 0.8273505533100646847, -0.2053418170391502484, -1.433012537855165247 ) ) ;
#478 = CARTESIAN_POINT ( 'NONE',  ( -0.3222156684401444315, -6.000000000000000000, 0.9489261004153736190 ) ) ;
#479 = CARTESIAN_POINT ( 'NONE',  ( 0.1963471293327591627, -5.500000000000000000, -1.490330864988698822 ) ) ;
#480 = EDGE_CURVE ( 'NONE', #2226, #242, #1985, .T. ) ;
#481 = CARTESIAN_POINT ( 'NONE',  ( 0.5773500709217032067, -1.122008483705813076, 1.000000114470014134 ) ) ;
#482 = CARTESIAN_POINT ( 'NONE',  ( -0.7517260248313948345, -6.000000000000000000, -1.301747389444809277 ) ) ;
#483 = CARTESIAN_POINT ( 'NONE',  ( 0.3222156684401453752, -6.000000000000000000, -0.9489261004153739520 ) ) ;
#484 = CARTESIAN_POINT ( 'NONE',  ( 1.219727444046192488E-16, -6.000000000000000000, 1.000000000000000222 ) ) ;
#485 = CARTESIAN_POINT ( 'NONE',  ( -0.7533868040790259180, -6.000000000000000000, -0.6608267582940660079 ) ) ;
#486 = CARTESIAN_POINT ( 'NONE',  ( -2.841204351159599441E-07, -2.413675150372478040, 1.433012701892190321 ) ) ;
#487 = CARTESIAN_POINT ( 'NONE',  ( -0.8273505533100442566, -4.955341817039142782, 1.433012537855179680 ) ) ;
#488 = ORIENTED_EDGE ( 'NONE', *, *, #886, .T. ) ;
#489 = CARTESIAN_POINT ( 'NONE',  ( 7.490970600951138676E-17, 30.00000000000000000, -2.713546265191241424 ) ) ;
#490 = CARTESIAN_POINT ( 'NONE',  ( -0.8273505533100438125, -0.9553418170391483333, 1.433012537855181012 ) ) ;
#491 = CARTESIAN_POINT ( 'NONE',  ( 1.423389150623060040, -5.500000000000000000, -0.4833235026602185624 ) ) ;
#492 = CARTESIAN_POINT ( 'NONE',  ( 1.452024976221000685, -6.000000000000000888, 0.3889238367156252485 ) ) ;
#493 = CARTESIAN_POINT ( 'NONE',  ( -0.4833235026602247797, -6.000000000000000000, -1.423389150623062704 ) ) ;
#494 = CARTESIAN_POINT ( 'NONE',  ( 2.104461552161529187E-07, -5.949137834598432484, -1.061423170852119124 ) ) ;
#495 = CARTESIAN_POINT ( 'NONE',  ( 0.8273499850691733437, -4.872008483705806192, 1.433012865929199187 ) ) ;
#496 = CARTESIAN_POINT ( 'NONE',  ( 1.452024976220993580, -6.000000000000000888, -0.3889238367156254705 ) ) ;
#497 = CARTESIAN_POINT ( 'NONE',  ( 1.490330864988693493, -6.000000000000000888, 0.1963471293327578859 ) ) ;
#498 = CARTESIAN_POINT ( 'NONE',  ( -1.654700538379215935, -1.038675150372481149, -3.280740181061134447E-07 ) ) ;
#499 = CARTESIAN_POINT ( 'NONE',  ( 0.8660255029183789865, -0.4970084837058151850, -0.4999998282949391637 ) ) ;
#500 = CARTESIAN_POINT ( 'NONE',  ( -1.241025545844630207, -1.997008483705814408, 0.7165061048905807528 ) ) ;
#501 = CARTESIAN_POINT ( 'NONE',  ( -0.1202781040928843359, -5.755875674119733887, -1.261236511357570977 ) ) ;
#502 = CARTESIAN_POINT ( 'NONE',  ( 0.7951076316418852485, -6.000000000000000000, -0.6099897828182738735 ) ) ;
#503 = CARTESIAN_POINT ( 'NONE',  ( -1.654700538379216379, -1.538675150372479594, -3.280740284272273241E-07 ) ) ;
#504 = ORIENTED_EDGE ( 'NONE', *, *, #1461, .F. ) ;
#505 = CARTESIAN_POINT ( 'NONE',  ( 0.2592825578104174800, -6.000000000000000000, 0.9680166508139879111 ) ) ;
#506 = CARTESIAN_POINT ( 'NONE',  ( 0.000000000000000000, -5.500000000000000000, -1.500000000000000222 ) ) ;
#507 =( NAMED_UNIT ( * ) PLANE_ANGLE_UNIT ( ) SI_UNIT ( $, .RADIAN. ) );
#508 = CARTESIAN_POINT ( 'NONE',  ( -2.974016590251369061E-07, 0.1249999842223403906, 1.499999999999973133 ) ) ;
#509 = CARTESIAN_POINT ( 'NONE',  ( 0.3889238367156254150, -6.000000000000000888, 1.452024976220978925 ) ) ;
#510 = CARTESIAN_POINT ( 'NONE',  ( 0.7517260248313974991, -6.000000000000000888, 1.301747389444812608 ) ) ;
#511 = CARTESIAN_POINT ( 'NONE',  ( -1.654700538379216157, -1.538675150372479594, -3.280740182726468454E-07 ) ) ;
#512 = CARTESIAN_POINT ( 'NONE',  ( -0.5773504674575347106, -0.2053418170391485276, 0.9999998855299450096 ) ) ;
#513 = CARTESIAN_POINT ( 'NONE',  ( -0.8273499850691723445, -2.122008483705812854, -1.433012865929198076 ) ) ;
#514 = ORIENTED_EDGE ( 'NONE', *, *, #249, .F. ) ;
#515 = DIRECTION ( 'NONE',  ( 0.4999999999999998890, 0.000000000000000000, -0.8660254037844387076 ) ) ;
#516 = ADVANCED_FACE ( 'NONE', ( #1810 ), #1080, .F. ) ;
#517 = CARTESIAN_POINT ( 'NONE',  ( -1.490330864988691939, -6.000000000000000888, -0.1963471293327595790 ) ) ;
#518 = CARTESIAN_POINT ( 'NONE',  ( 0.5773504674575268281, -3.955341817039140562, -0.9999998855299476741 ) ) ;
#519 =( GEOMETRIC_REPRESENTATION_CONTEXT ( 3 ) GLOBAL_UNCERTAINTY_ASSIGNED_CONTEXT ( ( #1077 ) ) GLOBAL_UNIT_ASSIGNED_CONTEXT ( ( #692, #1927, #2062 ) ) REPRESENTATION_CONTEXT ( 'NONE', 'WORKASPACE' ) );
#520 = ORIENTED_EDGE ( 'NONE', *, *, #798, .F. ) ;
#521 = CARTESIAN_POINT ( 'NONE',  ( 1.490330864988699044, -5.500000000000000000, -0.1963471293327598011 ) ) ;
#522 = CARTESIAN_POINT ( 'NONE',  ( -0.2592825578104189788, -6.000000000000000000, -0.9680166508140004566 ) ) ;
#523 = CARTESIAN_POINT ( 'NONE',  ( 1.490330864988699044, -5.500000000000000000, -0.1963471293327598011 ) ) ;
#524 = CARTESIAN_POINT ( 'NONE',  ( 1.654700538379217045, -4.788675150372473155, 3.280740218035711840E-07 ) ) ;
#525 = CARTESIAN_POINT ( 'NONE',  ( 0.9912401374411008437, -6.000000000000000888, -1.130080206118529107 ) ) ;
#526 = CARTESIAN_POINT ( 'NONE',  ( 1.301747389444807057, -6.000000000000000888, 0.7517260248313920590 ) ) ;
#527 = CARTESIAN_POINT ( 'NONE',  ( 1.654700538379217045, -0.2886751503724830914, 3.280740218634621838E-07 ) ) ;
#528 = CARTESIAN_POINT ( 'NONE',  ( -0.8660253046504640118, -1.330341817039146113, -0.5000001717050399641 ) ) ;
#529 = CARTESIAN_POINT ( 'NONE',  ( -0.8273499850691725666, -2.622008483705811965, -1.433012865929198076 ) ) ;
#530 = DIRECTION ( 'NONE',  ( 1.717050482166852985E-07, 0.4999999999999985012, -0.8660254037844224984 ) ) ;
#531 = LINE ( 'NONE', #707, #620 ) ;
#532 = CARTESIAN_POINT ( 'NONE',  ( -0.8678315929632042236, -6.000000000000000000, -0.5011506832209310369 ) ) ;
#533 = CARTESIAN_POINT ( 'NONE',  ( 0.7517260248313967219, -5.500000000000000000, -1.301747389444804393 ) ) ;
#534 = SURFACE_STYLE_USAGE ( .BOTH. , #2067 ) ;
#535 = CARTESIAN_POINT ( 'NONE',  ( -0.8660257011860800214, 0.08333331755567374710, 1.499999828295045301 ) ) ;
#536 = CARTESIAN_POINT ( 'NONE',  ( 0.9149846742274126976, -6.000000000000000888, 1.192661447462823210 ) ) ;
#537 = CARTESIAN_POINT ( 'NONE',  ( -0.8273499850691723445, -1.122008483705813964, -1.433012865929197410 ) ) ;
#538 = CARTESIAN_POINT ( 'NONE',  ( 1.154700538379229924, -1.038675150372480260, 2.289400705340805046E-07 ) ) ;
#539 = CARTESIAN_POINT ( 'NONE',  ( -1.241025261724194584, -3.580341817039143226, -0.7165065970016089025 ) ) ;
#540 = FACE_BOUND ( 'NONE', #860, .T. ) ;
#541 = CARTESIAN_POINT ( 'NONE',  ( 0.5773504674575264950, -5.455341817039138341, -0.9999998855299481182 ) ) ;
#542 = CARTESIAN_POINT ( 'NONE',  ( -0.1963471293327594958, -6.000000000000000888, 1.490330864988693493 ) ) ;
#543 = CARTESIAN_POINT ( 'NONE',  ( -0.8697688578327432696, 1.496435676755036901E-14, 1.075309097088312571 ) ) ;
#544 = EDGE_CURVE ( 'NONE', #2226, #280, #1762, .T. ) ;
#545 = CARTESIAN_POINT ( 'NONE',  ( 1.654700538379217045, -1.788675150372479150, 3.280740252344803603E-07 ) ) ;
#546 = CARTESIAN_POINT ( 'NONE',  ( -0.9489261004153720647, -6.000000000000000000, 0.3222156684401490945 ) ) ;
#547 = CARTESIAN_POINT ( 'NONE',  ( 1.982679115537211677E-07, -4.913675150372472267, -0.9999999999999800160 ) ) ;
#548 = CARTESIAN_POINT ( 'NONE',  ( 0.7517260248313941684, -5.500000000000000000, 1.301747389444806169 ) ) ;
#549 = CARTESIAN_POINT ( 'NONE',  ( -0.5773504674575343776, -1.205341817039147001, 0.9999998855299450096 ) ) ;
#550 = CARTESIAN_POINT ( 'NONE',  ( 1.241025261724195028, -1.830341817039148999, 0.7165065970016116781 ) ) ;
#551 = DIRECTION ( 'NONE',  ( 0.000000000000000000, 0.000000000000000000, 1.000000000000000000 ) ) ;
#552 = CARTESIAN_POINT ( 'NONE',  ( -1.269336797715801657, -1.605001634476474223E-17, 0.6650635291075791544 ) ) ;
#553 =( BOUNDED_CURVE ( )  B_SPLINE_CURVE ( 2, ( #2036, #114, #1159, #477, #968, #454, #637, #1861, #294 ),
 .UNSPECIFIED., .F., .T. ) 
 B_SPLINE_CURVE_WITH_KNOTS ( ( 3, 2, 2, 2, 3 ),
 ( 0.8888888888888908379, 0.9027777777777792334, 0.9166666666666676289, 0.9305555555555560243, 0.9438783281239840894 ),
 .UNSPECIFIED. ) 
 CURVE ( )  GEOMETRIC_REPRESENTATION_ITEM ( )  RATIONAL_B_SPLINE_CURVE ( ( 0.9999999999999806821, 0.8660254037844580255, 1.000000000000000000, 0.8660254037844387076, 1.000000000000000000, 0.8660254037844387076, 1.000000000000000000, 0.8714862585764580061, 0.9895234633950467096 ) ) 
 REPRESENTATION_ITEM ( '' )  );
#554 = AXIS2_PLACEMENT_3D ( 'NONE', #567, #1251, #1930 ) ;
#555 = ORIENTED_EDGE ( 'NONE', *, *, #299, .F. ) ;
#556 = VECTOR ( 'NONE', #251, 1000.000000000000000 ) ;
#557 = CARTESIAN_POINT ( 'NONE',  ( -0.2213369534442641284, -4.018483522666986400E-16, 1.291825930440426040 ) ) ;
#558 = CARTESIAN_POINT ( 'NONE',  ( -0.8273499850691721225, -3.622008483705808857, -1.433012865929198743 ) ) ;
#559 = EDGE_CURVE ( 'NONE', #709, #1431, #1541, .T. ) ;
#560 = CARTESIAN_POINT ( 'NONE',  ( -0.4833235026602140105, -5.500000000000000000, 1.423389150623061816 ) ) ;
#561 = CARTESIAN_POINT ( 'NONE',  ( 1.982679117792351931E-07, -2.913675150372476264, -0.9999999999999794609 ) ) ;
#562 = CARTESIAN_POINT ( 'NONE',  ( 0.6613696064372657224, -5.765116284638971855, 1.076733177003701636 ) ) ;
#563 = CARTESIAN_POINT ( 'NONE',  ( -0.8273499850691721225, -0.1220084837058174332, -1.433012865929197188 ) ) ;
#564 = VERTEX_POINT ( 'NONE', #854 ) ;
#565 = CARTESIAN_POINT ( 'NONE',  ( 1.000000000000000222, -6.000000000000000000, -0.06544983604148016387 ) ) ;
#566 = CARTESIAN_POINT ( 'NONE',  ( -1.154700538379228814, -4.788675150372472267, -2.289400637402243434E-07 ) ) ;
#567 = CARTESIAN_POINT ( 'NONE',  ( 0.000000000000000000, -6.000000000000000000, 0.000000000000000000 ) ) ;
#568 = CARTESIAN_POINT ( 'NONE',  ( -1.982679158226891889E-07, -3.663675150372474931, 0.9999999999999813483 ) ) ;
#569 = CARTESIAN_POINT ( 'NONE',  ( 1.241025261724191475, -1.830341817039145669, 0.7165065970016174512 ) ) ;
#570 = CARTESIAN_POINT ( 'NONE',  ( -1.192661447462826318, -6.000000000000000888, 0.9149846742274155842 ) ) ;
#571 = CARTESIAN_POINT ( 'NONE',  ( -1.982679112902580281E-07, -3.663675150372474931, 0.9999999999999811262 ) ) ;
#572 = CARTESIAN_POINT ( 'NONE',  ( 1.192661447462830093, -5.500000000000000000, 0.9149846742274131417 ) ) ;
#573 = SURFACE_STYLE_FILL_AREA ( #2113 ) ;
#574 = CARTESIAN_POINT ( 'NONE',  ( -2.841204351133579119E-07, -0.9136751503724844792, 1.433012701892190988 ) ) ;
#575 = ORIENTED_EDGE ( 'NONE', *, *, #1928, .T. ) ;
#576 = CARTESIAN_POINT ( 'NONE',  ( 0.8273505533100444786, -5.205341817039138341, -1.433012537855178570 ) ) ;
#577 = CARTESIAN_POINT ( 'NONE',  ( -0.8660253046504658991, -2.830341817039143226, -0.5000001717050375216 ) ) ;
#578 = CARTESIAN_POINT ( 'NONE',  ( -0.5587966794670581328, -6.753396695445072810E-16, 1.225388192298134005 ) ) ;
#579 = CARTESIAN_POINT ( 'NONE',  ( 0.000000000000000000, 0.000000000000000000, 0.000000000000000000 ) ) ;
#580 = CARTESIAN_POINT ( 'NONE',  ( -1.654700538379216379, -3.038675150372476264, -3.280740277109735110E-07 ) ) ;
#581 = CARTESIAN_POINT ( 'NONE',  ( -1.452024976221002239, -6.000000000000000888, -0.3889238367156231946 ) ) ;
#582 = CARTESIAN_POINT ( 'NONE',  ( -0.5773500709217024296, -2.372008483705810633, -1.000000114470011470 ) ) ;
#583 = CARTESIAN_POINT ( 'NONE',  ( 1.136254738368712047, -5.738177264550492040, 0.5929500671302116999 ) ) ;
#584 = CARTESIAN_POINT ( 'NONE',  ( 1.241025545844631539, 0.2529915162941811513, -0.7165061048905766450 ) ) ;
#585 = CARTESIAN_POINT ( 'NONE',  ( 1.241025545844630873, -5.247008483705805304, -0.7165061048905786434 ) ) ;
#586 = CARTESIAN_POINT ( 'NONE',  ( 0.8660255029183783204, -3.497008483705808413, -0.4999998282949408845 ) ) ;
#587 = EDGE_CURVE ( 'NONE', #1214, #68, #1227, .T. ) ;
#588 = CARTESIAN_POINT ( 'NONE',  ( 0.5773500709217018745, -4.122008483705807080, 1.000000114470013912 ) ) ;
#589 = CARTESIAN_POINT ( 'NONE',  ( 1.241025545844635536, -2.247008483705811521, -0.7165061048905707608 ) ) ;
#590 = CARTESIAN_POINT ( 'NONE',  ( -1.500000000000001110, -6.000000000000000888, -0.09817475406222268830 ) ) ;
#591 = CARTESIAN_POINT ( 'NONE',  ( 1.154700538379229036, -4.038675150372473155, 2.289400649383388947E-07 ) ) ;
#592 = CARTESIAN_POINT ( 'NONE',  ( 0.9149846742274148070, -5.500000000000000000, 1.192661447462828539 ) ) ;
#593 = CARTESIAN_POINT ( 'NONE',  ( 0.9744193220887704676, -6.000000000000000000, 0.2604798378044408391 ) ) ;
#594 = ORIENTED_EDGE ( 'NONE', *, *, #84, .F. ) ;
#595 = LINE ( 'NONE', #1776, #556 ) ;
#596 = CARTESIAN_POINT ( 'NONE',  ( -0.09817475406222006540, -5.500000000000000000, 1.500000000000000222 ) ) ;
#597 = CARTESIAN_POINT ( 'NONE',  ( -1.982679112338795680E-07, -3.163675150372475819, 0.9999999999999815703 ) ) ;
#598 = CARTESIAN_POINT ( 'NONE',  ( -0.5773500709217018745, -4.872008483705805304, -1.000000114470012802 ) ) ;
#599 = DIRECTION ( 'NONE',  ( -0.000000000000000000, -1.000000000000000000, -0.000000000000000000 ) ) ;
#600 = CARTESIAN_POINT ( 'NONE',  ( 0.7517260248313941684, -5.500000000000000000, 1.301747389444806169 ) ) ;
#601 = CARTESIAN_POINT ( 'NONE',  ( 0.5773504674575266060, -4.455341817039139229, -0.9999998855299476741 ) ) ;
#602 = CARTESIAN_POINT ( 'NONE',  ( 0.4216572133823929813, -5.775954660967872023, 1.170399511030295825 ) ) ;
#603 = CARTESIAN_POINT ( 'NONE',  ( -0.2603594115732185132, -6.000000000000000888, -0.9746265108370955055 ) ) ;
#604 = CARTESIAN_POINT ( 'NONE',  ( 1.654700538379217489, -1.288675150372482259, 3.280740217226916607E-07 ) ) ;
#605 = CARTESIAN_POINT ( 'NONE',  ( 2.841204354391512944E-07, -5.163675150372472267, -1.433012701892188767 ) ) ;
#606 = CARTESIAN_POINT ( 'NONE',  ( -1.982679110647440027E-07, -1.663675150372479150, 0.9999999999999822364 ) ) ;
#607 = CARTESIAN_POINT ( 'NONE',  ( 0.8660253046504654550, -4.080341817039141006, 0.5000001717050408523 ) ) ;
#608 = CARTESIAN_POINT ( 'NONE',  ( 0.8660253046504962082, -0.08034181703914364259, 0.5000001717049896710 ) ) ;
#609 = CARTESIAN_POINT ( 'NONE',  ( 0.1308980862218398211, -6.000000000000000000, -0.9935539099924649564 ) ) ;
#610 = CARTESIAN_POINT ( 'NONE',  ( 1.982679120047492714E-07, -0.9136751503724810375, -0.9999999999999787947 ) ) ;
#611 = CARTESIAN_POINT ( 'NONE',  ( -0.8006674408539415921, -5.999999999999999112, 0.6136488130046287015 ) ) ;
#612 = ORIENTED_EDGE ( 'NONE', *, *, #1278, .F. ) ;
#613 = FACE_OUTER_BOUND ( 'NONE', #648, .T. ) ;
#614 = CARTESIAN_POINT ( 'NONE',  ( -1.982679160112400465E-07, -3.163675150372475819, 0.9999999999999815703 ) ) ;
#615 = CARTESIAN_POINT ( 'NONE',  ( -0.5773504674575260509, -3.205341817039142782, 0.9999998855299493394 ) ) ;
#616 = CARTESIAN_POINT ( 'NONE',  ( -1.490330864988698378, -5.500000000000000000, -0.1963471293327608835 ) ) ;
#617 = CARTESIAN_POINT ( 'NONE',  ( 0.000000000000000000, 30.00000000000000000, 0.000000000000000000 ) ) ;
#618 = CARTESIAN_POINT ( 'NONE',  ( 0.8988329646072009682, -6.000000000000000000, -0.4431511962900318014 ) ) ;
#619 = DIRECTION ( 'NONE',  ( 0.8660253046505318464, -0.000000000000000000, 0.5000001717049239458 ) ) ;
#620 = VECTOR ( 'NONE', #382, 1000.000000000000000 ) ;
#621 = ADVANCED_FACE ( 'NONE', ( #150 ), #1459, .F. ) ;
#622 = DIRECTION ( 'NONE',  ( -0.000000000000000000, 1.000000000000000000, -0.000000000000000000 ) ) ;
#623 = CARTESIAN_POINT ( 'NONE',  ( 0.9935539099924662887, -6.000000000000000000, -0.1308980862218405428 ) ) ;
#624 = ORIENTED_EDGE ( 'NONE', *, *, #2222, .F. ) ;
#625 = CARTESIAN_POINT ( 'NONE',  ( 1.241025545844630873, -4.247008483705807969, -0.7165061048905783103 ) ) ;
#626 = CARTESIAN_POINT ( 'NONE',  ( -1.241025261724194806, -5.080341817039140118, -0.7165065970016093466 ) ) ;
#627 = FACE_OUTER_BOUND ( 'NONE', #366, .T. ) ;
#628 = VERTEX_POINT ( 'NONE', #608 ) ;
#629 = CARTESIAN_POINT ( 'NONE',  ( 1.000000000000000222, -6.000000000000000000, 0.06544983604148002510 ) ) ;
#630 = CARTESIAN_POINT ( 'NONE',  ( -0.8660255029183770992, -1.747008483705811965, 0.4999998282949433825 ) ) ;
#631 = CARTESIAN_POINT ( 'NONE',  ( -0.9745534949804872671, -5.999999999999999112, 0.2605354140359509296 ) ) ;
#632 = CARTESIAN_POINT ( 'NONE',  ( 0.8660253046505365093, -0.5803418170391366759, 0.5000001717049198380 ) ) ;
#633 = ORIENTED_EDGE ( 'NONE', *, *, #249, .T. ) ;
#634 = CARTESIAN_POINT ( 'NONE',  ( 2.841204357210438592E-07, -2.663675150372477596, -1.433012701892188101 ) ) ;
#635 = CARTESIAN_POINT ( 'NONE',  ( -1.490330864988705706, -6.000000000000000888, 0.1963471293327627709 ) ) ;
#636 = CARTESIAN_POINT ( 'NONE',  ( -1.982679108956084902E-07, -0.1636751503724820922, 0.9999999999999826805 ) ) ;
#637 = CARTESIAN_POINT ( 'NONE',  ( -1.241025261724190365, -0.08034181703915101169, -0.7165065970016141206 ) ) ;
#638 = ORIENTED_EDGE ( 'NONE', *, *, #314, .T. ) ;
#639 = CARTESIAN_POINT ( 'NONE',  ( -2.349999999999999201, 30.00000000000000000, 1.356773132595621600 ) ) ;
#640 = CARTESIAN_POINT ( 'NONE',  ( 1.982679119483707585E-07, -1.413675150372479816, -0.9999999999999790168 ) ) ;
#641 = CARTESIAN_POINT ( 'NONE',  ( -0.1963471293327627987, -5.500000000000000000, -1.490330864988698378 ) ) ;
#642 = CARTESIAN_POINT ( 'NONE',  ( 0.6099897828182770931, -6.000000000000000000, 0.7951076316418841383 ) ) ;
#643 = CARTESIAN_POINT ( 'NONE',  ( -1.241025545844629985, -2.997008483705810633, 0.7165061048905805308 ) ) ;
#644 = CARTESIAN_POINT ( 'NONE',  ( 1.154700538379229480, -3.038675150372475819, 2.289400687366664526E-07 ) ) ;
#645 = CARTESIAN_POINT ( 'NONE',  ( -2.841204355080074497E-07, -4.413675150372477596, 1.433012701892189877 ) ) ;
#646 = CARTESIAN_POINT ( 'NONE',  ( -1.255409883886881239, -5.578858140573790259, -0.6909930732095368455 ) ) ;
#647 = EDGE_CURVE ( 'NONE', #1484, #1512, #1289, .T. ) ;
#648 = EDGE_LOOP ( 'NONE', ( #1160, #1465, #1319, #686, #1918, #1679, #1744 ) ) ;
#649 = CARTESIAN_POINT ( 'NONE',  ( -1.192661447462830981, -5.500000000000000000, -0.9149846742274114764 ) ) ;
#650 = CARTESIAN_POINT ( 'NONE',  ( -0.5773504674575256068, -0.2053418170391485276, 0.9999998855299502276 ) ) ;
#651 = CARTESIAN_POINT ( 'NONE',  ( 2.104461552161529187E-07, -5.949137834598432484, -1.061423170852119124 ) ) ;
#652 = CARTESIAN_POINT ( 'NONE',  ( 0.5011506832209289275, -6.000000000000000000, 0.8678315929632056669 ) ) ;
#653 = PRESENTATION_LAYER_ASSIGNMENT (  '', '', ( #1764 ) ) ;
#654 = CARTESIAN_POINT ( 'NONE',  ( 2.841204355519083203E-07, -4.163675150372474043, -1.433012701892188545 ) ) ;
#655 = CARTESIAN_POINT ( 'NONE',  ( -0.4833235026602140105, -5.500000000000000000, 1.423389150623061816 ) ) ;
#656 = VECTOR ( 'NONE', #861, 1000.000000000000000 ) ;
#657 = CARTESIAN_POINT ( 'NONE',  ( -1.154700538379228592, -0.7886751503724810375, -2.289400624079567403E-07 ) ) ;
#658 = CARTESIAN_POINT ( 'NONE',  ( -2.349999999999999201, 0.000000000000000000, 1.356773132595621600 ) ) ;
#659 = CARTESIAN_POINT ( 'NONE',  ( 0.8273505533100499187, -1.205341817039147667, -1.433012537855174351 ) ) ;
#660 = CARTESIAN_POINT ( 'NONE',  ( -0.8988329646072008572, -6.000000000000000000, 0.4431511962900331336 ) ) ;
#661 = CARTESIAN_POINT ( 'NONE',  ( -1.500000000000001110, -6.000000000000000888, -0.09817475406222268830 ) ) ;
#662 =( LENGTH_UNIT ( ) NAMED_UNIT ( * ) SI_UNIT ( .MILLI., .METRE. ) );
#663 = CARTESIAN_POINT ( 'NONE',  ( -1.255409883886881239, -5.578858140573790259, -0.6909930732095368455 ) ) ;
#664 = CARTESIAN_POINT ( 'NONE',  ( 1.130080206118543318, -6.000000000000000888, -0.9912401374411151656 ) ) ;
#665 = CARTESIAN_POINT ( 'NONE',  ( 1.192661447462830537, -6.000000000000000888, -0.9149846742274199141 ) ) ;
#666 = CARTESIAN_POINT ( 'NONE',  ( -1.654700538379216157, -2.038675150372478928, -3.280740184391803521E-07 ) ) ;
#667 = CARTESIAN_POINT ( 'NONE',  ( 0.5773504674575319351, -0.9553418170391476671, -0.9999998855299437883 ) ) ;
#668 = CARTESIAN_POINT ( 'NONE',  ( -1.241025545844630429, -2.997008483705811965, 0.7165061048905804197 ) ) ;
#669 = CARTESIAN_POINT ( 'NONE',  ( -0.8158249501254259961, -5.652970963764622603, -1.097717092196097255 ) ) ;
#670 = CARTESIAN_POINT ( 'NONE',  ( 1.241025545844630873, -0.7470084837058154070, -0.7165061048905780883 ) ) ;
#671 = ORIENTED_EDGE ( 'NONE', *, *, #1278, .T. ) ;
#672 = CARTESIAN_POINT ( 'NONE',  ( 0.1963471293327589962, -6.000000000000000888, -1.490330864988698378 ) ) ;
#673 = CARTESIAN_POINT ( 'NONE',  ( 0.6647267944350473412, -5.500000000000000000, 1.348249446910802174 ) ) ;
#674 = PRESENTATION_STYLE_ASSIGNMENT (( #534 ) ) ;
#675 = CARTESIAN_POINT ( 'NONE',  ( 1.732050807568844331, -0.2500000157776584575, 3.434098574221777778E-07 ) ) ;
#676 = EDGE_CURVE ( 'NONE', #390, #709, #1982, .T. ) ;
#677 = CARTESIAN_POINT ( 'NONE',  ( 0.9912401374411061727, -6.000000000000000000, 1.130080206118537989 ) ) ;
#678 = CARTESIAN_POINT ( 'NONE',  ( 0.9912401374411061727, -6.000000000000000000, 1.130080206118537989 ) ) ;
#679 = CARTESIAN_POINT ( 'NONE',  ( -0.8660255029183775433, -5.747008483705803528, 0.4999998282949420503 ) ) ;
#680 = CARTESIAN_POINT ( 'NONE',  ( -2.841204352824933978E-07, -2.413675150372481149, 1.433012701892190544 ) ) ;
#681 = DIRECTION ( 'NONE',  ( 3.196414039866297217E-16, 0.000000000000000000, 1.000000000000000000 ) ) ;
#682 = FACE_OUTER_BOUND ( 'NONE', #1096, .T. ) ;
#683 = ORIENTED_EDGE ( 'NONE', *, *, #708, .F. ) ;
#684 = CARTESIAN_POINT ( 'NONE',  ( -0.7533868040790259180, -6.000000000000000000, -0.6608267582940660079 ) ) ;
#685 = CARTESIAN_POINT ( 'NONE',  ( -0.7517260248313948345, -6.000000000000000000, -1.301747389444809277 ) ) ;
#686 = ORIENTED_EDGE ( 'NONE', *, *, #587, .T. ) ;
#687 = CARTESIAN_POINT ( 'NONE',  ( 0.8273499850693720736, 0.1279915162941930307, 1.433012865929086388 ) ) ;
#688 = CARTESIAN_POINT ( 'NONE',  ( 1.452024976221000685, -6.000000000000000888, 0.3889238367156252485 ) ) ;
#689 = CARTESIAN_POINT ( 'NONE',  ( 0.000000000000000000, -6.000000000000000888, -1.500000000000001110 ) ) ;
#690 = CARTESIAN_POINT ( 'NONE',  ( 1.154700538379228814, -5.538675150372470490, 2.289400644387385866E-07 ) ) ;
#691 = CARTESIAN_POINT ( 'NONE',  ( 2.841204357184417740E-07, -4.163675150372474931, -1.433012701892188767 ) ) ;
#692 =( LENGTH_UNIT ( ) NAMED_UNIT ( * ) SI_UNIT ( .MILLI., .METRE. ) );
#693 = VECTOR ( 'NONE', #1995, 1000.000000000000000 ) ;
#694 = CARTESIAN_POINT ( 'NONE',  ( -0.8660253046504660102, -4.330341817039140118, -0.5000001717050379657 ) ) ;
#695 = VECTOR ( 'NONE', #178, 1000.000000000000000 ) ;
#696 = ORIENTED_EDGE ( 'NONE', *, *, #737, .F. ) ;
#697 = CARTESIAN_POINT ( 'NONE',  ( -1.000000000000000222, -6.000000000000000000, 0.06544983604147860956 ) ) ;
#698 = CARTESIAN_POINT ( 'NONE',  ( -0.09817475406222006540, -5.500000000000000000, 1.500000000000000222 ) ) ;
#699 = CARTESIAN_POINT ( 'NONE',  ( -1.154700538379229258, -5.788675150372469602, -2.289400640732912772E-07 ) ) ;
#700 = CARTESIAN_POINT ( 'NONE',  ( -0.6978414964639353402, -5.824288989173821207, 0.9779678342386332046 ) ) ;
#701 = CARTESIAN_POINT ( 'NONE',  ( -2.841204366439850934E-07, -4.913675150372472267, 1.433012701892189877 ) ) ;
#702 = CARTESIAN_POINT ( 'NONE',  ( 1.423389150623066035, -6.000000000000000000, -0.4833235026602209494 ) ) ;
#703 = CARTESIAN_POINT ( 'NONE',  ( -1.982679115157720800E-07, -5.663675150372470490, 0.9999999999999804601 ) ) ;
#704 = CARTESIAN_POINT ( 'NONE',  ( 0.000000000000000000, -5.699032027715608351, -1.318305116665388521 ) ) ;
#705 = CARTESIAN_POINT ( 'NONE',  ( 0.8273505533100449227, -3.705341817039142782, -1.433012537855178126 ) ) ;
#706 = DIRECTION ( 'NONE',  ( 0.000000000000000000, 1.000000000000000000, 0.000000000000000000 ) ) ;
#707 = CARTESIAN_POINT ( 'NONE',  ( 4.196207644450929669E-16, 30.00000000000000000, 2.713546265191241424 ) ) ;
#708 = EDGE_CURVE ( 'NONE', #222, #356, #731, .T. ) ;
#709 = VERTEX_POINT ( 'NONE', #1250 ) ;
#710 = CARTESIAN_POINT ( 'NONE',  ( 0.09817475406222052337, -6.000000000000000888, 1.500000000000001110 ) ) ;
#711 = CARTESIAN_POINT ( 'NONE',  ( -1.423389150623064703, -6.000000000000000888, -0.4833235026602205608 ) ) ;
#712 = ORIENTED_EDGE ( 'NONE', *, *, #1202, .F. ) ;
#713 = CARTESIAN_POINT ( 'NONE',  ( 2.841204365839343750E-07, -2.163675150372478484, -1.433012701892188101 ) ) ;
#714 = CARTESIAN_POINT ( 'NONE',  ( -0.9680166508140009007, -6.000000000000000000, -0.2592825578104167583 ) ) ;
#715 = CARTESIAN_POINT ( 'NONE',  ( 0.5773504674575264950, -4.955341817039139229, -0.9999998855299480072 ) ) ;
#716 = CARTESIAN_POINT ( 'NONE',  ( 1.654700538379217489, -2.288675150372480260, 3.280740213896248062E-07 ) ) ;
#717 = CARTESIAN_POINT ( 'NONE',  ( -0.4948175794950549489, -5.615597809460398437, -1.313856913374870095 ) ) ;
#718 = CARTESIAN_POINT ( 'NONE',  ( 0.8660253046504663432, -4.080341817039141006, 0.5000001717050395200 ) ) ;
#719 = ORIENTED_EDGE ( 'NONE', *, *, #2126, .T. ) ;
#720 = EDGE_CURVE ( 'NONE', #1294, #213, #1946, .T. ) ;
#721 = CARTESIAN_POINT ( 'NONE',  ( -0.3889238367156219178, -5.500000000000000000, 1.452024976220993802 ) ) ;
#722 = CARTESIAN_POINT ( 'NONE',  ( -0.8273499850691662383, -2.622008483705811077, -1.433012865929201629 ) ) ;
#723 = CARTESIAN_POINT ( 'NONE',  ( 1.130080206118539321, -5.500000000000000000, -0.9912401374411036192 ) ) ;
#724 = CARTESIAN_POINT ( 'NONE',  ( -0.1308980862218389885, -6.000000000000000000, 0.9935539099924665107 ) ) ;
#725 = CARTESIAN_POINT ( 'NONE',  ( 0.8273505533100450338, -0.7053418170391480002, -1.433012537855177015 ) ) ;
#726 = DIRECTION ( 'NONE',  ( -3.196414039866296231E-16, 0.000000000000000000, -1.000000000000000000 ) ) ;
#727 = CARTESIAN_POINT ( 'NONE',  ( -1.654700538379216379, -0.03867515037248546450, -3.280740179653427628E-07 ) ) ;
#728 = EDGE_LOOP ( 'NONE', ( #594, #1353, #380 ) ) ;
#729 = CARTESIAN_POINT ( 'NONE',  ( 0.000000000000000000, 0.000000000000000000, 0.000000000000000000 ) ) ;
#730 = CARTESIAN_POINT ( 'NONE',  ( 0.6608267582940668960, -6.000000000000000000, -0.7533868040790250298 ) ) ;
#731 = LINE ( 'NONE', #1550, #1543 ) ;
#732 = MECHANICAL_DESIGN_GEOMETRIC_PRESENTATION_REPRESENTATION (  '', ( #2189 ), #257 ) ;
#733 = VERTEX_POINT ( 'NONE', #552 ) ;
#734 = CARTESIAN_POINT ( 'NONE',  ( -0.9149846742274163613, -5.500000000000000000, -1.192661447462827429 ) ) ;
#735 = CARTESIAN_POINT ( 'NONE',  ( -1.654700538379216379, -2.538675150372477596, -3.280740279497247291E-07 ) ) ;
#736 = CARTESIAN_POINT ( 'NONE',  ( 0.6647267944350524482, -5.500000000000000000, -1.348249446910800176 ) ) ;
#737 = EDGE_CURVE ( 'NONE', #1064, #383, #531, .T. ) ;
#738 = CARTESIAN_POINT ( 'NONE',  ( 0.1308980862218404873, -6.000000000000000000, 0.9935539099924733941 ) ) ;
#739 = CARTESIAN_POINT ( 'NONE',  ( 0.8660255029183778763, -4.497008483705806192, -0.4999998282949411066 ) ) ;
#740 = CARTESIAN_POINT ( 'NONE',  ( 0.9772889096319357094, -5.675788997854418483, -0.9212158205202527483 ) ) ;
#741 = CARTESIAN_POINT ( 'NONE',  ( -0.8273499850691723445, -1.622008483705814408, -1.433012865929197854 ) ) ;
#742 = CARTESIAN_POINT ( 'NONE',  ( 1.000000000000000222, -6.000000000000000000, 0.06544983604148002510 ) ) ;
#743 = CARTESIAN_POINT ( 'NONE',  ( 0.8660253046504663432, -3.080341817039142338, 0.5000001717050398531 ) ) ;
#744 = CARTESIAN_POINT ( 'NONE',  ( -1.130080206118540653, -5.500000000000000000, 0.9912401374411022870 ) ) ;
#745 = CARTESIAN_POINT ( 'NONE',  ( 0.5773500709217019855, -4.622008483705806192, 1.000000114470013690 ) ) ;
#746 = CARTESIAN_POINT ( 'NONE',  ( -0.8273499850691666824, -3.122008483705810189, -1.433012865929201407 ) ) ;
#747 = CARTESIAN_POINT ( 'NONE',  ( 0.000000000000000000, -5.500000000000000000, -1.500000000000000222 ) ) ;
#748 = CARTESIAN_POINT ( 'NONE',  ( -0.5773504674575260509, -3.705341817039141450, 0.9999998855299488953 ) ) ;
#749 = ADVANCED_FACE ( 'NONE', ( #682 ), #139, .F. ) ;
#750 = CARTESIAN_POINT ( 'NONE',  ( 1.241025261724195250, 0.1696581829608466152, 0.7165065970016123442 ) ) ;
#751 = ORIENTED_EDGE ( 'NONE', *, *, #1742, .F. ) ;
#752 = CARTESIAN_POINT ( 'NONE',  ( -1.241025545844630207, -4.997008483705806192, 0.7165061048905798646 ) ) ;
#753 = CARTESIAN_POINT ( 'NONE',  ( 0.8660255029183785425, -1.497008483705812631, -0.4999998282949401074 ) ) ;
#754 = CARTESIAN_POINT ( 'NONE',  ( -0.8660255029183780984, -4.747008483705806192, 0.4999998282949417172 ) ) ;
#755 = CARTESIAN_POINT ( 'NONE',  ( -0.8273505533100425913, -3.455341817039142782, 1.433012537855180790 ) ) ;
#756 = CARTESIAN_POINT ( 'NONE',  ( 1.348249446910801952, -5.500000000000000000, 0.6647267944350482294 ) ) ;
#757 = CARTESIAN_POINT ( 'NONE',  ( -0.8660255029183773212, -3.747008483705807524, 0.4999998282949427164 ) ) ;
#758 = LINE ( 'NONE', #1437, #693 ) ;
#759 = CARTESIAN_POINT ( 'NONE',  ( -0.8273499850691722335, -0.6220084837058161842, -1.433012865929197410 ) ) ;
#760 = ORIENTED_EDGE ( 'NONE', *, *, #676, .T. ) ;
#761 = CARTESIAN_POINT ( 'NONE',  ( 0.8273499850691725666, -4.372008483705807080, 1.433012865929199631 ) ) ;
#762 = CARTESIAN_POINT ( 'NONE',  ( -1.982679112902580810E-07, -3.663675150372474931, 0.9999999999999813483 ) ) ;
#763 = VECTOR ( 'NONE', #1171, 1000.000000000000114 ) ;
#764 = CARTESIAN_POINT ( 'NONE',  ( 0.8660253046504654550, -4.580341817039139229, 0.5000001717050404082 ) ) ;
#765 = PRODUCT_CONTEXT ( 'NONE', #12, 'mechanical' ) ;
#766 = CARTESIAN_POINT ( 'NONE',  ( 0.8273499850692929147, -0.3720084837058098004, 1.433012865929202739 ) ) ;
#767 = CARTESIAN_POINT ( 'NONE',  ( 1.192661447462830093, -5.500000000000000000, -0.9149846742274128086 ) ) ;
#768 = CARTESIAN_POINT ( 'NONE',  ( 0.5773500709217030957, -2.622008483705809745, 1.000000114470013690 ) ) ;
#769 = CARTESIAN_POINT ( 'NONE',  ( -2.473534505469849736E-14, -5.792966144998361600, 1.223938596436646487 ) ) ;
#770 = CARTESIAN_POINT ( 'NONE',  ( -0.8273505533100437015, 0.04465818296084736461, 1.433012537855181456 ) ) ;
#771 = CARTESIAN_POINT ( 'NONE',  ( -1.241025261724194584, -5.580341817039137453, -0.7165065970016092356 ) ) ;
#772 = CARTESIAN_POINT ( 'NONE',  ( 0.5773504674575269391, -2.955341817039142782, -0.9999998855299472300 ) ) ;
#773 = CARTESIAN_POINT ( 'NONE',  ( -0.8660253046504651220, -4.330341817039140118, -0.5000001717050395200 ) ) ;
#774 = CARTESIAN_POINT ( 'NONE',  ( -1.654700538379216157, -0.5386751503724824808, -3.280740171473754335E-07 ) ) ;
#775 = FACE_OUTER_BOUND ( 'NONE', #2154, .T. ) ;
#776 =( BOUNDED_SURFACE ( )  B_SPLINE_SURFACE ( 1, 2, ( 
 ( #60, #1086, #261, #1276, #943, #1767, #1107, #1614, #1957, #1585, #1259, #1423, #82, #48, #771, #1753, #421, #1295, #917, #2133, #243, #234, #585, #576, #605, #1976, #2144, #440, #752, #2106, #223, #1268, #906, #1284, #1949, #1937, #1966, #1793, #1622, #1605, #1455, #2115, #69, #761, #976, #1305, #625, #1999, #654, #1843, #800, #132, #1497, #2155, #460, #820, #1338, #1146, #1466, #1489, #955, #791, #1833, #290, #110, #2010, #809, #1822, #1987, #1508, #2177, #1653, #120, #1479, #451, #1676, #643, #2021, #1156, #1136, #1325, #983, #302, #313, #634, #2198, #1663, #2185, #471, #1125, #486, #1642, #1169, #1812, #993, #1314, #145, #281, #833, #666, #965, #2166, #1349, #2033, #1802, #271, #1631, #101, #1221, #1005, #1233, #511, #31, #207, #1408, #1911, #1180, #872, #156, #326, #1886, #537, #195, #498, #1208, #351, #1857, #1019, #1033, #1059, #2083, #725, #1690, #2060, #845, #20, #1519, #1703, #1545, #2070, #1195, #527, #1739, #893, #2047 ),
 ( #1568, #2221, #182, #1874, #679, #2211, #703, #1385, #6, #690, #1898, #340, #363, #1046, #1361, #168, #376, #1556, #1728, #1715, #857, #882, #1531, #715, #547, #1373, #1397, #397, #925, #1593, #1246, #1273, #1611, #1934, #739, #601, #1773, #1281, #1420, #1435, #2120, #64, #1924, #1581, #1750, #591, #387, #1954, #2094, #1600, #1619, #1255, #757, #748, #571, #914, #903, #1103, #87, #256, #777, #419, #2103, #44, #1093, #1445, #932, #1072, #1782, #1083, #239, #2130, #561, #219, #248, #1761, #76, #1962, #428, #768, #1111, #232, #56, #1428, #2112, #582, #1264, #1789, #940, #1943, #410, #1839, #141, #96, #1829, #1627, #1291, #816, #1984, #1132, #630, #457, #2017, #1659, #1151, #2174, #310, #277, #640, #1638, #980, #1495, #795, #1799, #436, #481, #989, #1972, #107, #1163, #610, #128, #1462, #1474, #788, #2139, #1310, #2181, #117, #448, #1143, #2162, #1672, #1122, #2150, #268, #1994, #650, #806, #1809, #1819, #286, #1452, #951, #1650 ) ),
 .UNSPECIFIED., .F., .F., .F. ) 
 B_SPLINE_SURFACE_WITH_KNOTS ( ( 2, 2 ),
 ( 3, 2, 2, 2, 2, 2, 2, 2, 2, 2, 2, 2, 2, 2, 2, 2, 2, 2, 2, 2, 2, 2, 2, 2, 2, 2, 2, 2, 2, 2, 2, 2, 2, 2, 2, 2, 2, 2, 2, 2, 2, 2, 2, 2, 2, 2, 2, 2, 2, 2, 2, 2, 2, 2, 2, 2, 2, 2, 2, 2, 2, 2, 2, 2, 2, 2, 2, 2, 2, 2, 2, 2, 3 ),
 ( 0.000000000000000000, 1.000000000000000000 ),
 ( 0.000000000000000000, 0.01388888888888888812, 0.02777777777777777624, 0.04166666666666666435, 0.05555555555555555247, 0.06944444444444444753, 0.08333333333333332871, 0.09722222222222222376, 0.1111111111111111049, 0.1250000000000000000, 0.1388888888888888951, 0.1527777777777777901, 0.1666666666666666574, 0.1805555555555555525, 0.1944444444444444475, 0.2083333333333333426, 0.2222222222222222099, 0.2361111111111111049, 0.2500000000000000000, 0.2638888888888888951, 0.2777777777777777901, 0.2916666666666666852, 0.3055555555555555802, 0.3194444444444444198, 0.3333333333333333148, 0.3472222222222222099, 0.3611111111111111049, 0.3750000000000000000, 0.3888888888888888951, 0.4027777777777777901, 0.4166666666666666852, 0.4305555555555555802, 0.4444444444444444198, 0.4583333333333333148, 0.4722222222222222099, 0.4861111111111111049, 0.5000000000000000000, 0.5138888888888888395, 0.5277777777777777901, 0.5416666666666666297, 0.5555555555555555802, 0.5694444444444444198, 0.5833333333333333703, 0.5972222222222222099, 0.6111111111111111605, 0.6250000000000000000, 0.6388888888888888395, 0.6527777777777777901, 0.6666666666666666297, 0.6805555555555555802, 0.6944444444444444198, 0.7083333333333333703, 0.7222222222222222099, 0.7361111111111111605, 0.7500000000000000000, 0.7638888888888888395, 0.7777777777777777901, 0.7916666666666666297, 0.8055555555555555802, 0.8194444444444444198, 0.8333333333333333703, 0.8472222222222222099, 0.8611111111111111605, 0.8750000000000000000, 0.8888888888888888395, 0.9027777777777777901, 0.9166666666666666297, 0.9305555555555555802, 0.9444444444444444198, 0.9583333333333333703, 0.9722222222222222099, 0.9861111111111111605, 1.000000000000000000 ),
 .UNSPECIFIED. ) 
 GEOMETRIC_REPRESENTATION_ITEM ( )  RATIONAL_B_SPLINE_SURFACE ( (
 ( 1.000000000000000000, 0.8660254037844387076, 1.000000000000000000, 0.8660254037844387076, 1.000000000000000000, 0.8660254037844387076, 1.000000000000000000, 0.8660254037844387076, 1.000000000000000000, 0.8660254037844387076, 1.000000000000000000, 0.8660254037844387076, 1.000000000000000000, 0.8660254037844387076, 1.000000000000000000, 0.8660254037844387076, 1.000000000000000000, 0.8660254037844387076, 1.000000000000000000, 0.8660254037844387076, 1.000000000000000000, 0.8660254037844387076, 1.000000000000000000, 0.8660254037844387076, 1.000000000000000000, 0.8660254037844387076, 1.000000000000000000, 0.8660254037844387076, 1.000000000000000000, 0.8660254037844387076, 1.000000000000000000, 0.8660254037844387076, 1.000000000000000000, 0.8660254037844387076, 1.000000000000000000, 0.8660254037844387076, 1.000000000000000000, 0.8660254037844387076, 1.000000000000000000, 0.8660254037844387076, 1.000000000000000000, 0.8660254037844387076, 1.000000000000000000, 0.8660254037844387076, 1.000000000000000000, 0.8660254037844387076, 1.000000000000000000, 0.8660254037844387076, 1.000000000000000000, 0.8660254037844387076, 1.000000000000000000, 0.8660254037844387076, 1.000000000000000000, 0.8660254037844387076, 1.000000000000000000, 0.8660254037844387076, 1.000000000000000000, 0.8660254037844387076, 1.000000000000000000, 0.8660254037844387076, 1.000000000000000000, 0.8660254037844387076, 1.000000000000000000, 0.8660254037844387076, 1.000000000000000000, 0.8660254037844387076, 1.000000000000000000, 0.8660254037844387076, 1.000000000000000000, 0.8660254037844387076, 1.000000000000000000, 0.8660254037844387076, 1.000000000000000000, 0.8660254037844387076, 1.000000000000000000, 0.8660254037844387076, 1.000000000000000000, 0.8660254037844387076, 1.000000000000000000, 0.8660254037844387076, 1.000000000000000000, 0.8660254037844387076, 1.000000000000000000, 0.8660254037844387076, 1.000000000000000000, 0.8660254037844387076, 1.000000000000000000, 0.8660254037844387076, 1.000000000000000000, 0.8660254037844387076, 1.000000000000000000, 0.8660254037844387076, 1.000000000000000000, 0.8660254037844387076, 1.000000000000000000, 0.8660254037844387076, 1.000000000000000000, 0.8660254037844387076, 1.000000000000000000, 0.8660254037844387076, 1.000000000000000000, 0.8660254037844387076, 1.000000000000000000, 0.8660254037844387076, 1.000000000000000000, 0.8660254037844387076, 1.000000000000000000, 0.8660254037844387076, 1.000000000000000000, 0.8660254037844387076, 1.000000000000000000, 0.8660254037844387076, 1.000000000000000000, 0.8660254037844387076, 1.000000000000000000, 0.8660254037844387076, 1.000000000000000000, 0.8660254037844387076, 1.000000000000000000, 0.8660254037844387076, 1.000000000000000000, 0.8660254037844387076, 1.000000000000000000, 0.8660254037844387076, 1.000000000000000000, 0.8660254037844387076, 1.000000000000000000, 0.8660254037844387076, 1.000000000000000000, 0.8660254037844387076, 1.000000000000000000, 0.8660254037844387076, 1.000000000000000000, 0.8660254037844387076, 1.000000000000000000, 0.8660254037844387076, 1.000000000000000000, 0.8660254037844387076, 1.000000000000000000, 0.8660254037844387076, 1.000000000000000000, 0.8660254037844387076, 1.000000000000000000, 0.8660254037844387076, 1.000000000000000000),
 ( 1.000000000000000000, 0.8660254037844387076, 1.000000000000000000, 0.8660254037844387076, 1.000000000000000000, 0.8660254037844387076, 1.000000000000000000, 0.8660254037844387076, 1.000000000000000000, 0.8660254037844387076, 1.000000000000000000, 0.8660254037844387076, 1.000000000000000000, 0.8660254037844387076, 1.000000000000000000, 0.8660254037844387076, 1.000000000000000000, 0.8660254037844387076, 1.000000000000000000, 0.8660254037844387076, 1.000000000000000000, 0.8660254037844387076, 1.000000000000000000, 0.8660254037844387076, 1.000000000000000000, 0.8660254037844387076, 1.000000000000000000, 0.8660254037844387076, 1.000000000000000000, 0.8660254037844387076, 1.000000000000000000, 0.8660254037844387076, 1.000000000000000000, 0.8660254037844387076, 1.000000000000000000, 0.8660254037844387076, 1.000000000000000000, 0.8660254037844387076, 1.000000000000000000, 0.8660254037844387076, 1.000000000000000000, 0.8660254037844387076, 1.000000000000000000, 0.8660254037844387076, 1.000000000000000000, 0.8660254037844387076, 1.000000000000000000, 0.8660254037844387076, 1.000000000000000000, 0.8660254037844387076, 1.000000000000000000, 0.8660254037844387076, 1.000000000000000000, 0.8660254037844387076, 1.000000000000000000, 0.8660254037844387076, 1.000000000000000000, 0.8660254037844387076, 1.000000000000000000, 0.8660254037844387076, 1.000000000000000000, 0.8660254037844387076, 1.000000000000000000, 0.8660254037844387076, 1.000000000000000000, 0.8660254037844387076, 1.000000000000000000, 0.8660254037844387076, 1.000000000000000000, 0.8660254037844387076, 1.000000000000000000, 0.8660254037844387076, 1.000000000000000000, 0.8660254037844387076, 1.000000000000000000, 0.8660254037844387076, 1.000000000000000000, 0.8660254037844387076, 1.000000000000000000, 0.8660254037844387076, 1.000000000000000000, 0.8660254037844387076, 1.000000000000000000, 0.8660254037844387076, 1.000000000000000000, 0.8660254037844387076, 1.000000000000000000, 0.8660254037844387076, 1.000000000000000000, 0.8660254037844387076, 1.000000000000000000, 0.8660254037844387076, 1.000000000000000000, 0.8660254037844387076, 1.000000000000000000, 0.8660254037844387076, 1.000000000000000000, 0.8660254037844387076, 1.000000000000000000, 0.8660254037844387076, 1.000000000000000000, 0.8660254037844387076, 1.000000000000000000, 0.8660254037844387076, 1.000000000000000000, 0.8660254037844387076, 1.000000000000000000, 0.8660254037844387076, 1.000000000000000000, 0.8660254037844387076, 1.000000000000000000, 0.8660254037844387076, 1.000000000000000000, 0.8660254037844387076, 1.000000000000000000, 0.8660254037844387076, 1.000000000000000000, 0.8660254037844387076, 1.000000000000000000, 0.8660254037844387076, 1.000000000000000000, 0.8660254037844387076, 1.000000000000000000, 0.8660254037844387076, 1.000000000000000000, 0.8660254037844387076, 1.000000000000000000, 0.8660254037844387076, 1.000000000000000000, 0.8660254037844387076, 1.000000000000000000, 0.8660254037844387076, 1.000000000000000000, 0.8660254037844387076, 1.000000000000000000, 0.8660254037844387076, 1.000000000000000000, 0.8660254037844387076, 1.000000000000000000, 0.8660254037844387076, 1.000000000000000000, 0.8660254037844387076, 1.000000000000000000, 0.8660254037844387076, 1.000000000000000000) ) ) 
 REPRESENTATION_ITEM ( '' )  SURFACE ( )  );
#777 = CARTESIAN_POINT ( 'NONE',  ( 1.982679117228566801E-07, -3.413675150372475375, -0.9999999999999796829 ) ) ;
#778 = CARTESIAN_POINT ( 'NONE',  ( -0.7517260248313930582, -5.500000000000000000, -1.301747389444806613 ) ) ;
#779 = CARTESIAN_POINT ( 'NONE',  ( 0.6608267582940682283, -6.000000000000000000, 0.7533868040790272502 ) ) ;
#780 = ORIENTED_EDGE ( 'NONE', *, *, #1330, .F. ) ;
#781 = CARTESIAN_POINT ( 'NONE',  ( 9.068984047253573815E-16, 5.708333317555672970, 5.968595782357809760E-15 ) ) ;
#782 = CARTESIAN_POINT ( 'NONE',  ( -0.5773500709217026516, -1.872008483705811965, -1.000000114470011470 ) ) ;
#783 = CARTESIAN_POINT ( 'NONE',  ( -0.7517260248313921700, -5.500000000000000000, 1.301747389444807279 ) ) ;
#784 = CARTESIAN_POINT ( 'NONE',  ( -0.8660253046504648999, -3.830341817039141006, -0.5000001717050396310 ) ) ;
#785 = EDGE_CURVE ( 'NONE', #159, #709, #46, .T. ) ;
#786 = CARTESIAN_POINT ( 'NONE',  ( 2.841204471734673838E-07, -1.663675150372480038, -1.433012701892187879 ) ) ;
#787 = CARTESIAN_POINT ( 'NONE',  ( -1.490330864988698600, -5.500000000000000000, 0.1963471293327613276 ) ) ;
#788 = CARTESIAN_POINT ( 'NONE',  ( -0.8660255029183769881, -0.7470084837058145188, 0.4999998282949437156 ) ) ;
#789 = PLANE ( 'NONE',  #2121 ) ;
#790 = DIRECTION ( 'NONE',  ( 0.000000000000000000, 0.000000000000000000, -1.000000000000000000 ) ) ;
#791 = CARTESIAN_POINT ( 'NONE',  ( -0.8273499850691725666, -3.622008483705808857, -1.433012865929198076 ) ) ;
#792 = CARTESIAN_POINT ( 'NONE',  ( -1.654700538379216823, -5.038675150372474043, -3.280740196306772997E-07 ) ) ;
#793 = CARTESIAN_POINT ( 'NONE',  ( -2.349999999999999201, 30.00000000000000000, 1.356773132595621600 ) ) ;
#794 = ORIENTED_EDGE ( 'NONE', *, *, #1330, .T. ) ;
#795 = CARTESIAN_POINT ( 'NONE',  ( -0.8660255029183769881, -1.247008483705813298, 0.4999998282949434936 ) ) ;
#796 = AXIS2_PLACEMENT_3D ( 'NONE', #1800, #973, #269 ) ;
#797 = CARTESIAN_POINT ( 'NONE',  ( -0.9999273861542151698, -6.000000000000000888, 0.1322421399603085079 ) ) ;
#798 = EDGE_CURVE ( 'NONE', #1399, #1258, #211, .T. ) ;
#799 = CARTESIAN_POINT ( 'NONE',  ( -0.7951076316418862477, -6.000000000000000000, 0.6099897828182744286 ) ) ;
#800 = CARTESIAN_POINT ( 'NONE',  ( -1.241025261724194362, -4.080341817039141006, -0.7165065970016089025 ) ) ;
#801 = CARTESIAN_POINT ( 'NONE',  ( -1.423389150623062704, -6.000000000000000000, 0.4833235026602247797 ) ) ;
#802 = CARTESIAN_POINT ( 'NONE',  ( -1.654700538379216823, -5.538675150372473155, -3.280740197972108063E-07 ) ) ;
#803 = CARTESIAN_POINT ( 'NONE',  ( -1.105143749963602318, -5.606043834285281413, -0.8797850270350088264 ) ) ;
#804 = CARTESIAN_POINT ( 'NONE',  ( 1.192661447462830093, -5.500000000000000000, -0.9149846742274128086 ) ) ;
#805 = CARTESIAN_POINT ( 'NONE',  ( 0.7951076316418850265, -6.000000000000000000, 0.6099897828182759829 ) ) ;
#806 = CARTESIAN_POINT ( 'NONE',  ( -1.982679108956084373E-07, -0.1636751503724820922, 0.9999999999999824585 ) ) ;
#807 = FACE_OUTER_BOUND ( 'NONE', #1411, .T. ) ;
#808 = CARTESIAN_POINT ( 'NONE',  ( 0.9489261004153733969, -6.000000000000000000, -0.3222156684401471516 ) ) ;
#809 = CARTESIAN_POINT ( 'NONE',  ( -2.841204352287169701E-07, -3.413675150372475819, 1.433012701892189877 ) ) ;
#810 = CARTESIAN_POINT ( 'NONE',  ( -1.500000000000001110, -6.000000000000000888, -0.09817475406222268830 ) ) ;
#811 = EDGE_CURVE ( 'NONE', #1471, #185, #2157, .T. ) ;
#812 = CARTESIAN_POINT ( 'NONE',  ( -0.8660255029183792086, -3.247008483705808857, 0.4999998282949399964 ) ) ;
#813 = CARTESIAN_POINT ( 'NONE',  ( 1.241025261724194584, -5.330341817039141894, 0.7165065970016104568 ) ) ;
#814 = CARTESIAN_POINT ( 'NONE',  ( 2.349999999999999645, 30.00000000000000000, -1.356773132595620490 ) ) ;
#815 = FACE_OUTER_BOUND ( 'NONE', #455, .T. ) ;
#816 = CARTESIAN_POINT ( 'NONE',  ( -0.5773500709217024296, -1.872008483705811965, -1.000000114470011248 ) ) ;
#817 = CARTESIAN_POINT ( 'NONE',  ( 0.000000000000000000, -6.000000000000000000, -1.000000000000000222 ) ) ;
#818 = CARTESIAN_POINT ( 'NONE',  ( 0.000000000000000000, -6.000000000000000000, -1.000000000000000222 ) ) ;
#819 = CARTESIAN_POINT ( 'NONE',  ( -0.3222156684401473736, -6.000000000000000000, -0.9489261004153721757 ) ) ;
#820 = CARTESIAN_POINT ( 'NONE',  ( 0.8273499850691725666, -3.872008483705807969, 1.433012865929199853 ) ) ;
#821 = CARTESIAN_POINT ( 'NONE',  ( -1.348249446910798399, -6.000000000000000000, 0.6647267944350490065 ) ) ;
#822 = CARTESIAN_POINT ( 'NONE',  ( -1.982679163883417086E-07, -2.163675150372477596, 0.9999999999999820144 ) ) ;
#823 = CARTESIAN_POINT ( 'NONE',  ( -0.8660255029183770992, -0.2470084837058149352, 0.4999998282949439377 ) ) ;
#824 = DIRECTION ( 'NONE',  ( -0.8660254037844384856, 0.000000000000000000, -0.5000000000000001110 ) ) ;
#825 = FILL_AREA_STYLE_COLOUR ( '', #228 ) ;
#826 = CARTESIAN_POINT ( 'NONE',  ( 0.3889238367156261922, -6.000000000000000888, -1.452024976220995356 ) ) ;
#827 = CARTESIAN_POINT ( 'NONE',  ( -0.4833235026602161200, -6.000000000000000888, 1.423389150623066701 ) ) ;
#828 = CARTESIAN_POINT ( 'NONE',  ( -0.1963471293327628264, -6.000000000000000888, -1.490330864988698600 ) ) ;
#829 = CARTESIAN_POINT ( 'NONE',  ( -1.299038254377461898, 0.04166665088900717989, 0.7499997424425957071 ) ) ;
#830 = CARTESIAN_POINT ( 'NONE',  ( 0.9149846742274136968, -6.000000000000000000, -1.192661447462829871 ) ) ;
#831 = VECTOR ( 'NONE', #1668, 1000.000000000000227 ) ;
#832 = CARTESIAN_POINT ( 'NONE',  ( 0.9149846742274136968, -6.000000000000000000, -1.192661447462829871 ) ) ;
#833 = CARTESIAN_POINT ( 'NONE',  ( -1.241025261724194140, -2.080341817039145891, -0.7165065970016081254 ) ) ;
#834 = VECTOR ( 'NONE', #530, 1000.000000000000000 ) ;
#835 = CARTESIAN_POINT ( 'NONE',  ( -0.5773500709216961013, -0.8720084837058137417, -1.000000114470014578 ) ) ;
#836 = CARTESIAN_POINT ( 'NONE',  ( 1.154700538379229924, -0.03867515037248286242, 2.289400662706066302E-07 ) ) ;
#837 = CARTESIAN_POINT ( 'NONE',  ( -0.9196985371984015556, -5.636595203385090791, -1.033562008403760224 ) ) ;
#838 = DIRECTION ( 'NONE',  ( 0.000000000000000000, 0.000000000000000000, 1.000000000000000000 ) ) ;
#839 = CARTESIAN_POINT ( 'NONE',  ( -0.6099897828182778703, -6.000000000000000000, -0.7951076316418825840 ) ) ;
#840 = CARTESIAN_POINT ( 'NONE',  ( 0.9912401374411058397, -5.500000000000000000, 1.130080206118537101 ) ) ;
#841 = ORIENTED_EDGE ( 'NONE', *, *, #737, .T. ) ;
#842 = CARTESIAN_POINT ( 'NONE',  ( 1.241025545844531397, -0.2470084837058057758, -0.7165061048907503949 ) ) ;
#843 = CARTESIAN_POINT ( 'NONE',  ( 1.301747389444807057, -6.000000000000000888, 0.7517260248313920590 ) ) ;
#844 = CARTESIAN_POINT ( 'NONE',  ( -0.2592825578104189788, -6.000000000000000000, -0.9680166508140004566 ) ) ;
#845 = CARTESIAN_POINT ( 'NONE',  ( -1.241025261724193918, -0.5803418170391488884, -0.7165065970016076813 ) ) ;
#846 = CARTESIAN_POINT ( 'NONE',  ( -0.9912401374411038413, -5.500000000000000000, 1.130080206118539321 ) ) ;
#847 = CARTESIAN_POINT ( 'NONE',  ( 0.5773500709216934368, -0.6220084837058144078, 1.000000114470020574 ) ) ;
#848 = CARTESIAN_POINT ( 'NONE',  ( 0.8273499850691728996, -1.872008483705815518, 1.433012865929200963 ) ) ;
#849 = ADVANCED_BREP_SHAPE_REPRESENTATION ( 'Hex pillar', ( #97, #259 ), #2160 ) ;
#850 = CARTESIAN_POINT ( 'NONE',  ( -1.982679113466365940E-07, -4.163675150372473155, 0.9999999999999813483 ) ) ;
#851 = CARTESIAN_POINT ( 'NONE',  ( -0.3222156684401473736, -6.000000000000000000, -0.9489261004153721757 ) ) ;
#852 = CARTESIAN_POINT ( 'NONE',  ( 1.452024976220993135, -5.500000000000000000, -0.3889238367156272469 ) ) ;
#853 = CARTESIAN_POINT ( 'NONE',  ( -0.5811808704605671005, -5.921712304416143269, -0.9351865230097949899 ) ) ;
#854 = CARTESIAN_POINT ( 'NONE',  ( 0.000000000000000000, 24.00000000000000000, 1.249999999999998668 ) ) ;
#855 = CARTESIAN_POINT ( 'NONE',  ( 1.490330864988700155, -6.000000000000000888, -0.1963471293327617717 ) ) ;
#856 = CARTESIAN_POINT ( 'NONE',  ( 0.7517260248313950566, -6.000000000000000000, -1.301747389444807279 ) ) ;
#857 = CARTESIAN_POINT ( 'NONE',  ( 0.8660253046504660102, -5.080341817039138341, 0.5000001717050390759 ) ) ;
#858 = CARTESIAN_POINT ( 'NONE',  ( -2.473534505469849736E-14, -5.792966144998361600, 1.223938596436646487 ) ) ;
#859 = CARTESIAN_POINT ( 'NONE',  ( 1.241025545844631095, -3.247008483705811521, -0.7165061048905778662 ) ) ;
#860 = EDGE_LOOP ( 'NONE', ( #295, #1604, #1746, #719 ) ) ;
#861 = DIRECTION ( 'NONE',  ( -4.387395279536179514E-17, -1.000000000000000000, -6.778898096570406423E-16 ) ) ;
#862 = CARTESIAN_POINT ( 'NONE',  ( 0.8660253046504662322, -4.580341817039139229, 0.5000001717050392980 ) ) ;
#863 = ORIENTED_EDGE ( 'NONE', *, *, #1417, .T. ) ;
#864 = CARTESIAN_POINT ( 'NONE',  ( 1.301747389444807723, -6.000000000000000888, -0.7517260248313877291 ) ) ;
#865 = CARTESIAN_POINT ( 'NONE',  ( -1.452024976220987140, -6.000000000000000888, 0.3889238367156262477 ) ) ;
#866 = CARTESIAN_POINT ( 'NONE',  ( -0.8660255029183779873, -5.247008483705804416, 0.4999998282949417172 ) ) ;
#867 = CARTESIAN_POINT ( 'NONE',  ( -1.111741116877952074, -5.855118242243606552, 0.3650738658127112846 ) ) ;
#868 = PRODUCT_RELATED_PRODUCT_CATEGORY ( 'part', '', ( #2044 ) ) ;
#869 = CARTESIAN_POINT ( 'NONE',  ( 0.8660251063827630880, 0.1666666508890070897, 1.500000171704900964 ) ) ;
#870 = CARTESIAN_POINT ( 'NONE',  ( -0.1963471293327594958, -6.000000000000000888, 1.490330864988693493 ) ) ;
#871 = CARTESIAN_POINT ( 'NONE',  ( -0.4431511962900349655, -6.000000000000000000, -0.8988329646072008572 ) ) ;
#872 = CARTESIAN_POINT ( 'NONE',  ( 1.654700538379217045, -1.288675150372480482, 3.280740215303953293E-07 ) ) ;
#873 = CARTESIAN_POINT ( 'NONE',  ( 1.241025261724194806, -2.830341817039146335, 0.7165065970016113450 ) ) ;
#874 = DIRECTION ( 'NONE',  ( -0.000000000000000000, 1.000000000000000000, -0.000000000000000000 ) ) ;
#875 = CARTESIAN_POINT ( 'NONE',  ( -0.8660253046504661212, -4.830341817039138341, -0.5000001717050381878 ) ) ;
#876 = ORIENTED_EDGE ( 'NONE', *, *, #344, .F. ) ;
#877 = CARTESIAN_POINT ( 'NONE',  ( 1.500000000000001110, -6.000000000000000888, 0.09817475406222010703 ) ) ;
#878 = CARTESIAN_POINT ( 'NONE',  ( 0.9149846742274148070, -5.500000000000000000, 1.192661447462828539 ) ) ;
#879 = CARTESIAN_POINT ( 'NONE',  ( 0.000000000000000000, 24.00000000000000000, 0.000000000000000000 ) ) ;
#880 = CARTESIAN_POINT ( 'NONE',  ( -0.9912401374411079491, -6.000000000000000888, 1.130080206118550423 ) ) ;
#881 = CARTESIAN_POINT ( 'NONE',  ( -0.9489261004153720647, -6.000000000000000000, 0.3222156684401490945 ) ) ;
#882 = CARTESIAN_POINT ( 'NONE',  ( 1.154700538379228814, -5.038675150372472267, 2.289400646052720138E-07 ) ) ;
#883 = DIRECTION ( 'NONE',  ( -3.196414039866296231E-16, 0.000000000000000000, -1.000000000000000000 ) ) ;
#884 = CARTESIAN_POINT ( 'NONE',  ( -2.841204352261148849E-07, -1.913675150372482037, 1.433012701892190766 ) ) ;
#885 = DIRECTION ( 'NONE',  ( 0.000000000000000000, 0.5150380749100549327, 0.8571673007021118895 ) ) ;
#886 = EDGE_CURVE ( 'NONE', #628, #1920, #1167, .T. ) ;
#887 = CARTESIAN_POINT ( 'NONE',  ( 1.154700538379229480, -4.538675150372472267, 2.289400647718055734E-07 ) ) ;
#888 = CARTESIAN_POINT ( 'NONE',  ( 0.6647267944350505608, -6.000000000000000000, 1.348249446910810168 ) ) ;
#889 = CARTESIAN_POINT ( 'NONE',  ( -0.9912401374411088373, -5.500000000000000000, -1.130080206118534658 ) ) ;
#890 = CARTESIAN_POINT ( 'NONE',  ( -0.5773500709217030957, -5.872008483705802639, -1.000000114470012802 ) ) ;
#891 = CARTESIAN_POINT ( 'NONE',  ( -1.241025261724194140, -4.080341817039141006, -0.7165065970016097907 ) ) ;
#892 = CARTESIAN_POINT ( 'NONE',  ( -0.3889238367156219178, -5.500000000000000000, 1.452024976220993802 ) ) ;
#893 = CARTESIAN_POINT ( 'NONE',  ( 0.8273505533100450338, -0.2053418170391493880, -1.433012537855176793 ) ) ;
#894 = CARTESIAN_POINT ( 'NONE',  ( 2.841204358875773129E-07, -2.663675150372478484, -1.433012701892188101 ) ) ;
#895 = ORIENTED_EDGE ( 'NONE', *, *, #1345, .F. ) ;
#896 = CARTESIAN_POINT ( 'NONE',  ( -0.2516335421466394662, -5.624927411757723483, -1.372201019069953398 ) ) ;
#897 = CARTESIAN_POINT ( 'NONE',  ( 0.000000000000000000, 30.00000000000000000, 0.000000000000000000 ) ) ;
#898 = ORIENTED_EDGE ( 'NONE', *, *, #1461, .T. ) ;
#899 = CARTESIAN_POINT ( 'NONE',  ( -1.130080206118540431, -5.500000000000000000, -0.9912401374411021759 ) ) ;
#900 = CARTESIAN_POINT ( 'NONE',  ( 0.5773500709217028737, -5.622008483705804416, 1.000000114470013024 ) ) ;
#901 = CARTESIAN_POINT ( 'NONE',  ( -2.841204403679604697E-07, -2.913675150372477152, 1.433012701892190321 ) ) ;
#902 = CARTESIAN_POINT ( 'NONE',  ( -0.7517260248313921700, -5.500000000000000000, 1.301747389444807279 ) ) ;
#903 = CARTESIAN_POINT ( 'NONE',  ( 0.8660253046504661212, -3.580341817039141450, 0.5000001717050395200 ) ) ;
#904 = CARTESIAN_POINT ( 'NONE',  ( 1.126477776996307467, -5.685209096117808336, -0.7142303408227012040 ) ) ;
#905 = CARTESIAN_POINT ( 'NONE',  ( -0.8273499850691722335, -1.122008483705815740, -1.433012865929197632 ) ) ;
#906 = CARTESIAN_POINT ( 'NONE',  ( 1.241025261724194806, -4.830341817039139229, 0.7165065970016102348 ) ) ;
#907 = CARTESIAN_POINT ( 'NONE',  ( -0.8660253046504657881, -2.330341817039144559, -0.5000001717050372996 ) ) ;
#908 = PRESENTATION_LAYER_ASSIGNMENT (  '', '', ( #2189 ) ) ;
#909 = AXIS2_PLACEMENT_3D ( 'NONE', #781, #1097, #431 ) ;
#910 = CARTESIAN_POINT ( 'NONE',  ( 0.01086364793049630038, -4.018483522666991331E-16, 1.287399390965002555 ) ) ;
#911 = CARTESIAN_POINT ( 'NONE',  ( -1.982679120814246791E-07, -4.163675150372473155, 0.9999999999999813483 ) ) ;
#912 = CARTESIAN_POINT ( 'NONE',  ( 0.8273499850691725666, -3.372008483705809301, 1.433012865929200075 ) ) ;
#913 = CARTESIAN_POINT ( 'NONE',  ( 1.348249446910801286, -5.500000000000000000, -0.6647267944350498947 ) ) ;
#914 = CARTESIAN_POINT ( 'NONE',  ( 0.5773500709217029847, -3.622008483705807969, 1.000000114470013468 ) ) ;
#915 = CARTESIAN_POINT ( 'NONE',  ( 0.1717227390469362736, -5.786399902576365939, 1.221495830458587672 ) ) ;
#916 = CARTESIAN_POINT ( 'NONE',  ( -1.241025261724194140, -0.08034181703915101169, -0.7165065970016077923 ) ) ;
#917 = CARTESIAN_POINT ( 'NONE',  ( -2.841204354542310220E-07, -5.413675150372472267, 1.433012701892189433 ) ) ;
#918 = CARTESIAN_POINT ( 'NONE',  ( -1.192661447462834312, -6.000000000000000888, -0.9149846742274175826 ) ) ;
#919 = CARTESIAN_POINT ( 'NONE',  ( 0.5773500709217032067, -1.622008483705812631, 1.000000114470014578 ) ) ;
#920 = CARTESIAN_POINT ( 'NONE',  ( 1.490330864988698822, -5.500000000000000000, 0.1963471293327589684 ) ) ;
#921 = UNCERTAINTY_MEASURE_WITH_UNIT (LENGTH_MEASURE( 1.000000000000000082E-05 ), #254, 'distance_accuracy_value', 'NONE');
#922 = CARTESIAN_POINT ( 'NONE',  ( 0.5773504674575306028, -3.455341817039141894, -0.9999998855299454537 ) ) ;
#923 = CARTESIAN_POINT ( 'NONE',  ( 0.8273505533100480314, -3.705341817039142782, -1.433012537855176349 ) ) ;
#924 = CARTESIAN_POINT ( 'NONE',  ( 0.7517260248313967219, -5.500000000000000000, -1.301747389444804393 ) ) ;
#925 = CARTESIAN_POINT ( 'NONE',  ( -0.8660255029183774322, -4.747008483705806192, 0.4999998282949423833 ) ) ;
#926 = CARTESIAN_POINT ( 'NONE',  ( 1.530808498934180970E-16, 30.00000000000000000, -1.249999999999988898 ) ) ;
#927 = CARTESIAN_POINT ( 'NONE',  ( 2.841204362258483908E-07, 0.3363248496275148547, -1.433012701892187213 ) ) ;
#928 = CARTESIAN_POINT ( 'NONE',  ( 0.000000000000000000, -6.000000000000000000, -1.000000000000000222 ) ) ;
#929 = CARTESIAN_POINT ( 'NONE',  ( 1.154700538379229480, -3.038675150372476264, 2.289400652714058815E-07 ) ) ;
#930 = CARTESIAN_POINT ( 'NONE',  ( -2.841204418410023811E-07, -0.4136751503724823142, 1.433012701892191210 ) ) ;
#931 = CARTESIAN_POINT ( 'NONE',  ( -0.7517260248313948345, -6.000000000000000000, -1.301747389444809277 ) ) ;
#932 = CARTESIAN_POINT ( 'NONE',  ( -1.982679112338795151E-07, -3.163675150372475819, 0.9999999999999813483 ) ) ;
#933 = CARTESIAN_POINT ( 'NONE',  ( 0.8273505533100452558, -0.7053418170391497766, -1.433012537855177015 ) ) ;
#934 = CARTESIAN_POINT ( 'NONE',  ( -1.317767611527835652E-11, -5.633687057481120419, -1.381071826166586636 ) ) ;
#935 = CARTESIAN_POINT ( 'NONE',  ( 0.8660255029183784314, -1.997008483705811299, -0.4999998282949403294 ) ) ;
#936 = VECTOR ( 'NONE', #1133, 1000.000000000000000 ) ;
#937 = CARTESIAN_POINT ( 'NONE',  ( 0.5773504674575300477, -4.455341817039139229, -0.9999998855299461198 ) ) ;
#938 = AXIS2_PLACEMENT_3D ( 'NONE', #1302, #961, #2006 ) ;
#939 = CARTESIAN_POINT ( 'NONE',  ( 2.349999999999999645, 0.000000000000000000, -1.356773132595620490 ) ) ;
#940 = CARTESIAN_POINT ( 'NONE',  ( -0.8660255029183770992, -2.247008483705811077, 0.4999998282949431605 ) ) ;
#941 = CARTESIAN_POINT ( 'NONE',  ( -0.3889238367156260812, -5.500000000000000000, -1.452024976220992913 ) ) ;
#942 = CARTESIAN_POINT ( 'NONE',  ( 2.841204360567128518E-07, -1.163675150372482037, -1.433012701892187657 ) ) ;
#943 = CARTESIAN_POINT ( 'NONE',  ( -1.241025545844630429, -5.997008483705803528, 0.7165061048905795316 ) ) ;
#944 = CARTESIAN_POINT ( 'NONE',  ( 1.982679117228567331E-07, -3.413675150372475375, -0.9999999999999799050 ) ) ;
#945 = EDGE_CURVE ( 'NONE', #1471, #733, #424, .T. ) ;
#946 = DIRECTION ( 'NONE',  ( -1.000000000000000000, 0.000000000000000000, 3.196414039866296231E-16 ) ) ;
#947 = CARTESIAN_POINT ( 'NONE',  ( 1.154700538379229480, -4.038675150372473155, 2.289400678379593869E-07 ) ) ;
#948 = CARTESIAN_POINT ( 'NONE',  ( 0.8273499850691609092, -0.8720084837058146299, 1.433012865929208290 ) ) ;
#949 = CARTESIAN_POINT ( 'NONE',  ( 0.6099897828182742066, -6.000000000000000000, -0.7951076316418850265 ) ) ;
#950 = B_SPLINE_CURVE_WITH_KNOTS ( 'NONE', 3,
 ( #214, #1564, #433, #2077, #543, #1229, #578, #1403, #557, #910, #2147, #92, #371, #1287, #1241, #1968, #1128, #1055 ),
 .UNSPECIFIED., .F., .F.,
 ( 4, 2, 2, 2, 2, 2, 2, 2, 4 ),
 ( 2.640115774475777699E-17, 0.0003433504599752000975, 0.0006867009199503741742, 0.001030051379925548197, 0.001373401839900722111, 0.001716752299875896025, 0.002060102759851069939, 0.002403453219826243419, 0.002746803679801417333 ),
 .UNSPECIFIED. ) ;
#951 = CARTESIAN_POINT ( 'NONE',  ( 0.5773504674575271611, 0.04465818296085082711, -0.9999998855299461198 ) ) ;
#952 = CARTESIAN_POINT ( 'NONE',  ( 4.196207644450929669E-16, 0.000000000000000000, 2.713546265191241424 ) ) ;
#953 = CARTESIAN_POINT ( 'NONE',  ( -0.06544983604148005285, -6.000000000000000000, 1.000000000000000222 ) ) ;
#954 = ORIENTED_EDGE ( 'NONE', *, *, #10, .T. ) ;
#955 = CARTESIAN_POINT ( 'NONE',  ( 2.841204356082868333E-07, -3.663675150372475819, -1.433012701892188323 ) ) ;
#956 = CARTESIAN_POINT ( 'NONE',  ( -1.241025545844630651, -5.497008483705806192, 0.7165061048905796426 ) ) ;
#957 = CARTESIAN_POINT ( 'NONE',  ( -1.423389150623058264, -5.500000000000000000, 0.4833235026602230588 ) ) ;
#958 = CARTESIAN_POINT ( 'NONE',  ( 0.3889238367156256926, -5.500000000000000000, -1.452024976220993358 ) ) ;
#959 = ORIENTED_EDGE ( 'NONE', *, *, #544, .T. ) ;
#960 = CARTESIAN_POINT ( 'NONE',  ( -0.9149846742274129197, -5.500000000000000000, 1.192661447462830093 ) ) ;
#961 = DIRECTION ( 'NONE',  ( -0.5000000000000001110, 0.000000000000000000, -0.8660254037844385966 ) ) ;
#962 = CARTESIAN_POINT ( 'NONE',  ( -0.5048870269257343946, -6.000000000000000888, 0.8733397429338207729 ) ) ;
#963 = CARTESIAN_POINT ( 'NONE',  ( 0.000000000000000000, 0.000000000000000000, 0.000000000000000000 ) ) ;
#964 = EDGE_LOOP ( 'NONE', ( #760, #202, #624, #1766 ) ) ;
#965 = CARTESIAN_POINT ( 'NONE',  ( -1.241025545844629985, -1.997008483705812187, 0.7165061048905808638 ) ) ;
#966 = CARTESIAN_POINT ( 'NONE',  ( 0.5773504674575311579, -2.455341817039144114, -0.9999998855299447875 ) ) ;
#967 = CARTESIAN_POINT ( 'NONE',  ( -0.5773504674575257178, -0.7053418170391480002, 0.9999998855299502276 ) ) ;
#968 = CARTESIAN_POINT ( 'NONE',  ( 2.841204522138764322E-07, -0.1636751503724838408, -1.433012701892187213 ) ) ;
#969 = VERTEX_POINT ( 'NONE', #1831 ) ;
#970 = CARTESIAN_POINT ( 'NONE',  ( 0.8678315929632065551, -6.000000000000000000, 0.5011506832209277063 ) ) ;
#971 = EDGE_CURVE ( 'NONE', #68, #1022, #279, .T. ) ;
#972 = LINE ( 'NONE', #1333, #1238 ) ;
#973 = DIRECTION ( 'NONE',  ( 0.000000000000000000, 1.000000000000000000, 0.000000000000000000 ) ) ;
#974 = PRESENTATION_LAYER_ASSIGNMENT (  '', '', ( #1334 ) ) ;
#975 = CARTESIAN_POINT ( 'NONE',  ( 0.4431511962900344104, -6.000000000000000000, -0.8988329646071999690 ) ) ;
#976 = CARTESIAN_POINT ( 'NONE',  ( 1.241025261724194806, -4.330341817039141006, 0.7165065970016104568 ) ) ;
#977 = CARTESIAN_POINT ( 'NONE',  ( 0.8273499850691725666, -4.872008483705807969, 1.433012865929199631 ) ) ;
#978 = CARTESIAN_POINT ( 'NONE',  ( 0.000000000000000000, 30.00000000000000000, 1.249999999999988898 ) ) ;
#979 = DIRECTION ( 'NONE',  ( 1.000000000000000000, 0.000000000000000000, -3.196414039866297217E-16 ) ) ;
#980 = CARTESIAN_POINT ( 'NONE',  ( -0.8660253046504654550, -1.330341817039146113, -0.5000001717050369665 ) ) ;
#981 = CARTESIAN_POINT ( 'NONE',  ( -0.09817475406224866752, -5.500000000000000000, -1.500000000000000222 ) ) ;
#982 = CARTESIAN_POINT ( 'NONE',  ( 0.9680166508139952386, -6.000000000000000000, 0.2592825578104160922 ) ) ;
#983 = CARTESIAN_POINT ( 'NONE',  ( 1.654700538379216823, -2.788675150372477152, 3.280740210307949682E-07 ) ) ;
#984 = CARTESIAN_POINT ( 'NONE',  ( -0.9149846742274142519, -6.000000000000000888, 1.192661447462832314 ) ) ;
#985 = CARTESIAN_POINT ( 'NONE',  ( 0.8660255029183786535, -0.4970084837058151850, -0.4999998282949397743 ) ) ;
#986 = CARTESIAN_POINT ( 'NONE',  ( 0.000000000000000000, 24.00000000000000000, 0.000000000000000000 ) ) ;
#987 = CARTESIAN_POINT ( 'NONE',  ( 0.4431511962900334667, -6.000000000000000000, 0.8988329646072038548 ) ) ;
#988 = CARTESIAN_POINT ( 'NONE',  ( 1.192661447462830093, -5.500000000000000000, -0.9149846742274128086 ) ) ;
#989 = CARTESIAN_POINT ( 'NONE',  ( 0.8660253046504663432, -1.080341817039146779, 0.5000001717050404082 ) ) ;
#990 = CARTESIAN_POINT ( 'NONE',  ( 1.654700538379217489, -0.2886751503724725443, 3.280737916715181779E-07 ) ) ;
#991 = CARTESIAN_POINT ( 'NONE',  ( -0.8678315929632035575, -6.000000000000000000, 0.5011506832209321471 ) ) ;
#992 = CARTESIAN_POINT ( 'NONE',  ( 0.4833235026602211160, -6.000000000000000888, -1.423389150623061816 ) ) ;
#993 = CARTESIAN_POINT ( 'NONE',  ( 1.241025545844631095, -2.247008483705811521, -0.7165061048905776442 ) ) ;
#994 = CARTESIAN_POINT ( 'NONE',  ( 0.8660253046504633456, -2.580341817039143670, 0.5000001717050450711 ) ) ;
#995 = CARTESIAN_POINT ( 'NONE',  ( 0.8660253046504666763, -0.5803418170391480002, 0.5000001717050406302 ) ) ;
#996 = DIRECTION ( 'NONE',  ( 0.8660254037844383745, 0.000000000000000000, -0.5000000000000004441 ) ) ;
#997 = CARTESIAN_POINT ( 'NONE',  ( -2.841204517285616523E-07, -0.9136751503724810375, 1.433012701892190988 ) ) ;
#998 = CARTESIAN_POINT ( 'NONE',  ( -0.9489261004153731749, -6.000000000000000000, -0.3222156684401462634 ) ) ;
#999 = CARTESIAN_POINT ( 'NONE',  ( 1.423389150623060040, -5.500000000000000000, -0.4833235026602185624 ) ) ;
#1000 = FACE_OUTER_BOUND ( 'NONE', #1536, .T. ) ;
#1001 = CARTESIAN_POINT ( 'NONE',  ( -1.241025545844631317, -4.497008483705806192, 0.7165061048905780883 ) ) ;
#1002 = CARTESIAN_POINT ( 'NONE',  ( 0.1963471293327589962, -6.000000000000000888, -1.490330864988698378 ) ) ;
#1003 = AXIS2_PLACEMENT_3D ( 'NONE', #897, #1574, #1414 ) ;
#1004 = CARTESIAN_POINT ( 'NONE',  ( -0.9935539099924608486, -6.000000000000000000, -0.1308980862218381558 ) ) ;
#1005 = CARTESIAN_POINT ( 'NONE',  ( -0.8273499850691723445, -1.622008483705813520, -1.433012865929197632 ) ) ;
#1006 = CARTESIAN_POINT ( 'NONE',  ( -0.9149846742274129197, -5.500000000000000000, 1.192661447462830093 ) ) ;
#1007 = CARTESIAN_POINT ( 'NONE',  ( 2.841204357748202870E-07, -3.663675150372476708, -1.433012701892188545 ) ) ;
#1008 = DIRECTION ( 'NONE',  ( 0.8660254037844387076, 0.000000000000000000, 0.4999999999999998890 ) ) ;
#1009 = ADVANCED_FACE ( 'NONE', ( #2153 ), #445, .T. ) ;
#1010 = CARTESIAN_POINT ( 'NONE',  ( -0.5773500709217028737, -4.372008483705806192, -1.000000114470012358 ) ) ;
#1011 = EDGE_LOOP ( 'NONE', ( #1067, #1402, #895, #671 ) ) ;
#1012 = CARTESIAN_POINT ( 'NONE',  ( 0.9912401374411008437, -6.000000000000000888, -1.130080206118529107 ) ) ;
#1013 = CARTESIAN_POINT ( 'NONE',  ( -1.348249446910798399, -6.000000000000000000, 0.6647267944350490065 ) ) ;
#1014 = CARTESIAN_POINT ( 'NONE',  ( -1.154700538379229258, -5.288675150372471379, -2.289400652151579705E-07 ) ) ;
#1015 = CARTESIAN_POINT ( 'NONE',  ( 0.1963471293327591627, -5.500000000000000000, -1.490330864988698822 ) ) ;
#1016 = CARTESIAN_POINT ( 'NONE',  ( 2.974016596330129065E-07, -0.1250000157776585963, -1.499999999999968914 ) ) ;
#1017 = CARTESIAN_POINT ( 'NONE',  ( 0.09817475406222052337, -6.000000000000000888, 1.500000000000001110 ) ) ;
#1018 = CARTESIAN_POINT ( 'NONE',  ( 0.6647267944350505608, -6.000000000000000000, 1.348249446910810168 ) ) ;
#1019 = CARTESIAN_POINT ( 'NONE',  ( 0.8273499850691731217, -0.8720084837058146299, 1.433012865929200963 ) ) ;
#1020 = CARTESIAN_POINT ( 'NONE',  ( 0.8660255029183823172, -1.497008483705812631, -0.4999998282949337236 ) ) ;
#1021 = CARTESIAN_POINT ( 'NONE',  ( 1.241025545844631317, -1.747008483705814630, -0.7165061048905773111 ) ) ;
#1022 = VERTEX_POINT ( 'NONE', #2138 ) ;
#1023 = CARTESIAN_POINT ( 'NONE',  ( 1.299037956975798602, 0.2083333175556725259, 0.7500002575573883057 ) ) ;
#1024 = CARTESIAN_POINT ( 'NONE',  ( -0.8660255029183776543, -5.247008483705804416, 0.4999998282949422723 ) ) ;
#1025 = CARTESIAN_POINT ( 'NONE',  ( 0.06544983604148030265, -6.000000000000000000, 1.000000000000000222 ) ) ;
#1026 = CARTESIAN_POINT ( 'NONE',  ( -0.6647267944350501168, -6.000000000000000888, 1.348249446910797511 ) ) ;
#1027 = CARTESIAN_POINT ( 'NONE',  ( 0.8660253046504661212, -5.580341817039136565, 0.5000001717050389649 ) ) ;
#1028 = CARTESIAN_POINT ( 'NONE',  ( 2.104461552161529187E-07, -5.949137834598432484, -1.061423170852119124 ) ) ;
#1029 = B_SPLINE_CURVE_WITH_KNOTS ( 'NONE', 3,
 ( #494, #1230, #1882, #853, #1699, #2043, #1686, #2079, #1526, #1723, #867, #1852, #2055, #700, #1, #16, #336, #1906 ),
 .UNSPECIFIED., .F., .F.,
 ( 4, 2, 2, 2, 2, 2, 2, 2, 4 ),
 ( 0.000000000000000000, 0.0004540059869017351395, 0.0009080119738034702790, 0.001362017960705205581, 0.001816023947606940124, 0.002270029934508675101, 0.002724035921410410295, 0.003178041908312145489, 0.003632047895213880249 ),
 .UNSPECIFIED. ) ;
#1030 = CARTESIAN_POINT ( 'NONE',  ( -1.654700538379216601, -5.038675150372470490, -3.280740208772911047E-07 ) ) ;
#1031 = CARTESIAN_POINT ( 'NONE',  ( 1.348249446910796845, -6.000000000000000000, -0.6647267944350480073 ) ) ;
#1032 = CARTESIAN_POINT ( 'NONE',  ( -0.9489261004153731749, -6.000000000000000000, -0.3222156684401462634 ) ) ;
#1033 = CARTESIAN_POINT ( 'NONE',  ( 1.241025261724195250, -0.8303418170391482223, 0.7165065970016115671 ) ) ;
#1034 = CARTESIAN_POINT ( 'NONE',  ( 2.350000000000000533, 30.00000000000000000, 1.356773132595620712 ) ) ;
#1035 = CARTESIAN_POINT ( 'NONE',  ( 1.654700538379217045, -3.288675150372478484, 3.280740210565578989E-07 ) ) ;
#1036 = CARTESIAN_POINT ( 'NONE',  ( -2.350000000000000089, 30.00000000000000000, -1.356773132595618936 ) ) ;
#1037 = CARTESIAN_POINT ( 'NONE',  ( -0.5773500709217030957, -5.872008483705802639, -1.000000114470012580 ) ) ;
#1038 = EDGE_LOOP ( 'NONE', ( #794, #696, #504, #1846 ) ) ;
#1039 = CARTESIAN_POINT ( 'NONE',  ( 1.500000000000001110, -6.000000000000000888, -0.09817475406222028744 ) ) ;
#1040 = CARTESIAN_POINT ( 'NONE',  ( 1.490330864988698822, -5.500000000000000000, 0.1963471293327589684 ) ) ;
#1041 = DIRECTION ( 'NONE',  ( 0.000000000000000000, -1.000000000000000000, 0.000000000000000000 ) ) ;
#1042 = CARTESIAN_POINT ( 'NONE',  ( 2.841204341397419787E-07, -5.163675150372472267, -1.433012701892188989 ) ) ;
#1043 = ADVANCED_FACE ( 'NONE', ( #815 ), #1121, .F. ) ;
#1044 = CARTESIAN_POINT ( 'NONE',  ( 1.348249446910810612, -6.000000000000000000, 0.6647267944350491176 ) ) ;
#1045 = CARTESIAN_POINT ( 'NONE',  ( -0.3222156684401444315, -6.000000000000000000, 0.9489261004153736190 ) ) ;
#1046 = CARTESIAN_POINT ( 'NONE',  ( -0.5773500709217028737, -5.372008483705803528, -1.000000114470012358 ) ) ;
#1047 = CARTESIAN_POINT ( 'NONE',  ( 0.5773500709217963545, -0.1220084837058087734, 1.000000114470016577 ) ) ;
#1048 = VECTOR ( 'NONE', #1997, 1000.000000000000227 ) ;
#1049 = CARTESIAN_POINT ( 'NONE',  ( 2.841204359439558259E-07, -2.163675150372479372, -1.433012701892188101 ) ) ;
#1050 = VERTEX_POINT ( 'NONE', #939 ) ;
#1051 = CARTESIAN_POINT ( 'NONE',  ( 0.000000000000000000, 24.00000000000000000, 1.249999999999998668 ) ) ;
#1052 = CIRCLE ( 'NONE', #1796, 1.249999999999998668 ) ;
#1053 = CARTESIAN_POINT ( 'NONE',  ( -1.982679114593936199E-07, -5.163675150372471379, 0.9999999999999809042 ) ) ;
#1054 = CARTESIAN_POINT ( 'NONE',  ( 0.9149846742274126976, -6.000000000000000888, 1.192661447462823210 ) ) ;
#1055 = CARTESIAN_POINT ( 'NONE',  ( 0.9865380164140902242, 0.000000000000000000, 0.5695782501409598630 ) ) ;
#1056 =( LENGTH_UNIT ( ) NAMED_UNIT ( * ) SI_UNIT ( .MILLI., .METRE. ) );
#1057 = CARTESIAN_POINT ( 'NONE',  ( 1.241025545844635314, -2.747008483705810633, -0.7165061048905713159 ) ) ;
#1058 = CARTESIAN_POINT ( 'NONE',  ( 0.3889238367156285237, -5.500000000000000000, 1.452024976220992913 ) ) ;
#1059 = CARTESIAN_POINT ( 'NONE',  ( 1.654700538379217045, -0.7886751503724818146, 3.280740216969287830E-07 ) ) ;
#1060 = CARTESIAN_POINT ( 'NONE',  ( 0.5773500709216936588, -1.122008483705813076, 1.000000114470020129 ) ) ;
#1061 = CARTESIAN_POINT ( 'NONE',  ( -1.241025261724194584, -4.080341817039142782, -0.7165065970016090136 ) ) ;
#1062 = DIRECTION ( 'NONE',  ( 0.000000000000000000, -0.000000000000000000, 1.000000000000000000 ) ) ;
#1063 = CARTESIAN_POINT ( 'NONE',  ( 1.154700538379229036, -5.038675150372472267, 2.289400646052720932E-07 ) ) ;
#1064 = VERTEX_POINT ( 'NONE', #1290 ) ;
#1065 =( BOUNDED_SURFACE ( )  B_SPLINE_SURFACE ( 2, 3, ( 
 ( #116, #1451, #609, #1798, #2005, #2149, #267, #949, #1637, #1626, #95, #1460, #618, #1301, #1808, #1473, #2161, #629, #1142, #1309, #1818, #285, #970, #805, #1485, #2173, #2015, #1696, #987, #1161, #505, #1367, #1025, #1332, #2041, #1187, #478, #189, #1837, #2204, #357, #308, #2228, #1670, #660, #1867, #1513, #333, #697, #2217, #319, #175, #998, #1538, #532, #1524, #684, #162, #839, #2053, #2026, #851, #522, #1892, #138, #2064 ),
 ( #1710, #1380, #672, #826, #1203, #1501, #2193, #1880, #1012, #1684, #345, #864, #1354, #1343, #1721, #1216, #1039, #877, #151, #492, #1552, #14, #1174, #1850, #1391, #1904, #1054, #1733, #888, #1228, #1563, #203, #710, #2076, #542, #370, #827, #1026, #15, #190, #1553, #2218, #1344, #1502, #1013, #1381, #865, #309, #1368, #661, #163, #2065, #711, #140, #1697, #2016, #176, #1217, #1893, #685, #2054, #493, #1685, #1514, #2194, #1355 ),
 ( #506, #1188, #479, #320, #1868, #358, #533, #1162, #1838, #2042, #988, #1539, #1671, #999, #852, #523, #2027, #334, #1040, #1722, #1175, #1525, #1204, #1851, #152, #840, #878, #2206, #673, #1881, #1711, #346, #2229, #698, #1588, #721, #204, #393, #783, #264, #1905, #744, #27, #1756, #1458, #957, #1734, #1078, #1634, #1795, #616, #1298, #51, #1425, #2089, #1066, #899, #889, #734, #1392, #226, #1624, #1981, #444, #1806, #104 ) ),
 .UNSPECIFIED., .F., .T., .F. ) 
 B_SPLINE_SURFACE_WITH_KNOTS ( ( 3, 3 ),
 ( 4, 2, 2, 2, 2, 2, 2, 2, 2, 2, 2, 2, 2, 2, 2, 2, 2, 2, 2, 2, 2, 2, 2, 2, 2, 2, 2, 2, 2, 2, 2, 2, 4 ),
 ( 0.000000000000000000, 1.000000000000000000 ),
 ( 0.000000000000000000, 0.1963495408493620697, 0.3926990816987241395, 0.5890486225480862092, 0.7853981633974482790, 0.9817477042468103487, 1.178097245096172418, 1.374446785945534488, 1.570796326794896558, 1.767145867644258628, 1.963495408493620697, 2.159844949342982545, 2.356194490192344837, 2.552544031041707129, 2.748893571891068976, 2.945243112740430824, 3.141592653589793116, 3.337942194439155408, 3.534291735288517255, 3.730641276137879103, 3.926990816987241395, 4.123340357836603687, 4.319689898685965090, 4.516039439535327382, 4.712388980384689674, 4.908738521234051966, 5.105088062083414258, 5.301437602932775661, 5.497787143782137953, 5.694136684631500245, 5.890486225480861648, 6.086835766330223940, 6.283185307179586232 ),
 .UNSPECIFIED. ) 
 GEOMETRIC_REPRESENTATION_ITEM ( )  RATIONAL_B_SPLINE_SURFACE ( (
 ( 1.000000000000000000, 1.000000000000000000, 1.000000000000000000, 1.000000000000000000, 1.000000000000000000, 1.000000000000000000, 1.000000000000000000, 1.000000000000000000, 1.000000000000000000, 1.000000000000000000, 1.000000000000000000, 1.000000000000000000, 1.000000000000000000, 1.000000000000000000, 1.000000000000000000, 1.000000000000000000, 1.000000000000000000, 1.000000000000000000, 1.000000000000000000, 1.000000000000000000, 1.000000000000000000, 1.000000000000000000, 1.000000000000000000, 1.000000000000000000, 1.000000000000000000, 1.000000000000000000, 1.000000000000000000, 1.000000000000000000, 1.000000000000000000, 1.000000000000000000, 1.000000000000000000, 1.000000000000000000, 1.000000000000000000, 1.000000000000000000, 1.000000000000000000, 1.000000000000000000, 1.000000000000000000, 1.000000000000000000, 1.000000000000000000, 1.000000000000000000, 1.000000000000000000, 1.000000000000000000, 1.000000000000000000, 1.000000000000000000, 1.000000000000000000, 1.000000000000000000, 1.000000000000000000, 1.000000000000000000, 1.000000000000000000, 1.000000000000000000, 1.000000000000000000, 1.000000000000000000, 1.000000000000000000, 1.000000000000000000, 1.000000000000000000, 1.000000000000000000, 1.000000000000000000, 1.000000000000000000, 1.000000000000000000, 1.000000000000000000, 1.000000000000000000, 1.000000000000000000, 1.000000000000000000, 1.000000000000000000, 1.000000000000000000, 1.000000000000000000),
 ( 0.03535533905932732729, 0.03535533905932732729, 0.03535533905932732729, 0.03535533905932732729, 0.03535533905932732729, 0.03535533905932732729, 0.03535533905932733423, 0.03535533905932733423, 0.03535533905932732729, 0.03535533905932732729, 0.03535533905932732729, 0.03535533905932732729, 0.03535533905932733423, 0.03535533905932733423, 0.03535533905932732729, 0.03535533905932732729, 0.03535533905932732729, 0.03535533905932732729, 0.03535533905932732729, 0.03535533905932732729, 0.03535533905932732035, 0.03535533905932732035, 0.03535533905932732729, 0.03535533905932732729, 0.03535533905932733423, 0.03535533905932733423, 0.03535533905932732729, 0.03535533905932732729, 0.03535533905932733423, 0.03535533905932733423, 0.03535533905932732729, 0.03535533905932732729, 0.03535533905932732729, 0.03535533905932732729, 0.03535533905932732729, 0.03535533905932732729, 0.03535533905932732729, 0.03535533905932732729, 0.03535533905932732729, 0.03535533905932732729, 0.03535533905932732729, 0.03535533905932732729, 0.03535533905932732729, 0.03535533905932732729, 0.03535533905932733423, 0.03535533905932733423, 0.03535533905932732729, 0.03535533905932732729, 0.03535533905932732729, 0.03535533905932732729, 0.03535533905932732729, 0.03535533905932732729, 0.03535533905932732729, 0.03535533905932732729, 0.03535533905932732729, 0.03535533905932732729, 0.03535533905932734117, 0.03535533905932734117, 0.03535533905932733423, 0.03535533905932733423, 0.03535533905932733423, 0.03535533905932733423, 0.03535533905932732729, 0.03535533905932732729, 0.03535533905932732729, 0.03535533905932732729),
 ( 1.000000000000000000, 1.000000000000000000, 1.000000000000000000, 1.000000000000000000, 1.000000000000000000, 1.000000000000000000, 1.000000000000000000, 1.000000000000000000, 1.000000000000000000, 1.000000000000000000, 1.000000000000000000, 1.000000000000000000, 1.000000000000000000, 1.000000000000000000, 1.000000000000000000, 1.000000000000000000, 1.000000000000000000, 1.000000000000000000, 1.000000000000000000, 1.000000000000000000, 1.000000000000000000, 1.000000000000000000, 1.000000000000000000, 1.000000000000000000, 1.000000000000000000, 1.000000000000000000, 1.000000000000000000, 1.000000000000000000, 1.000000000000000000, 1.000000000000000000, 1.000000000000000000, 1.000000000000000000, 1.000000000000000000, 1.000000000000000000, 1.000000000000000000, 1.000000000000000000, 1.000000000000000000, 1.000000000000000000, 1.000000000000000000, 1.000000000000000000, 1.000000000000000000, 1.000000000000000000, 1.000000000000000000, 1.000000000000000000, 1.000000000000000000, 1.000000000000000000, 1.000000000000000000, 1.000000000000000000, 1.000000000000000000, 1.000000000000000000, 1.000000000000000000, 1.000000000000000000, 1.000000000000000000, 1.000000000000000000, 1.000000000000000000, 1.000000000000000000, 1.000000000000000000, 1.000000000000000000, 1.000000000000000000, 1.000000000000000000, 1.000000000000000000, 1.000000000000000000, 1.000000000000000000, 1.000000000000000000, 1.000000000000000000, 1.000000000000000000) ) ) 
 REPRESENTATION_ITEM ( '' )  SURFACE ( )  );
#1066 = CARTESIAN_POINT ( 'NONE',  ( -1.192661447462830981, -5.500000000000000000, -0.9149846742274114764 ) ) ;
#1067 = ORIENTED_EDGE ( 'NONE', *, *, #1202, .T. ) ;
#1068 = SHAPE_DEFINITION_REPRESENTATION ( #1695, #849 ) ;
#1069 = CARTESIAN_POINT ( 'NONE',  ( 2.841204349544727951E-07, -4.163675150372474043, -1.433012701892188767 ) ) ;
#1070 = CARTESIAN_POINT ( 'NONE',  ( -1.130080206118531105, -6.000000000000000888, -0.9912401374410924060 ) ) ;
#1071 = CARTESIAN_POINT ( 'NONE',  ( -0.8678315929632035575, -6.000000000000000000, 0.5011506832209321471 ) ) ;
#1072 = CARTESIAN_POINT ( 'NONE',  ( 0.5773500709217030957, -3.122008483705809301, 1.000000114470013468 ) ) ;
#1073 = CARTESIAN_POINT ( 'NONE',  ( 0.9885568993239430835, -5.747631853352929809, 0.8009318182712754641 ) ) ;
#1074 = CARTESIAN_POINT ( 'NONE',  ( -1.241025545844630207, -1.497008483705815074, 0.7165061048905809749 ) ) ;
#1075 = DIRECTION ( 'NONE',  ( 0.000000000000000000, 0.000000000000000000, 1.000000000000000000 ) ) ;
#1076 = CARTESIAN_POINT ( 'NONE',  ( 0.8660253046504663432, -2.580341817039143670, 0.5000001717050399641 ) ) ;
#1077 = UNCERTAINTY_MEASURE_WITH_UNIT (LENGTH_MEASURE( 1.000000000000000082E-05 ), #692, 'distance_accuracy_value', 'NONE');
#1078 = CARTESIAN_POINT ( 'NONE',  ( -1.490330864988698600, -5.500000000000000000, 0.1963471293327613276 ) ) ;
#1079 = CARTESIAN_POINT ( 'NONE',  ( -1.982679136692306609E-07, -4.663675150372472267, 0.9999999999999811262 ) ) ;
#1080 =( BOUNDED_SURFACE ( )  B_SPLINE_SURFACE ( 1, 2, ( 
 ( #348, #990, #842, #1883, #179, #1516, #311, #337, #2018, #2219, #1674, #687, #2208 ),
 ( #1871, #675, #1841, #360, #1016, #1358, #2045, #1177, #829, #535, #508, #869, #1369 ) ),
 .UNSPECIFIED., .F., .F., .T. ) 
 B_SPLINE_SURFACE_WITH_KNOTS ( ( 2, 2 ),
 ( 3, 2, 2, 2, 2, 2, 3 ),
 ( 0.000000000000000000, 1.000000000000000000 ),
 ( 0.000000000000000000, 0.1666666666666666574, 0.3333333333333333148, 0.5000000000000000000, 0.6666666666666666297, 0.8333333333333333703, 1.000000000000000000 ),
 .UNSPECIFIED. ) 
 GEOMETRIC_REPRESENTATION_ITEM ( )  RATIONAL_B_SPLINE_SURFACE ( (
 ( 1.000000000000000000, 0.8660254037844387076, 1.000000000000000000, 0.8660254037844387076, 1.000000000000000000, 0.8660254037844387076, 1.000000000000000000, 0.8660254037844387076, 1.000000000000000000, 0.8660254037844387076, 1.000000000000000000, 0.8660254037844387076, 1.000000000000000000),
 ( 1.000000000000000000, 0.8660254037844387076, 1.000000000000000000, 0.8660254037844387076, 1.000000000000000000, 0.8660254037844387076, 1.000000000000000000, 0.8660254037844387076, 1.000000000000000000, 0.8660254037844387076, 1.000000000000000000, 0.8660254037844387076, 1.000000000000000000) ) ) 
 REPRESENTATION_ITEM ( '' )  SURFACE ( )  );
#1081 = CARTESIAN_POINT ( 'NONE',  ( 1.241025261724191697, -3.330341817039142782, 0.7165065970016161190 ) ) ;
#1082 = CARTESIAN_POINT ( 'NONE',  ( -1.130080206118537989, -6.000000000000000888, 0.9912401374410924060 ) ) ;
#1083 = CARTESIAN_POINT ( 'NONE',  ( 1.154700538379229036, -3.038675150372476264, 2.289400652714058286E-07 ) ) ;
#1084 = CARTESIAN_POINT ( 'NONE',  ( -1.654700538379216379, -0.5386751503724841461, -3.280740181318763223E-07 ) ) ;
#1085 = VERTEX_POINT ( 'NONE', #639 ) ;
#1086 = CARTESIAN_POINT ( 'NONE',  ( -0.8273499850691728996, -6.122008483705803528, -1.433012865929199187 ) ) ;
#1087 = CARTESIAN_POINT ( 'NONE',  ( 0.8660253046504663432, -3.580341817039141450, 0.5000001717050396310 ) ) ;
#1088 = VECTOR ( 'NONE', #2052, 1000.000000000000000 ) ;
#1089 = AXIS2_PLACEMENT_3D ( 'NONE', #1706, #874, #354 ) ;
#1090 = CARTESIAN_POINT ( 'NONE',  ( 1.154700538379229480, -3.538675150372474931, 2.289400682873129065E-07 ) ) ;
#1091 = CARTESIAN_POINT ( 'NONE',  ( -2.841204406625688520E-07, -2.413675150372478040, 1.433012701892190544 ) ) ;
#1092 = CARTESIAN_POINT ( 'NONE',  ( -0.9149846742274155842, -6.000000000000000000, -1.192661447462826096 ) ) ;
#1093 = CARTESIAN_POINT ( 'NONE',  ( -0.8660255029183772102, -3.247008483705808857, 0.4999998282949428274 ) ) ;
#1094 = CARTESIAN_POINT ( 'NONE',  ( 1.302855702478998179, -5.704260781871515640, -0.2317613938682635544 ) ) ;
#1095 = CARTESIAN_POINT ( 'NONE',  ( -2.350000000000000089, 30.00000000000000000, -1.356773132595618936 ) ) ;
#1096 = EDGE_LOOP ( 'NONE', ( #863, #1275, #954, #488, #1390, #1267, #284 ) ) ;
#1097 = DIRECTION ( 'NONE',  ( 0.5000001717049239458, 5.651327449966751223E-16, -0.8660253046505318464 ) ) ;
#1098 = CARTESIAN_POINT ( 'NONE',  ( -1.154700538379228814, -1.288675150372479594, -2.289400625744901675E-07 ) ) ;
#1099 = CARTESIAN_POINT ( 'NONE',  ( -0.5773504674575298257, -3.705341817039141006, 0.9999998855299468969 ) ) ;
#1100 = CARTESIAN_POINT ( 'NONE',  ( -1.241025545844631761, -2.497008483705811077, 0.7165061048905775332 ) ) ;
#1101 = CARTESIAN_POINT ( 'NONE',  ( -0.4833235026602247797, -6.000000000000000000, -1.423389150623062704 ) ) ;
#1102 = ADVANCED_FACE ( 'NONE', ( #775 ), #1065, .T. ) ;
#1103 = CARTESIAN_POINT ( 'NONE',  ( 1.154700538379229036, -3.538675150372474931, 2.289400651048724014E-07 ) ) ;
#1104 = CARTESIAN_POINT ( 'NONE',  ( 1.452024976220993802, -5.500000000000000000, 0.3889238367156237497 ) ) ;
#1105 = SURFACE_SIDE_STYLE ('',( #573 ) ) ;
#1106 = CARTESIAN_POINT ( 'NONE',  ( 0.8005647493684385774, -6.000000000000000000, 0.6135461215191689854 ) ) ;
#1107 = CARTESIAN_POINT ( 'NONE',  ( -2.841204355106095349E-07, -5.913675150372470490, 1.433012701892189211 ) ) ;
#1108 = CARTESIAN_POINT ( 'NONE',  ( -0.5773500709217026516, -2.372008483705810633, -1.000000114470011692 ) ) ;
#1109 = PRESENTATION_STYLE_ASSIGNMENT (( #2137 ) ) ;
#1110 = CARTESIAN_POINT ( 'NONE',  ( -0.9912401374411088373, -5.500000000000000000, -1.130080206118534658 ) ) ;
#1111 = CARTESIAN_POINT ( 'NONE',  ( 0.8660253046504662322, -2.580341817039143670, 0.5000001717050398531 ) ) ;
#1112 = ADVANCED_FACE ( 'NONE', ( #274 ), #2108, .F. ) ;
#1113 = CARTESIAN_POINT ( 'NONE',  ( -0.6136488130046791056, -5.999999999999999112, -0.8006674408539173893 ) ) ;
#1114 = CARTESIAN_POINT ( 'NONE',  ( -1.241025261724194140, -0.5803418170391496655, -0.7165065970016079033 ) ) ;
#1115 = FACE_OUTER_BOUND ( 'NONE', #1879, .T. ) ;
#1116 = CARTESIAN_POINT ( 'NONE',  ( 0.8660255029183784314, -2.497008483705810633, -0.4999998282949405515 ) ) ;
#1117 = LINE ( 'NONE', #317, #831 ) ;
#1118 = CARTESIAN_POINT ( 'NONE',  ( -1.348249446910803062, -5.500000000000000000, -0.6647267944350460089 ) ) ;
#1119 = CIRCLE ( 'NONE', #405, 1.249999999999998668 ) ;
#1120 = CARTESIAN_POINT ( 'NONE',  ( -1.241025545844631983, -0.9970084837058147409, 0.7165061048905772001 ) ) ;
#1121 = PLANE ( 'NONE',  #111 ) ;
#1122 = CARTESIAN_POINT ( 'NONE',  ( -0.5773500709217024296, -0.3720084837058150184, -1.000000114470010582 ) ) ;
#1123 = CARTESIAN_POINT ( 'NONE',  ( 1.219727444046192488E-16, -6.000000000000000000, 1.000000000000000222 ) ) ;
#1124 = CARTESIAN_POINT ( 'NONE',  ( -0.5011506832209277063, -6.000000000000000000, 0.8678315929632065551 ) ) ;
#1125 = CARTESIAN_POINT ( 'NONE',  ( -0.8273505533100437015, -2.455341817039144559, 1.433012537855180124 ) ) ;
#1126 = CARTESIAN_POINT ( 'NONE',  ( -0.8660255029183793196, -2.247008483705811077, 0.4999998282949398853 ) ) ;
#1127 = CARTESIAN_POINT ( 'NONE',  ( -0.8660253046504656771, -0.8303418170391473341, -0.5000001717050368555 ) ) ;
#1128 = CARTESIAN_POINT ( 'NONE',  ( 0.9397122626510465704, 4.472333961502706776E-16, 0.6760584703318813782 ) ) ;
#1129 = EDGE_CURVE ( 'NONE', #733, #1920, #950, .T. ) ;
#1130 = CARTESIAN_POINT ( 'NONE',  ( 0.7517260248313967219, -5.500000000000000000, -1.301747389444804393 ) ) ;
#1131 = CARTESIAN_POINT ( 'NONE',  ( -0.4833235026602201168, -5.500000000000000000, -1.423389150623059596 ) ) ;
#1132 = CARTESIAN_POINT ( 'NONE',  ( -1.154700538379228592, -1.788675150372478262, -2.289400627410235683E-07 ) ) ;
#1133 = DIRECTION ( 'NONE',  ( 0.8660254037844385966, 0.000000000000000000, -0.5000000000000001110 ) ) ;
#1134 = CARTESIAN_POINT ( 'NONE',  ( 0.3222156684401453752, -6.000000000000000000, -0.9489261004153739520 ) ) ;
#1135 = ORIENTED_EDGE ( 'NONE', *, *, #785, .T. ) ;
#1136 = CARTESIAN_POINT ( 'NONE',  ( 0.8273499850691726776, -2.872008483705810633, 1.433012865929200075 ) ) ;
#1137 = CARTESIAN_POINT ( 'NONE',  ( -0.5773500709216965454, -1.872008483705811965, -1.000000114470014800 ) ) ;
#1138 = CARTESIAN_POINT ( 'NONE',  ( -0.8273499850691725666, -4.622008483705807969, -1.433012865929198743 ) ) ;
#1139 = CARTESIAN_POINT ( 'NONE',  ( 7.490970600951138676E-17, 30.00000000000000000, -2.713546265191241424 ) ) ;
#1140 = EDGE_CURVE ( 'NONE', #1313, #390, #2098, .T. ) ;
#1141 = ORIENTED_EDGE ( 'NONE', *, *, #720, .F. ) ;
#1142 = CARTESIAN_POINT ( 'NONE',  ( 0.9935539099924665107, -6.000000000000000000, 0.1308980862218391272 ) ) ;
#1143 = CARTESIAN_POINT ( 'NONE',  ( 0.8660255029183784314, -0.4970084837058151850, -0.4999998282949396633 ) ) ;
#1144 = CARTESIAN_POINT ( 'NONE',  ( 0.8660257011860811316, -0.1666666824443260031, -1.499999828295041304 ) ) ;
#1145 = CARTESIAN_POINT ( 'NONE',  ( 0.6099897828182742066, -6.000000000000000000, -0.7951076316418850265 ) ) ;
#1146 = CARTESIAN_POINT ( 'NONE',  ( 1.654700538379216823, -3.788675150372475375, 3.280740206977280609E-07 ) ) ;
#1147 = CARTESIAN_POINT ( 'NONE',  ( -1.130080206118537989, -6.000000000000000888, 0.9912401374410924060 ) ) ;
#1148 = CARTESIAN_POINT ( 'NONE',  ( -0.8273499850691725666, -5.122008483705807969, -1.433012865929198965 ) ) ;
#1149 = DIRECTION ( 'NONE',  ( 0.5000000000000004441, -0.000000000000000000, 0.8660254037844383745 ) ) ;
#1150 = CARTESIAN_POINT ( 'NONE',  ( -1.130080206118540431, -5.500000000000000000, -0.9912401374411021759 ) ) ;
#1151 = CARTESIAN_POINT ( 'NONE',  ( 0.8660253046504663432, -1.580341817039145447, 0.5000001717050401862 ) ) ;
#1152 = AXIS2_PLACEMENT_3D ( 'NONE', #963, #1155, #790 ) ;
#1153 = CARTESIAN_POINT ( 'NONE',  ( 0.000000000000000000, -6.000000000000000000, -1.000000000000000222 ) ) ;
#1154 = CARTESIAN_POINT ( 'NONE',  ( 1.732050807568844109, -0.2500000157776593457, 3.434098573137575605E-07 ) ) ;
#1155 = DIRECTION ( 'NONE',  ( 0.000000000000000000, -1.000000000000000000, 0.000000000000000000 ) ) ;
#1156 = CARTESIAN_POINT ( 'NONE',  ( -2.841204351723384571E-07, -2.913675150372477152, 1.433012701892190099 ) ) ;
#1157 = CARTESIAN_POINT ( 'NONE',  ( -1.982679165768925662E-07, -1.663675150372479150, 0.9999999999999822364 ) ) ;
#1158 = CARTESIAN_POINT ( 'NONE',  ( 0.8273499850691725666, -4.372008483705809745, 1.433012865929199853 ) ) ;
#1159 = CARTESIAN_POINT ( 'NONE',  ( 1.241025545844632871, -0.2470084837058184046, -0.7165061048905740915 ) ) ;
#1160 = ORIENTED_EDGE ( 'NONE', *, *, #2207, .T. ) ;
#1161 = CARTESIAN_POINT ( 'NONE',  ( 0.3222156684401489279, -6.000000000000000000, 0.9489261004153690671 ) ) ;
#1162 = CARTESIAN_POINT ( 'NONE',  ( 0.9149846742274106992, -5.500000000000000000, -1.192661447462831426 ) ) ;
#1163 = CARTESIAN_POINT ( 'NONE',  ( 0.5773504674575270501, -0.9553418170391476671, -0.9999998855299463418 ) ) ;
#1164 = CARTESIAN_POINT ( 'NONE',  ( -0.3889238367156264697, -6.000000000000000888, -1.452024976220994468 ) ) ;
#1165 = CARTESIAN_POINT ( 'NONE',  ( 0.4431511962900344104, -6.000000000000000000, -0.8988329646071999690 ) ) ;
#1166 = CARTESIAN_POINT ( 'NONE',  ( -0.8273499850691733437, -5.122008483705804416, -1.433012865929198076 ) ) ;
#1167 = LINE ( 'NONE', #119, #1048 ) ;
#1168 = CARTESIAN_POINT ( 'NONE',  ( 0.3889238367156261922, -6.000000000000000888, -1.452024976220995356 ) ) ;
#1169 = CARTESIAN_POINT ( 'NONE',  ( 1.241025261724195028, -2.330341817039145003, 0.7165065970016111230 ) ) ;
#1170 = CARTESIAN_POINT ( 'NONE',  ( -2.841204355643859627E-07, -4.913675150372475819, 1.433012701892189877 ) ) ;
#1171 = DIRECTION ( 'NONE',  ( -0.7499999141475168773, 0.5000000000000032196, -0.4330128505930442850 ) ) ;
#1172 = CARTESIAN_POINT ( 'NONE',  ( -1.452024976221002239, -6.000000000000000888, -0.3889238367156231946 ) ) ;
#1173 = CARTESIAN_POINT ( 'NONE',  ( 1.241025545844635980, -1.247008483705814186, -0.7165061048905698726 ) ) ;
#1174 = CARTESIAN_POINT ( 'NONE',  ( 1.301747389444807057, -6.000000000000000888, 0.7517260248313920590 ) ) ;
#1175 = CARTESIAN_POINT ( 'NONE',  ( 1.423389150623058708, -5.500000000000000000, 0.4833235026602221707 ) ) ;
#1176 = DIRECTION ( 'NONE',  ( 0.000000000000000000, 0.000000000000000000, 1.000000000000000000 ) ) ;
#1177 = CARTESIAN_POINT ( 'NONE',  ( -1.732050807568842998, -1.577765934394903535E-08, -3.434098538417085233E-07 ) ) ;
#1178 = CARTESIAN_POINT ( 'NONE',  ( 1.500000000000001110, -6.000000000000000888, 0.09817475406222010703 ) ) ;
#1179 = CARTESIAN_POINT ( 'NONE',  ( 1.452024976221000685, -6.000000000000000888, 0.3889238367156252485 ) ) ;
#1180 = CARTESIAN_POINT ( 'NONE',  ( 1.241025261724195250, -1.330341817039147001, 0.7165065970016114560 ) ) ;
#1181 = ADVANCED_FACE ( 'NONE', ( #37 ), #1415, .T. ) ;
#1182 = CARTESIAN_POINT ( 'NONE',  ( 0.5773504674575317130, -1.455341817039146113, -0.9999998855299442324 ) ) ;
#1183 = CARTESIAN_POINT ( 'NONE',  ( 0.8273505533100452558, -2.205341817039146335, -1.433012537855177682 ) ) ;
#1184 = LINE ( 'NONE', #124, #470 ) ;
#1185 = CARTESIAN_POINT ( 'NONE',  ( -1.241025545844632205, -1.497008483705813520, 0.7165061048905772001 ) ) ;
#1186 = ORIENTED_EDGE ( 'NONE', *, *, #1939, .F. ) ;
#1187 = CARTESIAN_POINT ( 'NONE',  ( -0.2592825578104159812, -6.000000000000000000, 0.9680166508139952386 ) ) ;
#1188 = CARTESIAN_POINT ( 'NONE',  ( 0.09817475406224855650, -5.500000000000000000, -1.500000000000000222 ) ) ;
#1189 = CARTESIAN_POINT ( 'NONE',  ( 1.982679117422720782E-07, -5.413675150372471379, -0.9999999999999804601 ) ) ;
#1190 = CARTESIAN_POINT ( 'NONE',  ( -0.6647267944350490065, -6.000000000000000000, -1.348249446910798399 ) ) ;
#1191 = CARTESIAN_POINT ( 'NONE',  ( -2.841204338038348110E-07, -5.413675150372472267, 1.433012701892189655 ) ) ;
#1192 = CARTESIAN_POINT ( 'NONE',  ( 0.1963471293327617440, -6.000000000000000888, 1.490330864988714588 ) ) ;
#1193 = VECTOR ( 'NONE', #1680, 1000.000000000000000 ) ;
#1194 = CARTESIAN_POINT ( 'NONE',  ( -0.8988329646072019674, -6.000000000000000000, -0.4431511962900303025 ) ) ;
#1195 = CARTESIAN_POINT ( 'NONE',  ( 1.241025261724195250, -0.3303418170391494990, 0.7165065970016117891 ) ) ;
#1196 = CARTESIAN_POINT ( 'NONE',  ( 0.8660253046504962082, -0.08034181703914364259, 0.5000001717049896710 ) ) ;
#1197 = CARTESIAN_POINT ( 'NONE',  ( 1.654700538379217489, -1.788675150372481371, 3.280740215561581541E-07 ) ) ;
#1198 = EDGE_LOOP ( 'NONE', ( #1522, #1816, #1926, #2004, #898, #209 ) ) ;
#1199 = SURFACE_STYLE_FILL_AREA ( #2215 ) ;
#1200 = CARTESIAN_POINT ( 'NONE',  ( 0.6099897828182742066, -6.000000000000000000, -0.7951076316418850265 ) ) ;
#1201 = CARTESIAN_POINT ( 'NONE',  ( -1.154700538379228814, -4.288675150372473155, -2.289400635736909426E-07 ) ) ;
#1202 = EDGE_CURVE ( 'NONE', #1050, #390, #1117, .T. ) ;
#1203 = CARTESIAN_POINT ( 'NONE',  ( 0.4833235026602211160, -6.000000000000000888, -1.423389150623061816 ) ) ;
#1204 = CARTESIAN_POINT ( 'NONE',  ( 1.301747389444807279, -5.500000000000000000, 0.7517260248313923920 ) ) ;
#1205 = CARTESIAN_POINT ( 'NONE',  ( 0.000000000000000000, -6.000000000000000000, 0.000000000000000000 ) ) ;
#1206 = CARTESIAN_POINT ( 'NONE',  ( 1.241025545844631539, -4.747008483705807080, -0.7165061048905775332 ) ) ;
#1207 = CARTESIAN_POINT ( 'NONE',  ( -0.9935539099924675099, -6.000000000000000000, 0.1308980862218411534 ) ) ;
#1208 = CARTESIAN_POINT ( 'NONE',  ( -1.241025545844629763, -0.9970084837058147409, 0.7165061048905810859 ) ) ;
#1209 = CARTESIAN_POINT ( 'NONE',  ( -0.5773504674575273832, -0.7053418170391481112, 0.9999998855299495615 ) ) ;
#1210 = CARTESIAN_POINT ( 'NONE',  ( 2.841204360003343389E-07, -1.663675150372480926, -1.433012701892187879 ) ) ;
#1211 = ORIENTED_EDGE ( 'NONE', *, *, #1862, .T. ) ;
#1212 = DIRECTION ( 'NONE',  ( -0.000000000000000000, 1.000000000000000000, -0.000000000000000000 ) ) ;
#1213 = CARTESIAN_POINT ( 'NONE',  ( -0.8660253046504662322, -5.830341817039137453, -0.5000001717050385208 ) ) ;
#1214 = VERTEX_POINT ( 'NONE', #646 ) ;
#1215 = EDGE_CURVE ( 'NONE', #564, #356, #1119, .T. ) ;
#1216 = CARTESIAN_POINT ( 'NONE',  ( 1.490330864988700155, -6.000000000000000888, -0.1963471293327617717 ) ) ;
#1217 = CARTESIAN_POINT ( 'NONE',  ( -0.9912401374411197175, -6.000000000000000888, -1.130080206118545982 ) ) ;
#1218 = CARTESIAN_POINT ( 'NONE',  ( 1.241025545844630207, -5.247008483705805304, -0.7165061048905801977 ) ) ;
#1219 = CARTESIAN_POINT ( 'NONE',  ( -0.9149846742274142519, -6.000000000000000888, 1.192661447462832314 ) ) ;
#1220 = CARTESIAN_POINT ( 'NONE',  ( -0.7533868040790271392, -6.000000000000000000, 0.6608267582940646756 ) ) ;
#1221 = CARTESIAN_POINT ( 'NONE',  ( 2.841204358338008852E-07, -1.663675150372480038, -1.433012701892187657 ) ) ;
#1222 = CARTESIAN_POINT ( 'NONE',  ( 2.350000000000000533, 0.000000000000000000, 1.356773132595620712 ) ) ;
#1223 = CARTESIAN_POINT ( 'NONE',  ( 1.241025261724194806, -3.330341817039145447, 0.7165065970016111230 ) ) ;
#1224 = ORIENTED_EDGE ( 'NONE', *, *, #93, .T. ) ;
#1225 = CARTESIAN_POINT ( 'NONE',  ( -2.349999999999999201, 30.00000000000000000, 1.356773132595621600 ) ) ;
#1226 = CARTESIAN_POINT ( 'NONE',  ( -0.5773504674575263840, -5.705341817039136565, 0.9999998855299485623 ) ) ;
#1227 =( BOUNDED_CURVE ( )  B_SPLINE_CURVE ( 2, ( #663, #1854, #1687, #142, #1191, #2182, #1527, #3, #1218, #1895, #1042, #1166, #1505, #1030, #2195, #1346, #701, #495, #323, #524, #1206, #1383, #2068, #2029, #1725, #192, #1001, #153, #1931, #1252, #1736, #1231, #1405, #417, #1069, #395, #891, #205, #17, #2091, #1908, #1566, #41, #1747, #1416, #923, #229, #558, #406, #1243, #1771, #755, #1758, #912, #1081, #217, #1590, #28, #53, #746, #2118, #580, #1941, #373, #901, #1262, #237, #1578, #1057, #1426, #1394, #722, #2110, #735, #1100, #1921, #1091, #1779, #1598, #1433, #589, #62, #713, #1271, #385, #2080, #2100, #1952, #246, #1554, #569, #545, #1609, #1450, #786, #1511, #318, #503, #1185, #266, #74, #94, #2148, #2201, #1173, #659, #1669, #2040, #1970, #137, #1120, #490, #997, #948, #1279, #2128, #670, #1863, #1443, #1797, #1352, #774, #1959, #1681, #930, #766, #2025 ),
 .UNSPECIFIED., .F., .T. ) 
 B_SPLINE_CURVE_WITH_KNOTS ( ( 3, 2, 2, 2, 2, 2, 2, 2, 2, 2, 2, 2, 2, 2, 2, 2, 2, 2, 2, 2, 2, 2, 2, 2, 2, 2, 2, 2, 2, 2, 2, 2, 2, 2, 2, 2, 2, 2, 2, 2, 2, 2, 2, 2, 2, 2, 2, 2, 2, 2, 2, 2, 2, 2, 2, 2, 2, 2, 2, 2, 2, 2, 2, 3 ),
 ( 0.09750533534109910583, 0.1111111111111111327, 0.1250000000000000555, 0.1388888888888889783, 0.1527777777777779011, 0.1666666666666667962, 0.1805555555555557190, 0.1944444444444446418, 0.2083333333333335646, 0.2222222222222224597, 0.2361111111111113825, 0.2500000000000003331, 0.2638888888888892281, 0.2777777777777781787, 0.2916666666666670737, 0.3055555555555560243, 0.3194444444444448639, 0.3333333333333338144, 0.3472222222222227095, 0.3611111111111116601, 0.3750000000000005551, 0.3888888888888895057, 0.4027777777777784007, 0.4166666666666672958, 0.4305555555555563019, 0.4444444444444451414, 0.4583333333333340365, 0.4722222222222229315, 0.4861111111111119376, 0.5000000000000007772, 0.5138888888888896167, 0.5277777777777785673, 0.5416666666666675178, 0.5555555555555564684, 0.5694444444444453080, 0.5833333333333343695, 0.5972222222222232091, 0.6111111111111122707, 0.6250000000000011102, 0.6388888888888899498, 0.6527777777777789003, 0.6666666666666678509, 0.6805555555555566905, 0.6944444444444456410, 0.7083333333333347026, 0.7222222222222234311, 0.7361111111111124927, 0.7500000000000013323, 0.7638888888888901718, 0.7777777777777792334, 0.7916666666666680729, 0.8055555555555570235, 0.8194444444444458631, 0.8333333333333348136, 0.8472222222222237642, 0.8611111111111127148, 0.8750000000000015543, 0.8888888888888905049, 0.9027777777777793444, 0.9166666666666682950, 0.9305555555555573566, 0.9444444444444460851, 0.9583333333333351467, 0.9722222222222239862 ),
 .UNSPECIFIED. ) 
 CURVE ( )  GEOMETRIC_REPRESENTATION_ITEM ( )  RATIONAL_B_SPLINE_CURVE ( ( 0.9946494213933986250, 0.8687563613209484670, 1.000000000000000000, 0.8660254037844387076, 1.000000000000000000, 0.8660254037844387076, 1.000000000000000000, 0.8660254037844387076, 1.000000000000000000, 0.8660254037844387076, 1.000000000000000000, 0.8660254037844387076, 1.000000000000000000, 0.8660254037844387076, 1.000000000000000000, 0.8660254037844387076, 1.000000000000000000, 0.8660254037844387076, 1.000000000000000000, 0.8660254037844387076, 1.000000000000000000, 0.8660254037844387076, 1.000000000000000000, 0.8660254037844387076, 1.000000000000000000, 0.8660254037844387076, 1.000000000000000000, 0.8660254037844387076, 1.000000000000000000, 0.8660254037844387076, 1.000000000000000000, 0.8660254037844387076, 1.000000000000000000, 0.8660254037844387076, 1.000000000000000000, 0.8660254037844387076, 1.000000000000000000, 0.8660254037844387076, 1.000000000000000000, 0.8660254037844387076, 1.000000000000000000, 0.8660254037844387076, 1.000000000000000000, 0.8660254037844387076, 1.000000000000000000, 0.8660254037844387076, 1.000000000000000000, 0.8660254037844387076, 1.000000000000000000, 0.8660254037844387076, 1.000000000000000000, 0.8660254037844387076, 1.000000000000000000, 0.8660254037844387076, 1.000000000000000000, 0.8660254037844387076, 1.000000000000000000, 0.8660254037844387076, 1.000000000000000000, 0.8660254037844387076, 1.000000000000000000, 0.8660254037844387076, 1.000000000000000000, 0.8660254037844387076, 1.000000000000000000, 0.8660254037844387076, 1.000000000000000000, 0.8660254037844387076, 1.000000000000000000, 0.8660254037844387076, 1.000000000000000000, 0.8660254037844387076, 1.000000000000000000, 0.8660254037844387076, 1.000000000000000000, 0.8660254037844387076, 1.000000000000000000, 0.8660254037844387076, 1.000000000000000000, 0.8660254037844387076, 1.000000000000000000, 0.8660254037844387076, 1.000000000000000000, 0.8660254037844387076, 1.000000000000000000, 0.8660254037844387076, 1.000000000000000000, 0.8660254037844387076, 1.000000000000000000, 0.8660254037844387076, 1.000000000000000000, 0.8660254037844387076, 1.000000000000000000, 0.8660254037844387076, 1.000000000000000000, 0.8660254037844387076, 1.000000000000000000, 0.8660254037844387076, 1.000000000000000000, 0.8660254037844387076, 1.000000000000000000, 0.8660254037844387076, 1.000000000000000000, 0.8660254037844387076, 1.000000000000000000, 0.8660254037844387076, 1.000000000000000000, 0.8660254037844387076, 1.000000000000000000, 0.8660254037844387076, 1.000000000000000000, 0.8660254037844387076, 1.000000000000000000, 0.8660254037844387076, 1.000000000000000000, 0.8660254037844387076, 1.000000000000000000, 0.8660254037844387076, 1.000000000000000000, 0.8660254037844387076, 1.000000000000000000, 0.8660254037844387076, 1.000000000000000000, 0.8660254037844387076, 1.000000000000000000, 0.8660254037844216102, 1.000000000000017097 ) ) 
 REPRESENTATION_ITEM ( '' )  );
#1228 = CARTESIAN_POINT ( 'NONE',  ( 0.4833235026602236695, -6.000000000000000000, 1.423389150623050714 ) ) ;
#1229 = CARTESIAN_POINT ( 'NONE',  ( -0.6680698847296125953, 1.496435676755036586E-14, 1.183607442440952617 ) ) ;
#1230 = CARTESIAN_POINT ( 'NONE',  ( -0.1510971451044333669, -5.942833958938722461, -1.068298761690451570 ) ) ;
#1231 = CARTESIAN_POINT ( 'NONE',  ( 1.654700538379217045, -4.288675150372474043, 3.280740223753894153E-07 ) ) ;
#1232 = CARTESIAN_POINT ( 'NONE',  ( -0.8988329646072019674, -6.000000000000000000, -0.4431511962900303025 ) ) ;
#1233 = CARTESIAN_POINT ( 'NONE',  ( -1.241025261724194140, -1.580341817039146335, -0.7165065970016080144 ) ) ;
#1234 = CARTESIAN_POINT ( 'NONE',  ( 0.4833235026602262785, -5.500000000000000000, 1.423389150623056931 ) ) ;
#1235 = VECTOR ( 'NONE', #1008, 1000.000000000000000 ) ;
#1236 = CARTESIAN_POINT ( 'NONE',  ( 1.241025261724194806, -3.830341817039145003, 0.7165065970016110120 ) ) ;
#1237 = CARTESIAN_POINT ( 'NONE',  ( -0.6138253263268887983, -5.610733287076290488, -1.267749181559338245 ) ) ;
#1238 = VECTOR ( 'NONE', #619, 1000.000000000000000 ) ;
#1239 = CARTESIAN_POINT ( 'NONE',  ( 1.154700538379229036, -5.538675150372470490, 2.289400644387386395E-07 ) ) ;
#1240 = ORIENTED_EDGE ( 'NONE', *, *, #1215, .F. ) ;
#1241 = CARTESIAN_POINT ( 'NONE',  ( 0.7297216008372469087, -1.658126881393952477E-14, 0.9500012497939128719 ) ) ;
#1242 = CARTESIAN_POINT ( 'NONE',  ( 1.982679114409641947E-07, -5.913675150372469602, -0.9999999999999806821 ) ) ;
#1243 = CARTESIAN_POINT ( 'NONE',  ( -1.654700538379216601, -3.538675150372475375, -3.280740274722221871E-07 ) ) ;
#1244 = CARTESIAN_POINT ( 'NONE',  ( 1.490330864988699044, -5.500000000000000000, -0.1963471293327598011 ) ) ;
#1245 = CARTESIAN_POINT ( 'NONE',  ( -0.06544983604148005285, -6.000000000000000000, 1.000000000000000222 ) ) ;
#1246 = CARTESIAN_POINT ( 'NONE',  ( -1.982679114030150540E-07, -4.663675150372472267, 0.9999999999999809042 ) ) ;
#1247 = CARTESIAN_POINT ( 'NONE',  ( 1.042330604215405909, -5.744383133998948843, 0.7351740182997600348 ) ) ;
#1248 = CARTESIAN_POINT ( 'NONE',  ( 1.241025545844631539, -0.2470084837058184046, -0.7165061048905767560 ) ) ;
#1249 = CARTESIAN_POINT ( 'NONE',  ( -1.191038603824625675, -5.583046884639667695, -0.7998572940281157839 ) ) ;
#1250 = CARTESIAN_POINT ( 'NONE',  ( -2.350000000000000089, 0.000000000000000000, -1.356773132595618936 ) ) ;
#1251 = DIRECTION ( 'NONE',  ( -0.000000000000000000, 1.000000000000000000, -0.000000000000000000 ) ) ;
#1252 = CARTESIAN_POINT ( 'NONE',  ( 0.8273499850691731217, -4.372008483705807080, 1.433012865929199409 ) ) ;
#1253 = CARTESIAN_POINT ( 'NONE',  ( 1.423389150623060040, -5.500000000000000000, -0.4833235026602185624 ) ) ;
#1254 = CARTESIAN_POINT ( 'NONE',  ( 0.8678315929632065551, -6.000000000000000000, 0.5011506832209277063 ) ) ;
#1255 = CARTESIAN_POINT ( 'NONE',  ( -1.154700538379228814, -3.788675150372475375, -2.289400634071573566E-07 ) ) ;
#1256 = CARTESIAN_POINT ( 'NONE',  ( 0.6546138596856728720, -5.659099287181035720, -1.200540924957801847 ) ) ;
#1257 = CARTESIAN_POINT ( 'NONE',  ( 0.6135461215192088424, -5.999999999999998224, -0.8005647493683721860 ) ) ;
#1258 = VERTEX_POINT ( 'NONE', #1645 ) ;
#1259 = CARTESIAN_POINT ( 'NONE',  ( 1.241025545844630873, -5.747008483705804416, -0.7165061048905788654 ) ) ;
#1260 = EDGE_CURVE ( 'NONE', #68, #733, #553, .T. ) ;
#1261 = CARTESIAN_POINT ( 'NONE',  ( 0.5773500709217032067, -3.122008483705809301, 1.000000114470013690 ) ) ;
#1262 = CARTESIAN_POINT ( 'NONE',  ( 0.8273499850691722335, -2.872008483705810189, 1.433012865929200519 ) ) ;
#1263 = CARTESIAN_POINT ( 'NONE',  ( -1.423389150623062704, -6.000000000000000000, 0.4833235026602247797 ) ) ;
#1264 = CARTESIAN_POINT ( 'NONE',  ( -0.8660253046504655661, -2.330341817039144559, -0.5000001717050371886 ) ) ;
#1265 = CARTESIAN_POINT ( 'NONE',  ( 1.168044296372046320, -5.688134573528718541, -0.6380332069083854973 ) ) ;
#1266 = CARTESIAN_POINT ( 'NONE',  ( 1.654700538379217489, -0.7886751503724835910, 3.280740218892251144E-07 ) ) ;
#1267 = ORIENTED_EDGE ( 'NONE', *, *, #1260, .F. ) ;
#1268 = CARTESIAN_POINT ( 'NONE',  ( 0.8273499850691725666, -4.872008483705806192, 1.433012865929199631 ) ) ;
#1269 = CARTESIAN_POINT ( 'NONE',  ( -0.5773500709217024296, -1.372008483705813076, -1.000000114470011248 ) ) ;
#1270 = CARTESIAN_POINT ( 'NONE',  ( 0.8660255029183794306, -3.997008483705807969, -0.4999998282949387196 ) ) ;
#1271 = CARTESIAN_POINT ( 'NONE',  ( -0.8273499850691659052, -2.122008483705812409, -1.433012865929201629 ) ) ;
#1272 = CARTESIAN_POINT ( 'NONE',  ( 1.490330864988698822, -5.500000000000000000, 0.1963471293327589684 ) ) ;
#1273 = CARTESIAN_POINT ( 'NONE',  ( 0.5773500709217028737, -4.622008483705806192, 1.000000114470013024 ) ) ;
#1274 = CARTESIAN_POINT ( 'NONE',  ( 0.8733397429338030094, -6.000000000000000000, 0.5048870269257396126 ) ) ;
#1275 = ORIENTED_EDGE ( 'NONE', *, *, #1805, .F. ) ;
#1276 = CARTESIAN_POINT ( 'NONE',  ( -1.654700538379216601, -6.038675150372469602, -3.280740197714479816E-07 ) ) ;
#1277 = CARTESIAN_POINT ( 'NONE',  ( -0.8660253046504660102, -3.830341817039141006, -0.5000001717050378547 ) ) ;
#1278 = EDGE_CURVE ( 'NONE', #969, #1050, #1990, .T. ) ;
#1279 = CARTESIAN_POINT ( 'NONE',  ( 1.241025261724191253, -0.8303418170391482223, 0.7165065970016183394 ) ) ;
#1280 = CARTESIAN_POINT ( 'NONE',  ( 0.6647267944350473412, -5.500000000000000000, 1.348249446910802174 ) ) ;
#1281 = CARTESIAN_POINT ( 'NONE',  ( -0.5773500709217027627, -4.372008483705806192, -1.000000114470012136 ) ) ;
#1282 = CARTESIAN_POINT ( 'NONE',  ( -0.6647267944350532254, -5.500000000000000000, -1.348249446910799731 ) ) ;
#1283 = CARTESIAN_POINT ( 'NONE',  ( 1.241025545844631317, -1.247008483705815740, -0.7165061048905770891 ) ) ;
#1284 = CARTESIAN_POINT ( 'NONE',  ( 1.654700538379216823, -4.788675150372473155, 3.280740203646611535E-07 ) ) ;
#1285 = CARTESIAN_POINT ( 'NONE',  ( -1.301747389444805947, -5.500000000000000000, -0.7517260248313947235 ) ) ;
#1286 = CARTESIAN_POINT ( 'NONE',  ( 0.8660255029183783204, -2.997008483705809745, -0.4999998282949406625 ) ) ;
#1287 = CARTESIAN_POINT ( 'NONE',  ( 0.6416342609380408790, 3.863987579191263391E-16, 1.028046035468181740 ) ) ;
#1288 = CARTESIAN_POINT ( 'NONE',  ( 0.8660255029183782094, -4.997008483705805304, -0.4999998282949411066 ) ) ;
#1289 = LINE ( 'NONE', #1300, #292 ) ;
#1290 = CARTESIAN_POINT ( 'NONE',  ( 4.196207644450929669E-16, 30.00000000000000000, 2.713546265191241424 ) ) ;
#1291 = CARTESIAN_POINT ( 'NONE',  ( 1.982679118919922455E-07, -1.913675150372478484, -0.9999999999999792388 ) ) ;
#1292 = CARTESIAN_POINT ( 'NONE',  ( 1.299038254377462787, -0.2083333491109926605, -0.7499997424425920434 ) ) ;
#1293 = CARTESIAN_POINT ( 'NONE',  ( 0.2605354140359575355, -6.000000000000000000, 0.9745534949804872671 ) ) ;
#1294 = VERTEX_POINT ( 'NONE', #978 ) ;
#1295 = CARTESIAN_POINT ( 'NONE',  ( -0.8273505533100440346, -5.455341817039138341, 1.433012537855179236 ) ) ;
#1296 = CARTESIAN_POINT ( 'NONE',  ( 0.8660255029183816511, -2.997008483705809745, -0.4999998282949348893 ) ) ;
#1297 = CARTESIAN_POINT ( 'NONE',  ( 2.841204355493062881E-07, -5.663675150372472267, -1.433012701892189211 ) ) ;
#1298 = CARTESIAN_POINT ( 'NONE',  ( -1.452024976220994024, -5.500000000000000000, -0.3889238367156214737 ) ) ;
#1299 =( GEOMETRIC_REPRESENTATION_CONTEXT ( 3 ) GLOBAL_UNCERTAINTY_ASSIGNED_CONTEXT ( ( #403 ) ) GLOBAL_UNIT_ASSIGNED_CONTEXT ( ( #388, #1783, #1594 ) ) REPRESENTATION_CONTEXT ( 'NONE', 'WORKASPACE' ) );
#1300 = CARTESIAN_POINT ( 'NONE',  ( 2.350000000000000533, 30.00000000000000000, 1.356773132595620712 ) ) ;
#1301 = CARTESIAN_POINT ( 'NONE',  ( 0.9489261004153733969, -6.000000000000000000, -0.3222156684401471516 ) ) ;
#1302 = CARTESIAN_POINT ( 'NONE',  ( 4.196207644450929669E-16, 30.00000000000000000, 2.713546265191241424 ) ) ;
#1303 = FACE_BOUND ( 'NONE', #1864, .T. ) ;
#1304 = CARTESIAN_POINT ( 'NONE',  ( 0.8988329646072007462, -6.000000000000000000, 0.4431511962900324675 ) ) ;
#1305 = CARTESIAN_POINT ( 'NONE',  ( 1.654700538379216823, -4.288675150372473155, 3.280740205311946072E-07 ) ) ;
#1306 = CARTESIAN_POINT ( 'NONE',  ( 1.241025545844630873, -4.747008483705808857, -0.7165061048905783103 ) ) ;
#1307 = CYLINDRICAL_SURFACE ( 'NONE', #1089, 1.249999999999993783 ) ;
#1308 = ORIENTED_EDGE ( 'NONE', *, *, #1742, .T. ) ;
#1309 = CARTESIAN_POINT ( 'NONE',  ( 0.9680166508139952386, -6.000000000000000000, 0.2592825578104160922 ) ) ;
#1310 = CARTESIAN_POINT ( 'NONE',  ( -1.982679109519869503E-07, -0.6636751503724808154, 0.9999999999999822364 ) ) ;
#1311 = CARTESIAN_POINT ( 'NONE',  ( -0.8005647493684204807, -6.000000000000000888, -0.6135461215191738704 ) ) ;
#1312 = CARTESIAN_POINT ( 'NONE',  ( 0.6136488130046556799, -6.000000000000000000, 0.8006674408539276033 ) ) ;
#1313 = VERTEX_POINT ( 'NONE', #1139 ) ;
#1314 = CARTESIAN_POINT ( 'NONE',  ( 0.8273505533100448117, -2.205341817039145447, -1.433012537855177460 ) ) ;
#1315 = CARTESIAN_POINT ( 'NONE',  ( -1.500000000000001110, -6.000000000000000888, 0.09817475406221790046 ) ) ;
#1316 = CARTESIAN_POINT ( 'NONE',  ( 1.154700538379229702, -2.038675150372478040, 2.289400696353734389E-07 ) ) ;
#1317 = CARTESIAN_POINT ( 'NONE',  ( -2.841204356207644757E-07, -5.413675150372474931, 1.433012701892189655 ) ) ;
#1318 = LINE ( 'NONE', #1693, #1235 ) ;
#1319 = ORIENTED_EDGE ( 'NONE', *, *, #1961, .T. ) ;
#1320 = CARTESIAN_POINT ( 'NONE',  ( 1.301747389444806391, -5.500000000000000000, -0.7517260248313937243 ) ) ;
#1321 = CARTESIAN_POINT ( 'NONE',  ( -1.301747389444805503, -5.500000000000000000, 0.7517260248313956117 ) ) ;
#1322 = PLANE ( 'NONE',  #938 ) ;
#1323 = CARTESIAN_POINT ( 'NONE',  ( -0.2604798378044424489, -6.000000000000000888, 0.9744193220887541473 ) ) ;
#1324 = CARTESIAN_POINT ( 'NONE',  ( 0.1308980862218404873, -6.000000000000000000, 0.9935539099924733941 ) ) ;
#1325 = CARTESIAN_POINT ( 'NONE',  ( 1.241025261724195028, -2.830341817039144114, 0.7165065970016109009 ) ) ;
#1326 = CARTESIAN_POINT ( 'NONE',  ( -0.9912401374411079491, -6.000000000000000888, 1.130080206118550423 ) ) ;
#1327 = CARTESIAN_POINT ( 'NONE',  ( 0.5773504674575307138, -2.955341817039142782, -0.9999998855299450096 ) ) ;
#1328 = CARTESIAN_POINT ( 'NONE',  ( 1.241025261724194806, -4.330341817039143670, 0.7165065970016107899 ) ) ;
#1329 = DIRECTION ( 'NONE',  ( -0.5000000000000002220, 0.000000000000000000, 0.8660254037844385966 ) ) ;
#1330 = EDGE_CURVE ( 'NONE', #1431, #383, #1351, .T. ) ;
#1331 = COLOUR_RGB ( '',0.7921568627450980005, 0.8196078431372548767, 0.9333333333333333481 ) ;
#1332 = CARTESIAN_POINT ( 'NONE',  ( -0.06544983604148005285, -6.000000000000000000, 1.000000000000000222 ) ) ;
#1333 = CARTESIAN_POINT ( 'NONE',  ( 2.519881997192724746E-15, 0.000000000000000000, 3.174827527639618530E-15 ) ) ;
#1334 = STYLED_ITEM ( 'NONE', ( #674 ), #849 ) ;
#1335 = CARTESIAN_POINT ( 'NONE',  ( 2.467601232781798509E-07, -5.772467269937818557, -1.244579223341904406 ) ) ;
#1336 = CARTESIAN_POINT ( 'NONE',  ( 0.2592825578104174800, -6.000000000000000000, 0.9680166508139879111 ) ) ;
#1337 = CARTESIAN_POINT ( 'NONE',  ( -0.06544983604149909318, -6.000000000000000000, -1.000000000000000222 ) ) ;
#1338 = CARTESIAN_POINT ( 'NONE',  ( 1.241025261724194806, -3.830341817039141894, 0.7165065970016105679 ) ) ;
#1339 = CARTESIAN_POINT ( 'NONE',  ( -0.6647267944350513380, -5.500000000000000000, 1.348249446910800842 ) ) ;
#1340 = CARTESIAN_POINT ( 'NONE',  ( -1.982679161997908511E-07, -2.663675150372477152, 0.9999999999999817923 ) ) ;
#1341 = CARTESIAN_POINT ( 'NONE',  ( -0.5773504674575256068, -0.2053418170391485276, 0.9999998855299504497 ) ) ;
#1342 = FACE_OUTER_BOUND ( 'NONE', #964, .T. ) ;
#1343 = CARTESIAN_POINT ( 'NONE',  ( 1.423389150623066035, -6.000000000000000000, -0.4833235026602209494 ) ) ;
#1344 = CARTESIAN_POINT ( 'NONE',  ( -1.192661447462826318, -6.000000000000000888, 0.9149846742274155842 ) ) ;
#1345 = EDGE_CURVE ( 'NONE', #969, #1313, #1184, .T. ) ;
#1346 = CARTESIAN_POINT ( 'NONE',  ( -0.8273505533100441456, -4.955341817039140118, 1.433012537855179680 ) ) ;
#1347 = CARTESIAN_POINT ( 'NONE',  ( 1.192661447462830537, -6.000000000000000888, -0.9149846742274199141 ) ) ;
#1348 = CARTESIAN_POINT ( 'NONE',  ( 1.301747389444807723, -6.000000000000000888, -0.7517260248313877291 ) ) ;
#1349 = CARTESIAN_POINT ( 'NONE',  ( -2.841204350595814312E-07, -1.913675150372479372, 1.433012701892190544 ) ) ;
#1350 = CARTESIAN_POINT ( 'NONE',  ( -1.654700538379216601, -2.538675150372479372, -3.280740187980100842E-07 ) ) ;
#1351 = LINE ( 'NONE', #136, #1193 ) ;
#1352 = CARTESIAN_POINT ( 'NONE',  ( -1.241025261724192585, -0.5803418170391488884, -0.7165065970016107899 ) ) ;
#1353 = ORIENTED_EDGE ( 'NONE', *, *, #1417, .F. ) ;
#1354 = CARTESIAN_POINT ( 'NONE',  ( 1.348249446910796845, -6.000000000000000000, -0.6647267944350480073 ) ) ;
#1355 = CARTESIAN_POINT ( 'NONE',  ( 0.000000000000000000, -6.000000000000000888, -1.500000000000001110 ) ) ;
#1356 = ORIENTED_EDGE ( 'NONE', *, *, #1636, .F. ) ;
#1357 = FILL_AREA_STYLE ('',( #1870 ) ) ;
#1358 = CARTESIAN_POINT ( 'NONE',  ( -0.8660251063827621998, -0.08333334911099207765, -1.500000171704896967 ) ) ;
#1359 = CARTESIAN_POINT ( 'NONE',  ( 0.7517260248313974991, -6.000000000000000888, 1.301747389444812608 ) ) ;
#1360 = CARTESIAN_POINT ( 'NONE',  ( 0.9149846742274126976, -6.000000000000000888, 1.192661447462823210 ) ) ;
#1361 = CARTESIAN_POINT ( 'NONE',  ( -0.8660253046504658991, -5.330341817039137453, -0.5000001717050381878 ) ) ;
#1362 = CARTESIAN_POINT ( 'NONE',  ( -0.8660255029183795417, -0.7470084837058145188, 0.4999998282949397743 ) ) ;
#1363 = CARTESIAN_POINT ( 'NONE',  ( -1.241025261724194584, -3.080341817039144559, -0.7165065970016087915 ) ) ;
#1364 = FACE_OUTER_BOUND ( 'NONE', #1038, .T. ) ;
#1365 =( BOUNDED_CURVE ( )  B_SPLINE_CURVE ( 2, ( #108, #1154, #1292, #1144, #1820, #1476, #1791, #1974, #1620 ),
 .UNSPECIFIED., .F., .T. ) 
 B_SPLINE_CURVE_WITH_KNOTS ( ( 3, 2, 2, 2, 3 ),
 ( 0.000000000000000000, 0.1666666666666666574, 0.3333333333333333148, 0.5000000000000000000, 0.5833333627748480410 ),
 .UNSPECIFIED. ) 
 CURVE ( )  GEOMETRIC_REPRESENTATION_ITEM ( )  RATIONAL_B_SPLINE_CURVE ( ( 1.000000000000000000, 0.8660254037844387076, 1.000000000000000000, 0.8660254037844387076, 1.000000000000000000, 0.8660254037844387076, 1.000000000000000000, 0.9330126782257290863, 0.9330127018922277360 ) ) 
 REPRESENTATION_ITEM ( '' )  );
#1366 = CARTESIAN_POINT ( 'NONE',  ( 0.8660255029183782094, -3.997008483705807969, -0.4999998282949409956 ) ) ;
#1367 = CARTESIAN_POINT ( 'NONE',  ( 0.1308980862218404873, -6.000000000000000000, 0.9935539099924733941 ) ) ;
#1368 = CARTESIAN_POINT ( 'NONE',  ( -1.500000000000001110, -6.000000000000000888, 0.09817475406221790046 ) ) ;
#1369 = CARTESIAN_POINT ( 'NONE',  ( 1.299037956975804153, 0.2083333175556739136, 0.7500002575573790908 ) ) ;
#1370 = CARTESIAN_POINT ( 'NONE',  ( 0.000000000000000000, -6.000000000000000000, -1.000000000000000222 ) ) ;
#1371 = AXIS2_PLACEMENT_3D ( 'NONE', #384, #946, #1745 ) ;
#1372 = CARTESIAN_POINT ( 'NONE',  ( 1.490330864988700155, -6.000000000000000888, -0.1963471293327617717 ) ) ;
#1373 = CARTESIAN_POINT ( 'NONE',  ( -0.5773500709217028737, -4.872008483705805304, -1.000000114470012136 ) ) ;
#1374 =( GEOMETRIC_REPRESENTATION_CONTEXT ( 3 ) GLOBAL_UNCERTAINTY_ASSIGNED_CONTEXT ( ( #1537 ) ) GLOBAL_UNIT_ASSIGNED_CONTEXT ( ( #1056, #1735, #1503 ) ) REPRESENTATION_CONTEXT ( 'NONE', 'WORKASPACE' ) );
#1375 = CARTESIAN_POINT ( 'NONE',  ( -1.241025545844630429, -3.997008483705809745, 0.7165061048905800867 ) ) ;
#1376 = ADVANCED_FACE ( 'NONE', ( #1836 ), #1492, .F. ) ;
#1377 = CARTESIAN_POINT ( 'NONE',  ( 0.8678315929632057779, -6.000000000000000000, -0.5011506832209305928 ) ) ;
#1378 = CARTESIAN_POINT ( 'NONE',  ( 0.5773500709217030957, -4.122008483705807080, 1.000000114470013468 ) ) ;
#1379 = ORIENTED_EDGE ( 'NONE', *, *, #1805, .T. ) ;
#1380 = CARTESIAN_POINT ( 'NONE',  ( 0.09817475406224861201, -6.000000000000000888, -1.500000000000001110 ) ) ;
#1381 = CARTESIAN_POINT ( 'NONE',  ( -1.423389150623062704, -6.000000000000000000, 0.4833235026602247797 ) ) ;
#1382 = CARTESIAN_POINT ( 'NONE',  ( -1.982679117043229640E-07, -5.163675150372471379, 0.9999999999999809042 ) ) ;
#1383 = CARTESIAN_POINT ( 'NONE',  ( 0.8273505533100472542, -4.705341817039139229, -1.433012537855177015 ) ) ;
#1384 = CARTESIAN_POINT ( 'NONE',  ( -0.6647267944350501168, -6.000000000000000888, 1.348249446910797511 ) ) ;
#1385 = CARTESIAN_POINT ( 'NONE',  ( 0.5773500709217027627, -5.622008483705804416, 1.000000114470012580 ) ) ;
#1386 = CARTESIAN_POINT ( 'NONE',  ( -1.317767611527835814E-11, -5.633687057481120419, -1.381071826166586636 ) ) ;
#1387 = CARTESIAN_POINT ( 'NONE',  ( 0.8273499850691725666, -3.372008483705812409, 1.433012865929200519 ) ) ;
#1388 = DIRECTION ( 'NONE',  ( 0.000000000000000000, 0.000000000000000000, 1.000000000000000000 ) ) ;
#1389 = CARTESIAN_POINT ( 'NONE',  ( -0.5773500709217029847, -5.372008483705803528, -1.000000114470012580 ) ) ;
#1390 = ORIENTED_EDGE ( 'NONE', *, *, #1129, .F. ) ;
#1391 = CARTESIAN_POINT ( 'NONE',  ( 1.130080206118536212, -6.000000000000000000, 0.9912401374411079491 ) ) ;
#1392 = CARTESIAN_POINT ( 'NONE',  ( -0.7517260248313930582, -5.500000000000000000, -1.301747389444806613 ) ) ;
#1393 = DIRECTION ( 'NONE',  ( 0.000000000000000000, -0.000000000000000000, -1.000000000000000000 ) ) ;
#1394 = CARTESIAN_POINT ( 'NONE',  ( 2.841204361765689668E-07, -2.663675150372477596, -1.433012701892188323 ) ) ;
#1395 = CARTESIAN_POINT ( 'NONE',  ( -0.8678315929632042236, -6.000000000000000000, -0.5011506832209310369 ) ) ;
#1396 = CARTESIAN_POINT ( 'NONE',  ( -0.4431511962900325230, -6.000000000000000000, 0.8988329646072014123 ) ) ;
#1397 = CARTESIAN_POINT ( 'NONE',  ( -0.8660253046504658991, -4.830341817039138341, -0.5000001717050380767 ) ) ;
#1398 = CARTESIAN_POINT ( 'NONE',  ( -1.654700538379216601, -2.038675150372480704, -3.280740186314766834E-07 ) ) ;
#1399 = VERTEX_POINT ( 'NONE', #1815 ) ;
#1400 = DIRECTION ( 'NONE',  ( -0.000000000000000000, 1.000000000000000000, -0.000000000000000000 ) ) ;
#1401 = CARTESIAN_POINT ( 'NONE',  ( 0.5773500709217028737, -5.622008483705804416, 1.000000114470012802 ) ) ;
#1402 = ORIENTED_EDGE ( 'NONE', *, *, #1140, .F. ) ;
#1403 = CARTESIAN_POINT ( 'NONE',  ( -0.3352449545602360081, -6.753396695445118169E-16, 1.279261479092850928 ) ) ;
#1404 = ORIENTED_EDGE ( 'NONE', *, *, #1215, .T. ) ;
#1405 = CARTESIAN_POINT ( 'NONE',  ( 1.241025545844631761, -4.247008483705807969, -0.7165061048905769781 ) ) ;
#1406 = CARTESIAN_POINT ( 'NONE',  ( 1.423389150623058708, -5.500000000000000000, 0.4833235026602221707 ) ) ;
#1407 = CARTESIAN_POINT ( 'NONE',  ( -0.6608267582940692275, -6.000000000000000000, 0.7533868040790296927 ) ) ;
#1408 = CARTESIAN_POINT ( 'NONE',  ( -2.841204350032029182E-07, -1.413675150372480704, 1.433012701892190544 ) ) ;
#1409 = VECTOR ( 'NONE', #449, 1000.000000000000227 ) ;
#1410 = CARTESIAN_POINT ( 'NONE',  ( -1.241025545844629985, 0.002991516294181817415, 0.7165061048905813079 ) ) ;
#1411 = EDGE_LOOP ( 'NONE', ( #1635, #1379, #1741 ) ) ;
#1412 = FACE_OUTER_BOUND ( 'NONE', #2172, .T. ) ;
#1413 = PRODUCT_DEFINITION_FORMATION_WITH_SPECIFIED_SOURCE ( 'ANY', '', #2044, .NOT_KNOWN. ) ;
#1414 = DIRECTION ( 'NONE',  ( 0.000000000000000000, 0.000000000000000000, 1.000000000000000000 ) ) ;
#1415 = CYLINDRICAL_SURFACE ( 'NONE', #554, 1.500000000000000222 ) ;
#1416 = CARTESIAN_POINT ( 'NONE',  ( 1.241025545844631983, -3.747008483705808413, -0.7165061048905766450 ) ) ;
#1417 = EDGE_CURVE ( 'NONE', #1214, #280, #39, .T. ) ;
#1418 = CARTESIAN_POINT ( 'NONE',  ( 1.452024976220993135, -5.500000000000000000, -0.3889238367156272469 ) ) ;
#1419 = CARTESIAN_POINT ( 'NONE',  ( 0.06544983604148030265, -6.000000000000000000, 1.000000000000000222 ) ) ;
#1420 = CARTESIAN_POINT ( 'NONE',  ( -0.8660253046504657881, -4.330341817039140118, -0.5000001717050378547 ) ) ;
#1421 = CARTESIAN_POINT ( 'NONE',  ( 0.5048870269256897636, -5.999999999999997335, -0.8733397429338263240 ) ) ;
#1422 = ORIENTED_EDGE ( 'NONE', *, *, #2048, .F. ) ;
#1423 = CARTESIAN_POINT ( 'NONE',  ( 0.8273505533100442566, -5.705341817039138341, -1.433012537855178570 ) ) ;
#1424 = CARTESIAN_POINT ( 'NONE',  ( -0.5773504674575259399, -2.205341817039144559, 0.9999998855299497835 ) ) ;
#1425 = CARTESIAN_POINT ( 'NONE',  ( -1.348249446910803062, -5.500000000000000000, -0.6647267944350460089 ) ) ;
#1426 = CARTESIAN_POINT ( 'NONE',  ( 0.8273505533100488085, -2.705341817039144114, -1.433012537855175683 ) ) ;
#1427 = CARTESIAN_POINT ( 'NONE',  ( -1.348249446910800176, -6.000000000000000888, -0.6647267944350447877 ) ) ;
#1428 = CARTESIAN_POINT ( 'NONE',  ( 0.5773504674575269391, -2.455341817039143670, -0.9999998855299471190 ) ) ;
#1429 = CARTESIAN_POINT ( 'NONE',  ( -2.350000000000000089, 30.00000000000000000, -1.356773132595618936 ) ) ;
#1430 = CARTESIAN_POINT ( 'NONE',  ( 1.241025261724195250, -0.8303418170391507758, 0.7165065970016120112 ) ) ;
#1431 = VERTEX_POINT ( 'NONE', #658 ) ;
#1432 = CARTESIAN_POINT ( 'NONE',  ( 0.5773504674575271611, -1.455341817039146113, -0.9999998855299467859 ) ) ;
#1433 = CARTESIAN_POINT ( 'NONE',  ( 1.654700538379217045, -2.288675150372478484, 3.280740246626620760E-07 ) ) ;
#1434 = CARTESIAN_POINT ( 'NONE',  ( -1.490330864988705706, -6.000000000000000888, 0.1963471293327627709 ) ) ;
#1435 = CARTESIAN_POINT ( 'NONE',  ( -1.154700538379228814, -4.288675150372473155, -2.289400635736908103E-07 ) ) ;
#1436 = CARTESIAN_POINT ( 'NONE',  ( -1.423389150623058264, -5.500000000000000000, 0.4833235026602230588 ) ) ;
#1437 = CARTESIAN_POINT ( 'NONE',  ( 0.000000000000000000, 30.00000000000000000, 1.249999999999993783 ) ) ;
#1438 = CARTESIAN_POINT ( 'NONE',  ( -1.241025545844629985, -0.4970084837058177385, 0.7165061048905811969 ) ) ;
#1439 = EDGE_LOOP ( 'NONE', ( #1720, #1308, #1849 ) ) ;
#1440 = CARTESIAN_POINT ( 'NONE',  ( 1.219727444046192488E-16, -6.000000000000000000, 1.000000000000000222 ) ) ;
#1441 = CARTESIAN_POINT ( 'NONE',  ( -1.982679111211225156E-07, -2.163675150372477596, 0.9999999999999820144 ) ) ;
#1442 = VECTOR ( 'NONE', #1576, 1000.000000000000000 ) ;
#1443 = CARTESIAN_POINT ( 'NONE',  ( 2.841204479881982002E-07, -0.6636751503724817036, -1.433012701892187657 ) ) ;
#1444 = CARTESIAN_POINT ( 'NONE',  ( 0.9912401374411058397, -5.500000000000000000, 1.130080206118537101 ) ) ;
#1445 = CARTESIAN_POINT ( 'NONE',  ( -0.5773504674575259399, -3.205341817039142782, 0.9999998855299491174 ) ) ;
#1446 = CARTESIAN_POINT ( 'NONE',  ( 0.08505776084946187199, -5.789798008238410176, 1.227138113723983848 ) ) ;
#1447 = CARTESIAN_POINT ( 'NONE',  ( 0.8273505533100453668, 0.2946581829608484471, -1.433012537855176793 ) ) ;
#1448 = CARTESIAN_POINT ( 'NONE',  ( 2.104461552161529187E-07, -5.949137834598432484, -1.061423170852119124 ) ) ;
#1449 = CARTESIAN_POINT ( 'NONE',  ( 0.8660253046504664542, -2.080341817039145003, 0.5000001717050401862 ) ) ;
#1450 = CARTESIAN_POINT ( 'NONE',  ( 0.8273505533100495857, -1.705341817039146113, -1.433012537855174573 ) ) ;
#1451 = CARTESIAN_POINT ( 'NONE',  ( 0.06544983604149902379, -6.000000000000000000, -1.000000000000000222 ) ) ;
#1452 = CARTESIAN_POINT ( 'NONE',  ( 0.8660255029183784314, 0.002991516294184419500, -0.4999998282949395523 ) ) ;
#1453 = CARTESIAN_POINT ( 'NONE',  ( -0.1322421399603110337, -5.999999999999999112, 1.000072613845785163 ) ) ;
#1454 = CARTESIAN_POINT ( 'NONE',  ( -0.3222156684401444315, -6.000000000000000000, 0.9489261004153736190 ) ) ;
#1455 = CARTESIAN_POINT ( 'NONE',  ( -1.241025545844630207, -4.497008483705806192, 0.7165061048905799757 ) ) ;
#1456 = CARTESIAN_POINT ( 'NONE',  ( 1.982679132488114162E-07, -2.913675150372476264, -0.9999999999999796829 ) ) ;
#1457 = CARTESIAN_POINT ( 'NONE',  ( 0.5773500709217030957, -3.622008483705807969, 1.000000114470013690 ) ) ;
#1458 = CARTESIAN_POINT ( 'NONE',  ( -1.348249446910800842, -5.500000000000000000, 0.6647267944350501168 ) ) ;
#1459 = CYLINDRICAL_SURFACE ( 'NONE', #1866, 1.249999999999993783 ) ;
#1460 = CARTESIAN_POINT ( 'NONE',  ( 0.8678315929632057779, -6.000000000000000000, -0.5011506832209305928 ) ) ;
#1461 = EDGE_CURVE ( 'NONE', #1085, #1064, #1318, .T. ) ;
#1462 = CARTESIAN_POINT ( 'NONE',  ( -0.8660253046504654550, -0.8303418170391473341, -0.5000001717050367445 ) ) ;
#1463 = DIRECTION ( 'NONE',  ( -1.982679113608450423E-07, -2.203098590929478864E-16, 0.9999999999999803491 ) ) ;
#1464 = CARTESIAN_POINT ( 'NONE',  ( 0.1322421399603112002, -6.000000000000001776, 0.9999273861542153918 ) ) ;
#1465 = ORIENTED_EDGE ( 'NONE', *, *, #225, .T. ) ;
#1466 = CARTESIAN_POINT ( 'NONE',  ( 1.241025545844630873, -3.747008483705808413, -0.7165061048905781993 ) ) ;
#1467 = CARTESIAN_POINT ( 'NONE',  ( 1.154700538379229702, -2.538675150372477152, 2.289400691860199457E-07 ) ) ;
#1468 = CARTESIAN_POINT ( 'NONE',  ( -0.5773500709217024296, -0.8720084837058137417, -1.000000114470011026 ) ) ;
#1469 = CARTESIAN_POINT ( 'NONE',  ( -0.5967470634094911297, -5.686512169001680661, -1.194352800946022253 ) ) ;
#1470 = COLOUR_RGB ( '',0.6470588235294117974, 0.5176470588235293491, 0.000000000000000000 ) ;
#1471 = VERTEX_POINT ( 'NONE', #2179 ) ;
#1472 = CARTESIAN_POINT ( 'NONE',  ( 0.9912401374411036192, -5.500000000000000000, -1.130080206118539321 ) ) ;
#1473 = CARTESIAN_POINT ( 'NONE',  ( 0.9935539099924662887, -6.000000000000000000, -0.1308980862218405428 ) ) ;
#1474 = CARTESIAN_POINT ( 'NONE',  ( -1.154700538379228369, -0.7886751503724810375, -2.289400624079566344E-07 ) ) ;
#1475 = CARTESIAN_POINT ( 'NONE',  ( -0.09817475406224870915, -6.000000000000000888, -1.500000000000001110 ) ) ;
#1476 = CARTESIAN_POINT ( 'NONE',  ( -0.8660251063827623108, -0.08333334911099296582, -1.500000171704896967 ) ) ;
#1477 = CARTESIAN_POINT ( 'NONE',  ( 1.000000000000000222, -6.000000000000000000, -0.06544983604148016387 ) ) ;
#1478 = ORIENTED_EDGE ( 'NONE', *, *, #647, .F. ) ;
#1479 = CARTESIAN_POINT ( 'NONE',  ( -0.8273499850691725666, -3.122008483705810189, -1.433012865929198076 ) ) ;
#1480 = CARTESIAN_POINT ( 'NONE',  ( 0.09817475406222052337, -6.000000000000000888, 1.500000000000001110 ) ) ;
#1481 = CARTESIAN_POINT ( 'NONE',  ( 1.982679165002172380E-07, -3.413675150372475375, -0.9999999999999799050 ) ) ;
#1482 = CARTESIAN_POINT ( 'NONE',  ( -1.154700538379228592, -0.2886751503724822032, -2.289400622414232601E-07 ) ) ;
#1483 = DIRECTION ( 'NONE',  ( 0.000000000000000000, 0.000000000000000000, 1.000000000000000000 ) ) ;
#1484 = VERTEX_POINT ( 'NONE', #306 ) ;
#1485 = CARTESIAN_POINT ( 'NONE',  ( 0.7533868040790261400, -6.000000000000000000, 0.6608267582940693385 ) ) ;
#1486 = FACE_OUTER_BOUND ( 'NONE', #1732, .T. ) ;
#1487 = FACE_OUTER_BOUND ( 'NONE', #1198, .T. ) ;
#1488 = CARTESIAN_POINT ( 'NONE',  ( 0.9680166508139951276, -6.000000000000000000, -0.2592825578104174800 ) ) ;
#1489 = CARTESIAN_POINT ( 'NONE',  ( 0.8273505533100447007, -3.705341817039142782, -1.433012537855177904 ) ) ;
#1490 = CARTESIAN_POINT ( 'NONE',  ( -0.5773504674575263840, -3.205341817039142782, 0.9999998855299490064 ) ) ;
#1491 = CARTESIAN_POINT ( 'NONE',  ( -1.241025545844630429, -4.497008483705808857, 0.7165061048905799757 ) ) ;
#1492 = PLANE ( 'NONE',  #1724 ) ;
#1493 = CARTESIAN_POINT ( 'NONE',  ( -1.500000000000000444, -5.500000000000000000, 0.09817475406221784495 ) ) ;
#1494 = CARTESIAN_POINT ( 'NONE',  ( -1.348249446910803062, -5.500000000000000000, -0.6647267944350460089 ) ) ;
#1495 = CARTESIAN_POINT ( 'NONE',  ( -1.154700538379228592, -1.288675150372479594, -2.289400625744901146E-07 ) ) ;
#1496 = CARTESIAN_POINT ( 'NONE',  ( 0.9489261004153730639, -6.000000000000000000, 0.3222156684401478732 ) ) ;
#1497 = CARTESIAN_POINT ( 'NONE',  ( -1.241025545844630207, -3.997008483705807969, 0.7165061048905801977 ) ) ;
#1498 = CARTESIAN_POINT ( 'NONE',  ( -0.5773500709217009863, -3.372008483705808413, -1.000000114470013024 ) ) ;
#1499 = CARTESIAN_POINT ( 'NONE',  ( -1.982679110083655162E-07, -1.163675150372480482, 0.9999999999999822364 ) ) ;
#1500 = VECTOR ( 'NONE', #300, 1000.000000000000000 ) ;
#1501 = CARTESIAN_POINT ( 'NONE',  ( 0.6647267944350492286, -6.000000000000000888, -1.348249446910801064 ) ) ;
#1502 = CARTESIAN_POINT ( 'NONE',  ( -1.301747389444809500, -6.000000000000000888, 0.7517260248313948345 ) ) ;
#1503 =( NAMED_UNIT ( * ) SI_UNIT ( $, .STERADIAN. ) SOLID_ANGLE_UNIT ( ) );
#1504 = AXIS2_PLACEMENT_3D ( 'NONE', #391, #2073, #1075 ) ;
#1505 = CARTESIAN_POINT ( 'NONE',  ( -1.241025261724194584, -5.080341817039139229, -0.7165065970016094576 ) ) ;
#1506 = CARTESIAN_POINT ( 'NONE',  ( -0.2592825578104189788, -6.000000000000000000, -0.9680166508140004566 ) ) ;
#1507 = CARTESIAN_POINT ( 'NONE',  ( -0.9680166508140009007, -6.000000000000000000, -0.2592825578104167583 ) ) ;
#1508 = CARTESIAN_POINT ( 'NONE',  ( 1.654700538379216823, -3.288675150372476264, 3.280740208642614616E-07 ) ) ;
#1509 = CARTESIAN_POINT ( 'NONE',  ( 0.8660255029183786535, 0.002991516294184419500, -0.4999998282949396633 ) ) ;
#1510 = PLANE ( 'NONE',  #77 ) ;
#1511 = CARTESIAN_POINT ( 'NONE',  ( -0.8273499850691654611, -1.622008483705813520, -1.433012865929201407 ) ) ;
#1512 = VERTEX_POINT ( 'NONE', #2171 ) ;
#1513 = CARTESIAN_POINT ( 'NONE',  ( -0.9680166508139933512, -6.000000000000000000, 0.2592825578104179796 ) ) ;
#1514 = CARTESIAN_POINT ( 'NONE',  ( -0.1963471293327628264, -6.000000000000000888, -1.490330864988698600 ) ) ;
#1515 = ORIENTED_EDGE ( 'NONE', *, *, #1862, .F. ) ;
#1516 = CARTESIAN_POINT ( 'NONE',  ( -0.8273499850693711855, -0.1220084837058055816, -1.433012865929082391 ) ) ;
#1517 = CARTESIAN_POINT ( 'NONE',  ( 1.490330864988693493, -6.000000000000000888, 0.1963471293327578859 ) ) ;
#1518 = CARTESIAN_POINT ( 'NONE',  ( 1.192661447462832314, -6.000000000000000888, 0.9149846742274144740 ) ) ;
#1519 = CARTESIAN_POINT ( 'NONE',  ( -1.241025545844629763, -0.4970084837058151850, 0.7165061048905811969 ) ) ;
#1520 = CARTESIAN_POINT ( 'NONE',  ( 0.5773504674575392626, -0.4553418170391478892, -0.9999998855299396805 ) ) ;
#1521 = CARTESIAN_POINT ( 'NONE',  ( 0.8273499850691725666, -3.872008483705811077, 1.433012865929200075 ) ) ;
#1522 = ORIENTED_EDGE ( 'NONE', *, *, #54, .T. ) ;
#1523 = CARTESIAN_POINT ( 'NONE',  ( 0.8660253046504662322, -5.080341817039138341, 0.5000001717050391870 ) ) ;
#1524 = CARTESIAN_POINT ( 'NONE',  ( -0.7951076316418869139, -6.000000000000000000, -0.6099897828182733184 ) ) ;
#1525 = CARTESIAN_POINT ( 'NONE',  ( 1.348249446910801952, -5.500000000000000000, 0.6647267944350482294 ) ) ;
#1526 = CARTESIAN_POINT ( 'NONE',  ( -1.146342576341925490, -5.875393242082211920, -0.08456352668092328995 ) ) ;
#1527 = CARTESIAN_POINT ( 'NONE',  ( 1.241025261724194806, -5.330341817039138341, 0.7165065970016097907 ) ) ;
#1528 = EDGE_CURVE ( 'NONE', #68, #628, #463, .T. ) ;
#1529 = CARTESIAN_POINT ( 'NONE',  ( 1.500000000000001110, -6.000000000000000888, -0.09817475406222028744 ) ) ;
#1530 = CARTESIAN_POINT ( 'NONE',  ( 0.3889238367156254150, -6.000000000000000888, 1.452024976220978925 ) ) ;
#1531 = CARTESIAN_POINT ( 'NONE',  ( 0.8660255029183778763, -4.997008483705805304, -0.4999998282949412176 ) ) ;
#1532 = LINE ( 'NONE', #1034, #2090 ) ;
#1533 = CARTESIAN_POINT ( 'NONE',  ( -0.8273505533100441456, -3.955341817039144114, 1.433012537855180124 ) ) ;
#1534 = PLANE ( 'NONE',  #1586 ) ;
#1535 = CARTESIAN_POINT ( 'NONE',  ( -1.982679115157721329E-07, -5.663675150372470490, 0.9999999999999806821 ) ) ;
#1536 = EDGE_LOOP ( 'NONE', ( #1186, #188, #1211 ) ) ;
#1537 = UNCERTAINTY_MEASURE_WITH_UNIT (LENGTH_MEASURE( 1.000000000000000082E-05 ), #1056, 'distance_accuracy_value', 'NONE');
#1538 = CARTESIAN_POINT ( 'NONE',  ( -0.8988329646072019674, -6.000000000000000000, -0.4431511962900303025 ) ) ;
#1539 = CARTESIAN_POINT ( 'NONE',  ( 1.301747389444806391, -5.500000000000000000, -0.7517260248313937243 ) ) ;
#1540 = CARTESIAN_POINT ( 'NONE',  ( -0.5773504674575276052, -5.205341817039138341, 0.9999998855299481182 ) ) ;
#1541 = LINE ( 'NONE', #2057, #1907 ) ;
#1542 = CARTESIAN_POINT ( 'NONE',  ( -0.3889238367156232501, -6.000000000000000888, 1.452024976221000685 ) ) ;
#1543 = VECTOR ( 'NONE', #343, 1000.000000000000000 ) ;
#1544 = CARTESIAN_POINT ( 'NONE',  ( 0.09817475406224861201, -6.000000000000000888, -1.500000000000001110 ) ) ;
#1545 = CARTESIAN_POINT ( 'NONE',  ( -2.841204348904458923E-07, -0.4136751503724823142, 1.433012701892190988 ) ) ;
#1546 = PRODUCT_DEFINITION ( 'UNKNOWN', '', #1413, #174 ) ;
#1547 = CARTESIAN_POINT ( 'NONE',  ( 1.241025545844631095, -4.247008483705809745, -0.7165061048905781993 ) ) ;
#1548 = EDGE_LOOP ( 'NONE', ( #876, #347, #1630, #414 ) ) ;
#1549 = SURFACE_SIDE_STYLE ('',( #1199 ) ) ;
#1550 = CARTESIAN_POINT ( 'NONE',  ( 1.530808498934190091E-16, 24.00000000000000000, -1.249999999999998668 ) ) ;
#1551 = ORIENTED_EDGE ( 'NONE', *, *, #2126, .F. ) ;
#1552 = CARTESIAN_POINT ( 'NONE',  ( 1.423389150623051158, -6.000000000000000000, 0.4833235026602222262 ) ) ;
#1553 = CARTESIAN_POINT ( 'NONE',  ( -0.9912401374411079491, -6.000000000000000888, 1.130080206118550423 ) ) ;
#1554 = CARTESIAN_POINT ( 'NONE',  ( 0.8273499850691716784, -1.872008483705812631, 1.433012865929201629 ) ) ;
#1555 = CARTESIAN_POINT ( 'NONE',  ( -1.000000000000000222, -6.000000000000000000, -0.06544983604148180145 ) ) ;
#1556 = CARTESIAN_POINT ( 'NONE',  ( -0.5773504674575261619, -5.205341817039137453, 0.9999998855299485623 ) ) ;
#1557 = CARTESIAN_POINT ( 'NONE',  ( -0.8660255029183830944, -0.2470084837058149352, 0.4999998282949335016 ) ) ;
#1558 = CARTESIAN_POINT ( 'NONE',  ( 1.241025545844631095, -3.747008483705810633, -0.7165061048905779773 ) ) ;
#1559 = CARTESIAN_POINT ( 'NONE',  ( -1.317767611527835652E-11, -5.633687057481120419, -1.381071826166586636 ) ) ;
#1560 = CARTESIAN_POINT ( 'NONE',  ( 1.982679116100997336E-07, -4.413675150372473155, -0.9999999999999802380 ) ) ;
#1561 = ADVANCED_FACE ( 'NONE', ( #1342 ), #1510, .F. ) ;
#1562 = EDGE_LOOP ( 'NONE', ( #1657, #321 ) ) ;
#1563 = CARTESIAN_POINT ( 'NONE',  ( 0.3889238367156254150, -6.000000000000000888, 1.452024976220978925 ) ) ;
#1564 = CARTESIAN_POINT ( 'NONE',  ( -1.206534108457910648, -2.223462264294657012E-16, 0.7626995401457150603 ) ) ;
#1565 = CARTESIAN_POINT ( 'NONE',  ( -1.982679115157721329E-07, -5.663675150372470490, 0.9999999999999806821 ) ) ;
#1566 = CARTESIAN_POINT ( 'NONE',  ( 0.8273499850691726776, -3.872008483705807969, 1.433012865929200075 ) ) ;
#1567 = CARTESIAN_POINT ( 'NONE',  ( -0.6647267944350490065, -6.000000000000000000, -1.348249446910798399 ) ) ;
#1568 = CARTESIAN_POINT ( 'NONE',  ( 1.982679114409641418E-07, -5.913675150372469602, -0.9999999999999804601 ) ) ;
#1569 = CARTESIAN_POINT ( 'NONE',  ( 0.9912401374411058397, -5.500000000000000000, 1.130080206118537101 ) ) ;
#1570 = CARTESIAN_POINT ( 'NONE',  ( 1.299037956975797270, 0.000000000000000000, 0.7500002575573873065 ) ) ;
#1571 = CARTESIAN_POINT ( 'NONE',  ( -1.241025261724194362, -2.580341817039145447, -0.7165065970016086805 ) ) ;
#1572 = ORIENTED_EDGE ( 'NONE', *, *, #225, .F. ) ;
#1573 = CARTESIAN_POINT ( 'NONE',  ( -0.8324813231116715562, -5.601195359992896528, -1.147361239925678511 ) ) ;
#1574 = DIRECTION ( 'NONE',  ( -0.000000000000000000, 1.000000000000000000, -0.000000000000000000 ) ) ;
#1575 = ORIENTED_EDGE ( 'NONE', *, *, #1939, .T. ) ;
#1576 = DIRECTION ( 'NONE',  ( -0.000000000000000000, -1.000000000000000000, -0.000000000000000000 ) ) ;
#1577 = CARTESIAN_POINT ( 'NONE',  ( 0.8660255029183779873, -5.497008483705804416, -0.4999998282949415507 ) ) ;
#1578 = CARTESIAN_POINT ( 'NONE',  ( 1.654700538379217045, -2.788675150372477596, 3.280740240908439506E-07 ) ) ;
#1579 = CARTESIAN_POINT ( 'NONE',  ( -1.452024976220987140, -6.000000000000000888, 0.3889238367156262477 ) ) ;
#1580 = CARTESIAN_POINT ( 'NONE',  ( 0.6099897828182770931, -6.000000000000000000, 0.7951076316418841383 ) ) ;
#1581 = CARTESIAN_POINT ( 'NONE',  ( 0.5773500709217029847, -4.122008483705807080, 1.000000114470013246 ) ) ;
#1582 = CARTESIAN_POINT ( 'NONE',  ( 1.031206227641537243, -5.678992561490527891, -0.8555001619258875145 ) ) ;
#1583 = CARTESIAN_POINT ( 'NONE',  ( 0.8273499850691731217, 0.1279915162941801798, 1.433012865929201407 ) ) ;
#1584 = ORIENTED_EDGE ( 'NONE', *, *, #441, .F. ) ;
#1585 = CARTESIAN_POINT ( 'NONE',  ( 1.654700538379216601, -5.788675150372470490, 3.280740200315941931E-07 ) ) ;
#1586 = AXIS2_PLACEMENT_3D ( 'NONE', #729, #706, #1062 ) ;
#1587 = CARTESIAN_POINT ( 'NONE',  ( 1.154700538379229702, -2.038675150372478040, 2.289400656044728154E-07 ) ) ;
#1588 = CARTESIAN_POINT ( 'NONE',  ( -0.1963471293327605227, -5.500000000000000000, 1.490330864988698600 ) ) ;
#1589 = CARTESIAN_POINT ( 'NONE',  ( 0.5773504674575302698, -3.955341817039140562, -0.9999998855299456757 ) ) ;
#1590 = CARTESIAN_POINT ( 'NONE',  ( 1.241025545844634870, -3.247008483705809745, -0.7165061048905717600 ) ) ;
#1591 = CARTESIAN_POINT ( 'NONE',  ( -0.09817475406224870915, -6.000000000000000888, -1.500000000000001110 ) ) ;
#1592 = CARTESIAN_POINT ( 'NONE',  ( 0.2592825578104174800, -6.000000000000000000, 0.9680166508139879111 ) ) ;
#1593 = CARTESIAN_POINT ( 'NONE',  ( -0.5773504674575261619, -4.705341817039139229, 0.9999998855299487843 ) ) ;
#1594 =( NAMED_UNIT ( * ) SI_UNIT ( $, .STERADIAN. ) SOLID_ANGLE_UNIT ( ) );
#1595 = CARTESIAN_POINT ( 'NONE',  ( -0.8273505533100439235, -1.455341817039149666, 1.433012537855180790 ) ) ;
#1596 = CARTESIAN_POINT ( 'NONE',  ( 0.8660253046504665653, -1.580341817039145447, 0.5000001717050402972 ) ) ;
#1597 = CARTESIAN_POINT ( 'NONE',  ( 0.5773504674575278273, -4.955341817039139229, -0.9999998855299474521 ) ) ;
#1598 = CARTESIAN_POINT ( 'NONE',  ( 1.241025261724191697, -2.330341817039145003, 0.7165065970016171182 ) ) ;
#1599 = CARTESIAN_POINT ( 'NONE',  ( 1.301747389444806391, -5.500000000000000000, -0.7517260248313937243 ) ) ;
#1600 = CARTESIAN_POINT ( 'NONE',  ( -0.5773500709217027627, -3.872008483705807524, -1.000000114470011914 ) ) ;
#1601 = CARTESIAN_POINT ( 'NONE',  ( 1.348249446910801952, -5.500000000000000000, 0.6647267944350482294 ) ) ;
#1602 = CARTESIAN_POINT ( 'NONE',  ( -1.317767611527835652E-11, -5.633687057481120419, -1.381071826166586636 ) ) ;
#1603 = CARTESIAN_POINT ( 'NONE',  ( 0.8732055700420868760, -5.999999999999998224, -0.5048314506941901092 ) ) ;
#1604 = ORIENTED_EDGE ( 'NONE', *, *, #945, .T. ) ;
#1605 = CARTESIAN_POINT ( 'NONE',  ( -1.654700538379216379, -4.538675150372474043, -3.280740192718475676E-07 ) ) ;
#1606 = CARTESIAN_POINT ( 'NONE',  ( 0.8988329646072009682, -6.000000000000000000, -0.4431511962900318014 ) ) ;
#1607 = CARTESIAN_POINT ( 'NONE',  ( 0.5773500709217032067, -2.622008483705809745, 1.000000114470013912 ) ) ;
#1608 = CARTESIAN_POINT ( 'NONE',  ( 1.154700538379229480, -4.538675150372473155, 2.289400673886058937E-07 ) ) ;
#1609 = CARTESIAN_POINT ( 'NONE',  ( 1.241025545844635536, -1.747008483705812854, -0.7165061048905703167 ) ) ;
#1610 = CARTESIAN_POINT ( 'NONE',  ( 1.500000000000000222, -5.500000000000000000, -0.09817475406222023193 ) ) ;
#1611 = CARTESIAN_POINT ( 'NONE',  ( 0.8660253046504660102, -4.580341817039139229, 0.5000001717050391870 ) ) ;
#1612 = CARTESIAN_POINT ( 'NONE',  ( 1.176582937594092160, -5.735014822133152279, 0.5161068869451811425 ) ) ;
#1613 = CARTESIAN_POINT ( 'NONE',  ( -0.8273505533100438125, -0.9553418170391508868, 1.433012537855181012 ) ) ;
#1614 = CARTESIAN_POINT ( 'NONE',  ( 0.8273499850691725666, -5.872008483705803528, 1.433012865929199409 ) ) ;
#1615 = CARTESIAN_POINT ( 'NONE',  ( 1.982679118919922984E-07, -1.913675150372478484, -0.9999999999999794609 ) ) ;
#1616 = CONICAL_SURFACE ( 'NONE', #1504, 1.249999999999998668, 1.029744258676653645 ) ;
#1617 =( NAMED_UNIT ( * ) PLANE_ANGLE_UNIT ( ) SI_UNIT ( $, .RADIAN. ) );
#1618 = CARTESIAN_POINT ( 'NONE',  ( -1.130080206118540653, -5.500000000000000000, 0.9912401374411022870 ) ) ;
#1619 = CARTESIAN_POINT ( 'NONE',  ( -0.8660253046504657881, -3.830341817039141006, -0.5000001717050377437 ) ) ;
#1620 = CARTESIAN_POINT ( 'NONE',  ( -1.499999999999999778, 2.360402659465151452E-17, -1.340377341999037726E-08 ) ) ;
#1621 = CARTESIAN_POINT ( 'NONE',  ( 0.06544983604148030265, -6.000000000000000000, 1.000000000000000222 ) ) ;
#1622 = CARTESIAN_POINT ( 'NONE',  ( -1.241025261724194362, -4.580341817039140118, -0.7165065970016089025 ) ) ;
#1623 = CARTESIAN_POINT ( 'NONE',  ( -0.5773500709217027627, -3.372008483705808857, -1.000000114470011914 ) ) ;
#1624 = CARTESIAN_POINT ( 'NONE',  ( -0.4833235026602201168, -5.500000000000000000, -1.423389150623059596 ) ) ;
#1625 = FILL_AREA_STYLE ('',( #825 ) ) ;
#1626 = CARTESIAN_POINT ( 'NONE',  ( 0.7533868040790285825, -6.000000000000000000, -0.6608267582940704488 ) ) ;
#1627 = CARTESIAN_POINT ( 'NONE',  ( 0.5773504674575269391, -1.955341817039145003, -0.9999998855299467859 ) ) ;
#1628 = CARTESIAN_POINT ( 'NONE',  ( 7.490970600951138676E-17, 0.000000000000000000, -2.713546265191241424 ) ) ;
#1629 = CARTESIAN_POINT ( 'NONE',  ( -0.6099897828182758719, -6.000000000000000000, 0.7951076316418850265 ) ) ;
#1630 = ORIENTED_EDGE ( 'NONE', *, *, #1260, .T. ) ;
#1631 = CARTESIAN_POINT ( 'NONE',  ( 1.241025545844631095, -1.747008483705812854, -0.7165061048905774221 ) ) ;
#1632 = CARTESIAN_POINT ( 'NONE',  ( -0.8660253046504646779, -3.330341817039142338, -0.5000001717050396310 ) ) ;
#1633 = CARTESIAN_POINT ( 'NONE',  ( 0.5773500709217035398, -0.1220084837058156985, 1.000000114470014800 ) ) ;
#1634 = CARTESIAN_POINT ( 'NONE',  ( -1.500000000000000444, -5.500000000000000000, 0.09817475406221784495 ) ) ;
#1635 = ORIENTED_EDGE ( 'NONE', *, *, #480, .T. ) ;
#1636 = EDGE_CURVE ( 'NONE', #1085, #1431, #2200, .T. ) ;
#1637 = CARTESIAN_POINT ( 'NONE',  ( 0.6608267582940668960, -6.000000000000000000, -0.7533868040790250298 ) ) ;
#1638 = CARTESIAN_POINT ( 'NONE',  ( -0.5773500709217024296, -1.372008483705813076, -1.000000114470011026 ) ) ;
#1639 = CARTESIAN_POINT ( 'NONE',  ( -0.1327982674515214290, -6.000000000000001776, -1.000000000000000222 ) ) ;
#1640 = CARTESIAN_POINT ( 'NONE',  ( -0.6608267582940692275, -6.000000000000000000, 0.7533868040790296927 ) ) ;
#1641 = ORIENTED_EDGE ( 'NONE', *, *, #1991, .T. ) ;
#1642 = CARTESIAN_POINT ( 'NONE',  ( 0.8273499850691728996, -2.372008483705811077, 1.433012865929200519 ) ) ;
#1643 = CARTESIAN_POINT ( 'NONE',  ( -0.5773504674575266060, -2.705341817039143226, 0.9999998855299492284 ) ) ;
#1644 = CARTESIAN_POINT ( 'NONE',  ( 0.8273499850691725666, -5.372008483705808857, 1.433012865929199631 ) ) ;
#1645 = CARTESIAN_POINT ( 'NONE',  ( 1.219727444046192488E-16, -6.000000000000000000, 1.000000000000000222 ) ) ;
#1646 = VECTOR ( 'NONE', #1847, 1000.000000000000000 ) ;
#1647 = CARTESIAN_POINT ( 'NONE',  ( 1.130080206118539321, -5.500000000000000000, -0.9912401374411036192 ) ) ;
#1648 = CIRCLE ( 'NONE', #1950, 1.249999999999988898 ) ;
#1649 = CARTESIAN_POINT ( 'NONE',  ( -0.1963471293327627987, -5.500000000000000000, -1.490330864988698378 ) ) ;
#1650 = CARTESIAN_POINT ( 'NONE',  ( 1.982679121175062974E-07, 0.08632484962751724167, -0.9999999999999785727 ) ) ;
#1651 = CARTESIAN_POINT ( 'NONE',  ( 2.660849104071444451E-15, -0.1250000157776587906, 1.280226316234761743E-15 ) ) ;
#1652 = CARTESIAN_POINT ( 'NONE',  ( 0.6608267582940668960, -6.000000000000000000, -0.7533868040790250298 ) ) ;
#1653 = CARTESIAN_POINT ( 'NONE',  ( 0.8273505533100447007, -3.205341817039143226, -1.433012537855177682 ) ) ;
#1654 = CARTESIAN_POINT ( 'NONE',  ( -0.4833235026602161200, -6.000000000000000888, 1.423389150623066701 ) ) ;
#1655 = CARTESIAN_POINT ( 'NONE',  ( 0.8273505533100448117, -4.705341817039141894, -1.433012537855178570 ) ) ;
#1656 = DIRECTION ( 'NONE',  ( -0.000000000000000000, 1.000000000000000000, -0.000000000000000000 ) ) ;
#1657 = ORIENTED_EDGE ( 'NONE', *, *, #798, .T. ) ;
#1658 = CARTESIAN_POINT ( 'NONE',  ( -1.301747389444805947, -5.500000000000000000, -0.7517260248313947235 ) ) ;
#1659 = CARTESIAN_POINT ( 'NONE',  ( 0.5773500709217032067, -1.622008483705812631, 1.000000114470014134 ) ) ;
#1660 = CARTESIAN_POINT ( 'NONE',  ( -1.192661447462830981, -5.500000000000000000, -0.9149846742274114764 ) ) ;
#1661 = CARTESIAN_POINT ( 'NONE',  ( -1.477259307104049180, -1.815694353434732004E-18, 0.2363281880220159392 ) ) ;
#1662 = CARTESIAN_POINT ( 'NONE',  ( -0.8678315929632042236, -6.000000000000000000, -0.5011506832209310369 ) ) ;
#1663 = CARTESIAN_POINT ( 'NONE',  ( -1.241025261724194140, -2.580341817039144559, -0.7165065970016083474 ) ) ;
#1664 = CARTESIAN_POINT ( 'NONE',  ( 0.1963471293327617440, -6.000000000000000888, 1.490330864988714588 ) ) ;
#1665 = ADVANCED_FACE ( 'NONE', ( #627 ), #1307, .F. ) ;
#1666 = CARTESIAN_POINT ( 'NONE',  ( 0.8660255029183819842, -2.497008483705810633, -0.4999998282949346118 ) ) ;
#1667 = CARTESIAN_POINT ( 'NONE',  ( 1.982679120047493244E-07, -0.9136751503724810375, -0.9999999999999790168 ) ) ;
#1668 = DIRECTION ( 'NONE',  ( -0.8660254037844384856, 0.000000000000000000, -0.5000000000000001110 ) ) ;
#1669 = CARTESIAN_POINT ( 'NONE',  ( 2.841204475808327920E-07, -1.163675150372481149, -1.433012701892187657 ) ) ;
#1670 = CARTESIAN_POINT ( 'NONE',  ( -0.8678315929632035575, -6.000000000000000000, 0.5011506832209321471 ) ) ;
#1671 = CARTESIAN_POINT ( 'NONE',  ( 1.348249446910801286, -5.500000000000000000, -0.6647267944350498947 ) ) ;
#1672 = CARTESIAN_POINT ( 'NONE',  ( 1.982679120611277844E-07, -0.4136751503724814816, -0.9999999999999787947 ) ) ;
#1673 = CARTESIAN_POINT ( 'NONE',  ( -0.9149846742274155842, -6.000000000000000000, -1.192661447462826096 ) ) ;
#1674 = CARTESIAN_POINT ( 'NONE',  ( -2.841202366222981010E-07, 0.08632484962752656754, 1.433012701892191210 ) ) ;
#1675 = CARTESIAN_POINT ( 'NONE',  ( 0.3889238367156261922, -6.000000000000000888, -1.452024976220995356 ) ) ;
#1676 = CARTESIAN_POINT ( 'NONE',  ( -1.654700538379216157, -3.038675150372476708, -3.280740187722472594E-07 ) ) ;
#1677 = CARTESIAN_POINT ( 'NONE',  ( -1.154700538379229036, -2.288675150372477596, -2.289400710407781282E-07 ) ) ;
#1678 = CARTESIAN_POINT ( 'NONE',  ( 1.154700538379229924, -1.038675150372480260, 2.289400659375397228E-07 ) ) ;
#1679 = ORIENTED_EDGE ( 'NONE', *, *, #10, .F. ) ;
#1680 = DIRECTION ( 'NONE',  ( 0.8660254037844387076, 0.000000000000000000, 0.4999999999999998890 ) ) ;
#1681 = CARTESIAN_POINT ( 'NONE',  ( -0.8273505533100544707, -0.4553418170391487219, 1.433012537855174573 ) ) ;
#1682 =( BOUNDED_CURVE ( )  B_SPLINE_CURVE ( 2, ( #1242, #890, #2078, #699, #215, #1869, #1565, #900, #1027, #1712, #1577, #38, #1189, #177, #335, #1014, #866, #1540, #1382, #2066, #2127, #425, #1288, #1597, #265, #598, #1787, #1778, #754, #253, #1079, #745, #764, #1608, #2117, #937, #1940, #85, #773, #434, #227, #2135, #911, #588, #607, #947, #1270, #1589, #245, #394, #784, #52, #2099, #1099, #568, #2109, #404, #1090, #236, #922, #1481, #1498, #1632, #122, #812, #1490, #614, #272, #442, #644, #1296, #1327, #1456, #1824, #315, #1988, #2012, #1643, #1340, #1844, #994, #1467, #1666, #966, #134, #1803, #2001, #1677, #1126, #452, #822, #2145, #1978, #1316, #1813, #102, #475, #1137, #2186, #112, #2169, #461, #1157, #1834, #304, #2049, #1020, #1182, #1704, #146, #528, #364, #2085, #549, #1913, #1060, #1691, #538, #157, #667, #196, #835, #1899, #2034, #1362, #1209, #1716, #847, #169, #378, #499, #1520, #1887, #352, #2212, #1858, #1557, #512, #21, #1047, #1196 ),
 .UNSPECIFIED., .F., .T. ) 
 B_SPLINE_CURVE_WITH_KNOTS ( ( 3, 2, 2, 2, 2, 2, 2, 2, 2, 2, 2, 2, 2, 2, 2, 2, 2, 2, 2, 2, 2, 2, 2, 2, 2, 2, 2, 2, 2, 2, 2, 2, 2, 2, 2, 2, 2, 2, 2, 2, 2, 2, 2, 2, 2, 2, 2, 2, 2, 2, 2, 2, 2, 2, 2, 2, 2, 2, 2, 2, 2, 2, 2, 2, 2, 2, 2, 2, 2, 2, 3 ),
 ( 0.000000000000000000, 0.01388888888888891761, 0.02777777777777783522, 0.04166666666666675456, 0.05555555555555567043, 0.06944444444444460018, 0.08333333333333350912, 0.09722222222222243193, 0.1111111111111113409, 0.1250000000000002498, 0.1388888888888892004, 0.1527777777777781232, 0.1666666666666670182, 0.1805555555555559410, 0.1944444444444448639, 0.2083333333333337867, 0.2222222222222226817, 0.2361111111111116045, 0.2500000000000004996, 0.2638888888888894502, 0.2777777777777784007, 0.2916666666666672958, 0.3055555555555562464, 0.3194444444444450859, 0.3333333333333340365, 0.3472222222222229315, 0.3611111111111118821, 0.3750000000000007772, 0.3888888888888897277, 0.4027777777777786228, 0.4166666666666675733, 0.4305555555555564684, 0.4444444444444453635, 0.4583333333333342585, 0.4722222222222232091, 0.4861111111111121041, 0.5000000000000009992, 0.5138888888888898387, 0.5277777777777789003, 0.5416666666666677399, 0.5555555555555568015, 0.5694444444444456410, 0.5833333333333345916, 0.5972222222222234311, 0.6111111111111124927, 0.6250000000000013323, 0.6388888888888901718, 0.6527777777777791224, 0.6666666666666680729, 0.6805555555555570235, 0.6944444444444458631, 0.7083333333333348136, 0.7222222222222237642, 0.7361111111111127148, 0.7500000000000015543, 0.7638888888888903939, 0.7777777777777794554, 0.7916666666666682950, 0.8055555555555572456, 0.8194444444444460851, 0.8333333333333351467, 0.8472222222222239862, 0.8611111111111129368, 0.8750000000000017764, 0.8888888888888907269, 0.9027777777777796775, 0.9166666666666685170, 0.9305555555555574676, 0.9444444444444464182, 0.9583333333333353687, 0.9722222222222242083 ),
 .UNSPECIFIED. ) 
 CURVE ( )  GEOMETRIC_REPRESENTATION_ITEM ( )  RATIONAL_B_SPLINE_CURVE ( ( 1.000000000000000000, 0.8660254037844387076, 1.000000000000000000, 0.8660254037844387076, 1.000000000000000000, 0.8660254037844387076, 1.000000000000000000, 0.8660254037844387076, 1.000000000000000000, 0.8660254037844387076, 1.000000000000000000, 0.8660254037844387076, 1.000000000000000000, 0.8660254037844387076, 1.000000000000000000, 0.8660254037844387076, 1.000000000000000000, 0.8660254037844387076, 1.000000000000000000, 0.8660254037844387076, 1.000000000000000000, 0.8660254037844387076, 1.000000000000000000, 0.8660254037844387076, 1.000000000000000000, 0.8660254037844387076, 1.000000000000000000, 0.8660254037844387076, 1.000000000000000000, 0.8660254037844387076, 1.000000000000000000, 0.8660254037844387076, 1.000000000000000000, 0.8660254037844387076, 1.000000000000000000, 0.8660254037844387076, 1.000000000000000000, 0.8660254037844387076, 1.000000000000000000, 0.8660254037844387076, 1.000000000000000000, 0.8660254037844387076, 1.000000000000000000, 0.8660254037844387076, 1.000000000000000000, 0.8660254037844387076, 1.000000000000000000, 0.8660254037844387076, 1.000000000000000000, 0.8660254037844387076, 1.000000000000000000, 0.8660254037844387076, 1.000000000000000000, 0.8660254037844387076, 1.000000000000000000, 0.8660254037844387076, 1.000000000000000000, 0.8660254037844387076, 1.000000000000000000, 0.8660254037844387076, 1.000000000000000000, 0.8660254037844387076, 1.000000000000000000, 0.8660254037844387076, 1.000000000000000000, 0.8660254037844387076, 1.000000000000000000, 0.8660254037844387076, 1.000000000000000000, 0.8660254037844387076, 1.000000000000000000, 0.8660254037844387076, 1.000000000000000000, 0.8660254037844387076, 1.000000000000000000, 0.8660254037844387076, 1.000000000000000000, 0.8660254037844387076, 1.000000000000000000, 0.8660254037844387076, 1.000000000000000000, 0.8660254037844387076, 1.000000000000000000, 0.8660254037844387076, 1.000000000000000000, 0.8660254037844387076, 1.000000000000000000, 0.8660254037844387076, 1.000000000000000000, 0.8660254037844387076, 1.000000000000000000, 0.8660254037844387076, 1.000000000000000000, 0.8660254037844387076, 1.000000000000000000, 0.8660254037844387076, 1.000000000000000000, 0.8660254037844387076, 1.000000000000000000, 0.8660254037844387076, 1.000000000000000000, 0.8660254037844387076, 1.000000000000000000, 0.8660254037844387076, 1.000000000000000000, 0.8660254037844387076, 1.000000000000000000, 0.8660254037844387076, 1.000000000000000000, 0.8660254037844387076, 1.000000000000000000, 0.8660254037844387076, 1.000000000000000000, 0.8660254037844387076, 1.000000000000000000, 0.8660254037844387076, 1.000000000000000000, 0.8660254037844387076, 1.000000000000000000, 0.8660254037844387076, 1.000000000000000000, 0.8660254037844387076, 1.000000000000000000, 0.8660254037844387076, 1.000000000000000000, 0.8660254037844387076, 1.000000000000000000, 0.8660254037844387076, 1.000000000000000000, 0.8660254037844387076, 1.000000000000000000, 0.8660254037844387076, 1.000000000000000000, 0.8660254037844387076, 1.000000000000000000, 0.8660254037844387076, 1.000000000000000000, 0.8660254037844387076, 1.000000000000000000, 0.8660254037844193897, 1.000000000000019318 ) ) 
 REPRESENTATION_ITEM ( '' )  );
#1683 = VECTOR ( 'NONE', #622, 1000.000000000000000 ) ;
#1684 = CARTESIAN_POINT ( 'NONE',  ( 1.130080206118543318, -6.000000000000000888, -0.9912401374411151656 ) ) ;
#1685 = CARTESIAN_POINT ( 'NONE',  ( -0.3889238367156264697, -6.000000000000000888, -1.452024976220994468 ) ) ;
#1686 = CARTESIAN_POINT ( 'NONE',  ( -1.005546933429611434, -5.895382441348849589, -0.5129408126921718436 ) ) ;
#1687 = CARTESIAN_POINT ( 'NONE',  ( -1.241025545844630207, -5.497008483705804416, 0.7165061048905807528 ) ) ;
#1688 = CARTESIAN_POINT ( 'NONE',  ( 1.423389150623051158, -6.000000000000000000, 0.4833235026602222262 ) ) ;
#1689 = CARTESIAN_POINT ( 'NONE',  ( 1.423389150623066035, -6.000000000000000000, -0.4833235026602209494 ) ) ;
#1690 = CARTESIAN_POINT ( 'NONE',  ( 2.841204359465579111E-07, -0.6636751503724817036, -1.433012701892187435 ) ) ;
#1691 = CARTESIAN_POINT ( 'NONE',  ( 0.8660253046504632346, -1.080341817039146779, 0.5000001717050461814 ) ) ;
#1692 = CARTESIAN_POINT ( 'NONE',  ( 0.8273499850691726776, -2.372008483705814186, 1.433012865929200741 ) ) ;
#1693 = CARTESIAN_POINT ( 'NONE',  ( -2.349999999999999201, 30.00000000000000000, 1.356773132595621600 ) ) ;
#1694 = CARTESIAN_POINT ( 'NONE',  ( 0.5773504674575268281, -4.455341817039139229, -0.9999998855299480072 ) ) ;
#1695 = PRODUCT_DEFINITION_SHAPE ( 'NONE', 'NONE',  #1546 ) ;
#1696 = CARTESIAN_POINT ( 'NONE',  ( 0.5011506832209289275, -6.000000000000000000, 0.8678315929632056669 ) ) ;
#1697 = CARTESIAN_POINT ( 'NONE',  ( -1.301747389444803726, -6.000000000000000888, -0.7517260248313897275 ) ) ;
#1698 = B_SPLINE_CURVE_WITH_KNOTS ( 'NONE', 3,
 ( #1123, #1453, #1323, #962, #2008, #611, #2164, #631, #797, #429, #88, #258, #1311, #1113, #458, #603, #1639, #817 ),
 .UNSPECIFIED., .F., .F.,
 ( 4, 2, 2, 2, 2, 2, 2, 2, 4 ),
 ( 0.5000000000000000000, 0.5625000000000000000, 0.6250000000000000000, 0.6875000000000000000, 0.7500000000000000000, 0.8125000000000000000, 0.8750000000000000000, 0.9375000000000000000, 1.000000000000000000 ),
 .UNSPECIFIED. ) ;
#1699 = CARTESIAN_POINT ( 'NONE',  ( -0.7100736227955801727, -5.914516242923612666, -0.8514668205100156539 ) ) ;
#1700 = DIRECTION ( 'NONE',  ( 3.196414039866297217E-16, 0.000000000000000000, 1.000000000000000000 ) ) ;
#1701 = CARTESIAN_POINT ( 'NONE',  ( -0.9489261004153731749, -6.000000000000000000, -0.3222156684401462634 ) ) ;
#1702 = CARTESIAN_POINT ( 'NONE',  ( 0.4833235026602236695, -6.000000000000000000, 1.423389150623050714 ) ) ;
#1703 = CARTESIAN_POINT ( 'NONE',  ( -0.8273505533100435905, -0.4553418170391487219, 1.433012537855181012 ) ) ;
#1704 = CARTESIAN_POINT ( 'NONE',  ( 1.982679212581623978E-07, -1.413675150372479816, -0.9999999999999792388 ) ) ;
#1705 = CARTESIAN_POINT ( 'NONE',  ( 0.8273505533100452558, -1.705341817039147223, -1.433012537855177460 ) ) ;
#1706 = CARTESIAN_POINT ( 'NONE',  ( 0.000000000000000000, 30.00000000000000000, 0.000000000000000000 ) ) ;
#1707 = CARTESIAN_POINT ( 'NONE',  ( -1.348249446910800176, -6.000000000000000888, -0.6647267944350447877 ) ) ;
#1708 = CARTESIAN_POINT ( 'NONE',  ( -0.5773500709217029847, -4.872008483705805304, -1.000000114470012358 ) ) ;
#1709 = CARTESIAN_POINT ( 'NONE',  ( 1.500000000000000222, -5.500000000000000000, 0.09817475406222003764 ) ) ;
#1710 = CARTESIAN_POINT ( 'NONE',  ( 0.000000000000000000, -6.000000000000000888, -1.500000000000001110 ) ) ;
#1711 = CARTESIAN_POINT ( 'NONE',  ( 0.3889238367156285237, -5.500000000000000000, 1.452024976220992913 ) ) ;
#1712 = CARTESIAN_POINT ( 'NONE',  ( 1.154700538379229258, -5.538675150372470490, 2.289400644387386395E-07 ) ) ;
#1713 = CARTESIAN_POINT ( 'NONE',  ( 0.000000000000000000, -5.882422256977648978, -1.134189042829651273 ) ) ;
#1714 = CARTESIAN_POINT ( 'NONE',  ( 0.4833235026602236695, -6.000000000000000000, 1.423389150623050714 ) ) ;
#1715 = CARTESIAN_POINT ( 'NONE',  ( 0.5773500709217028737, -5.122008483705806192, 1.000000114470012802 ) ) ;
#1716 = CARTESIAN_POINT ( 'NONE',  ( -1.982679240594216124E-07, -0.6636751503724808154, 0.9999999999999824585 ) ) ;
#1717 = CARTESIAN_POINT ( 'NONE',  ( -1.654700538379216823, -4.038675150372476708, -3.280740192976104453E-07 ) ) ;
#1718 = SURFACE_STYLE_USAGE ( .BOTH. , #1549 ) ;
#1719 = CARTESIAN_POINT ( 'NONE',  ( -0.5773500709217028737, -3.872008483705807524, -1.000000114470012136 ) ) ;
#1720 = ORIENTED_EDGE ( 'NONE', *, *, #811, .T. ) ;
#1721 = CARTESIAN_POINT ( 'NONE',  ( 1.452024976220993580, -6.000000000000000888, -0.3889238367156254705 ) ) ;
#1722 = CARTESIAN_POINT ( 'NONE',  ( 1.452024976220993802, -5.500000000000000000, 0.3889238367156237497 ) ) ;
#1723 = CARTESIAN_POINT ( 'NONE',  ( -1.143208815066539596, -5.861750741170614454, 0.2160790850103423144 ) ) ;
#1724 = AXIS2_PLACEMENT_3D ( 'NONE', #814, #1329, #148 ) ;
#1725 = CARTESIAN_POINT ( 'NONE',  ( -1.241025261724194362, -4.580341817039140118, -0.7165065970016095687 ) ) ;
#1726 = CARTESIAN_POINT ( 'NONE',  ( 0.09817475406224861201, -6.000000000000000888, -1.500000000000001110 ) ) ;
#1727 = CARTESIAN_POINT ( 'NONE',  ( -0.9935539099924675099, -6.000000000000000000, 0.1308980862218411534 ) ) ;
#1728 = CARTESIAN_POINT ( 'NONE',  ( -1.982679114593935670E-07, -5.163675150372471379, 0.9999999999999806821 ) ) ;
#1729 = EDGE_CURVE ( 'NONE', #159, #1085, #171, .T. ) ;
#1730 = CARTESIAN_POINT ( 'NONE',  ( 1.241025545844631317, -2.247008483705813742, -0.7165061048905775332 ) ) ;
#1731 = CARTESIAN_POINT ( 'NONE',  ( 0.5773504674575266060, -4.955341817039139229, -0.9999998855299481182 ) ) ;
#1732 = EDGE_LOOP ( 'NONE', ( #638, #1478, #1422, #841 ) ) ;
#1733 = CARTESIAN_POINT ( 'NONE',  ( 0.7517260248313974991, -6.000000000000000888, 1.301747389444812608 ) ) ;
#1734 = CARTESIAN_POINT ( 'NONE',  ( -1.452024976220992691, -5.500000000000000000, 0.3889238367156273579 ) ) ;
#1735 =( NAMED_UNIT ( * ) PLANE_ANGLE_UNIT ( ) SI_UNIT ( $, .RADIAN. ) );
#1736 = CARTESIAN_POINT ( 'NONE',  ( 1.241025261724194806, -4.330341817039141006, 0.7165065970016106789 ) ) ;
#1737 = CARTESIAN_POINT ( 'NONE',  ( 0.1963471293327584133, -5.500000000000000000, 1.490330864988699267 ) ) ;
#1738 = CARTESIAN_POINT ( 'NONE',  ( 0.3222156684401489279, -6.000000000000000000, 0.9489261004153690671 ) ) ;
#1739 = CARTESIAN_POINT ( 'NONE',  ( 1.241025545844631317, -0.2470084837058157956, -0.7165061048905769781 ) ) ;
#1740 = CARTESIAN_POINT ( 'NONE',  ( -2.841204353952504238E-07, -3.413675150372478928, 1.433012701892190099 ) ) ;
#1741 = ORIENTED_EDGE ( 'NONE', *, *, #544, .F. ) ;
#1742 = EDGE_CURVE ( 'NONE', #185, #1022, #9, .T. ) ;
#1743 = CARTESIAN_POINT ( 'NONE',  ( 0.8660255029183779873, -5.497008483705804416, -0.4999998282949415507 ) ) ;
#1744 = ORIENTED_EDGE ( 'NONE', *, *, #480, .F. ) ;
#1745 = DIRECTION ( 'NONE',  ( 3.196414039866296231E-16, 0.000000000000000000, 1.000000000000000000 ) ) ;
#1746 = ORIENTED_EDGE ( 'NONE', *, *, #1129, .T. ) ;
#1747 = CARTESIAN_POINT ( 'NONE',  ( 1.654700538379217045, -3.788675150372475375, 3.280740229472075408E-07 ) ) ;
#1748 = CARTESIAN_POINT ( 'NONE',  ( 0.000000000000000000, -6.000000000000000888, -1.500000000000001110 ) ) ;
#1749 = CARTESIAN_POINT ( 'NONE',  ( 0.7951076316418850265, -6.000000000000000000, 0.6099897828182759829 ) ) ;
#1750 = CARTESIAN_POINT ( 'NONE',  ( 0.8660253046504661212, -4.080341817039141006, 0.5000001717050394090 ) ) ;
#1751 = CARTESIAN_POINT ( 'NONE',  ( 1.305394904360684505, -5.718050819510863469, 0.1078026729514248161 ) ) ;
#1752 = CARTESIAN_POINT ( 'NONE',  ( 0.1324177179167213003, -6.000000000000000888, -1.000000000000000222 ) ) ;
#1753 = CARTESIAN_POINT ( 'NONE',  ( -1.654700538379216601, -5.538675150372471379, -3.280740196049144750E-07 ) ) ;
#1754 = CARTESIAN_POINT ( 'NONE',  ( -1.154700538379228814, -3.788675150372475375, -2.289400634071574095E-07 ) ) ;
#1755 = ADVANCED_FACE ( 'NONE', ( #540, #210 ), #1534, .F. ) ;
#1756 = CARTESIAN_POINT ( 'NONE',  ( -1.301747389444805503, -5.500000000000000000, 0.7517260248313956117 ) ) ;
#1757 = APPLICATION_PROTOCOL_DEFINITION ( 'draft international standard', 'automotive_design', 1998, #409 ) ;
#1758 = CARTESIAN_POINT ( 'NONE',  ( -2.841204400733520875E-07, -3.413675150372475819, 1.433012701892190099 ) ) ;
#1759 = CARTESIAN_POINT ( 'NONE',  ( 0.4833235026602171747, -5.500000000000000000, -1.423389150623060706 ) ) ;
#1760 = CARTESIAN_POINT ( 'NONE',  ( 0.9489261004153730639, -6.000000000000000000, 0.3222156684401478732 ) ) ;
#1761 = CARTESIAN_POINT ( 'NONE',  ( -1.154700538379228592, -2.788675150372476708, -2.289400630740904492E-07 ) ) ;
#1762 =( BOUNDED_CURVE ( )  B_SPLINE_CURVE ( 2, ( #651, #1713, #1335 ),
 .UNSPECIFIED., .F., .T. ) 
 B_SPLINE_CURVE_WITH_KNOTS ( ( 3, 3 ),
 ( 0.2540347714778775079, 0.4855517493242957894 ),
 .UNSPECIFIED. ) 
 CURVE ( )  GEOMETRIC_REPRESENTATION_ITEM ( )  RATIONAL_B_SPLINE_CURVE ( ( 0.6343975390186937791, 0.5245339147938650193, 0.5180804124330671279 ) ) 
 REPRESENTATION_ITEM ( '' )  );
#1763 = CARTESIAN_POINT ( 'NONE',  ( -1.301747389444805503, -5.500000000000000000, 0.7517260248313956117 ) ) ;
#1764 = STYLED_ITEM ( 'NONE', ( #1963 ), #97 ) ;
#1765 = CARTESIAN_POINT ( 'NONE',  ( -1.654700538379216601, -1.538675150372481593, -3.280740184649431768E-07 ) ) ;
#1766 = ORIENTED_EDGE ( 'NONE', *, *, #1140, .T. ) ;
#1767 = CARTESIAN_POINT ( 'NONE',  ( -0.8273505533100441456, -5.955341817039137453, 1.433012537855179014 ) ) ;
#1768 = AXIS2_PLACEMENT_3D ( 'NONE', #1205, #1041, #1393 ) ;
#1769 = CARTESIAN_POINT ( 'NONE',  ( -1.154700538379228814, -1.788675150372478262, -2.289400627410236212E-07 ) ) ;
#1770 = DIRECTION ( 'NONE',  ( 0.000000000000000000, 0.000000000000000000, 1.000000000000000000 ) ) ;
#1771 = CARTESIAN_POINT ( 'NONE',  ( -1.241025545844631761, -3.497008483705809301, 0.7165061048905778662 ) ) ;
#1772 = CARTESIAN_POINT ( 'NONE',  ( -0.1963471293327628264, -6.000000000000000888, -1.490330864988698600 ) ) ;
#1773 = CARTESIAN_POINT ( 'NONE',  ( 1.982679116100996807E-07, -4.413675150372473155, -0.9999999999999800160 ) ) ;
#1774 = CARTESIAN_POINT ( 'NONE',  ( 0.3389964518884220901, -5.645753445970067119, -1.337932169515353875 ) ) ;
#1775 = CARTESIAN_POINT ( 'NONE',  ( 0.000000000000000000, -6.000000000000000000, -1.000000000000000222 ) ) ;
#1776 = CARTESIAN_POINT ( 'NONE',  ( 4.196207644450929669E-16, 30.00000000000000000, 2.713546265191241424 ) ) ;
#1777 = CARTESIAN_POINT ( 'NONE',  ( -0.8660255029183772102, -1.247008483705813298, 0.4999998282949436046 ) ) ;
#1778 = CARTESIAN_POINT ( 'NONE',  ( -1.154700538379229036, -4.788675150372471379, -2.289400663570247166E-07 ) ) ;
#1779 = CARTESIAN_POINT ( 'NONE',  ( 0.8273499850691719004, -2.372008483705811965, 1.433012865929201407 ) ) ;
#1780 = CARTESIAN_POINT ( 'NONE',  ( -1.490330864988691939, -6.000000000000000888, -0.1963471293327595790 ) ) ;
#1781 = B_SPLINE_CURVE_WITH_KNOTS ( 'NONE', 3,
 ( #769, #1446, #915, #32, #602, #562, #1945, #1073, #1247, #583, #1612, #1955, #1751, #1094, #220, #1265, #904, #1582, #740, #412, #1256, #1774, #240, #1602 ),
 .UNSPECIFIED., .F., .F.,
 ( 4, 2, 2, 2, 2, 2, 2, 2, 2, 2, 2, 4 ),
 ( 0.003632047895213880249, 0.003891051611761149956, 0.004150055328308420097, 0.004668062761402960378, 0.004927066477950229652, 0.005186070194497499793, 0.005704077627592039207, 0.006222085060686579489, 0.006481088777233849629, 0.006740092493781119770, 0.007258099926875659184, 0.007776107359970198599 ),
 .UNSPECIFIED. ) ;
#1782 = CARTESIAN_POINT ( 'NONE',  ( 0.8660253046504662322, -3.080341817039142338, 0.5000001717050397421 ) ) ;
#1783 =( NAMED_UNIT ( * ) PLANE_ANGLE_UNIT ( ) SI_UNIT ( $, .RADIAN. ) );
#1784 = CARTESIAN_POINT ( 'NONE',  ( -2.841204350569793989E-07, -0.4136751503724849233, 1.433012701892191210 ) ) ;
#1785 = CARTESIAN_POINT ( 'NONE',  ( 0.000000000000000000, -6.000000000000000000, -1.005948423452871943 ) ) ;
#1786 = CARTESIAN_POINT ( 'NONE',  ( -0.8660255029183775433, -3.747008483705807524, 0.4999998282949428274 ) ) ;
#1787 = CARTESIAN_POINT ( 'NONE',  ( -0.8660253046504653440, -4.830341817039138341, -0.5000001717050395200 ) ) ;
#1788 = CARTESIAN_POINT ( 'NONE',  ( -0.6647267944350532254, -5.500000000000000000, -1.348249446910799731 ) ) ;
#1789 = CARTESIAN_POINT ( 'NONE',  ( -1.154700538379228592, -2.288675150372477596, -2.289400629075569955E-07 ) ) ;
#1790 = CARTESIAN_POINT ( 'NONE',  ( 0.2592825578104167583, -6.000000000000000000, -0.9680166508139964598 ) ) ;
#1791 = CARTESIAN_POINT ( 'NONE',  ( -1.299037956975802821, -0.04166668244432657209, -0.7500002575573748720 ) ) ;
#1792 = CARTESIAN_POINT ( 'NONE',  ( 0.8273505533100453668, -0.2053418170391502484, -1.433012537855177015 ) ) ;
#1793 = CARTESIAN_POINT ( 'NONE',  ( -0.8273499850691725666, -4.622008483705807969, -1.433012865929198743 ) ) ;
#1794 = CARTESIAN_POINT ( 'NONE',  ( 0.5773504674575270501, -2.455341817039143670, -0.9999998855299472300 ) ) ;
#1795 = CARTESIAN_POINT ( 'NONE',  ( -1.500000000000000000, -5.500000000000000000, -0.09817475406222261891 ) ) ;
#1796 = AXIS2_PLACEMENT_3D ( 'NONE', #1916, #1212, #1388 ) ;
#1797 = CARTESIAN_POINT ( 'NONE',  ( -0.8273499850691645729, -0.6220084837058152960, -1.433012865929201407 ) ) ;
#1798 = CARTESIAN_POINT ( 'NONE',  ( 0.2592825578104167583, -6.000000000000000000, -0.9680166508139964598 ) ) ;
#1799 = CARTESIAN_POINT ( 'NONE',  ( -0.5773504674575256068, -1.205341817039147001, 0.9999998855299497835 ) ) ;
#1800 = CARTESIAN_POINT ( 'NONE',  ( 0.000000000000000000, 30.00000000000000000, 0.000000000000000000 ) ) ;
#1801 = CARTESIAN_POINT ( 'NONE',  ( 0.5048314506942248592, -5.999999999999999112, 0.8732055700420856548 ) ) ;
#1802 = CARTESIAN_POINT ( 'NONE',  ( 1.241025261724195028, -1.830341817039145669, 0.7165065970016112340 ) ) ;
#1803 = CARTESIAN_POINT ( 'NONE',  ( -0.5773500709216966564, -2.372008483705810633, -1.000000114470014800 ) ) ;
#1804 = CARTESIAN_POINT ( 'NONE',  ( 0.5773504674575272722, 0.04465818296085082711, -0.9999998855299463418 ) ) ;
#1805 = EDGE_CURVE ( 'NONE', #242, #280, #160, .T. ) ;
#1806 = CARTESIAN_POINT ( 'NONE',  ( -0.09817475406224866752, -5.500000000000000000, -1.500000000000000222 ) ) ;
#1807 = DIRECTION ( 'NONE',  ( -0.000000000000000000, 1.000000000000000000, -0.000000000000000000 ) ) ;
#1808 = CARTESIAN_POINT ( 'NONE',  ( 0.9680166508139951276, -6.000000000000000000, -0.2592825578104174800 ) ) ;
#1809 = CARTESIAN_POINT ( 'NONE',  ( 0.5773500709217034288, -0.1220084837058156985, 1.000000114470014578 ) ) ;
#1810 = FACE_OUTER_BOUND ( 'NONE', #1548, .T. ) ;
#1811 = CARTESIAN_POINT ( 'NONE',  ( 0.7533868040790261400, -6.000000000000000000, 0.6608267582940693385 ) ) ;
#1812 = CARTESIAN_POINT ( 'NONE',  ( 1.654700538379216823, -2.288675150372478484, 3.280740211973283690E-07 ) ) ;
#1813 = CARTESIAN_POINT ( 'NONE',  ( 0.8660255029183820952, -1.997008483705811299, -0.4999998282949342787 ) ) ;
#1814 = CARTESIAN_POINT ( 'NONE',  ( -0.8660255029183772102, -0.7470084837058145188, 0.4999998282949438266 ) ) ;
#1815 = CARTESIAN_POINT ( 'NONE',  ( 0.000000000000000000, -6.000000000000000000, -1.000000000000000222 ) ) ;
#1816 = ORIENTED_EDGE ( 'NONE', *, *, #1345, .T. ) ;
#1817 = ADVANCED_FACE ( 'NONE', ( #1364 ), #2051, .F. ) ;
#1818 = CARTESIAN_POINT ( 'NONE',  ( 0.9489261004153730639, -6.000000000000000000, 0.3222156684401478732 ) ) ;
#1819 = CARTESIAN_POINT ( 'NONE',  ( 0.8660253046504664542, -0.08034181703914927697, 0.5000001717050407413 ) ) ;
#1820 = CARTESIAN_POINT ( 'NONE',  ( 2.974016595245926892E-07, -0.1250000157776594567, -1.499999999999968914 ) ) ;
#1821 = CARTESIAN_POINT ( 'NONE',  ( 0.06544983604149902379, -6.000000000000000000, -1.000000000000000222 ) ) ;
#1822 = CARTESIAN_POINT ( 'NONE',  ( 0.8273499850691726776, -3.372008483705809745, 1.433012865929199853 ) ) ;
#1823 = CARTESIAN_POINT ( 'NONE',  ( -1.301747389444809500, -6.000000000000000888, 0.7517260248313948345 ) ) ;
#1824 = CARTESIAN_POINT ( 'NONE',  ( -0.5773500709216972115, -2.872008483705809745, -1.000000114470014578 ) ) ;
#1825 = CARTESIAN_POINT ( 'NONE',  ( -1.241025545844630651, -4.997008483705807969, 0.7165061048905797536 ) ) ;
#1826 = CARTESIAN_POINT ( 'NONE',  ( -0.2417721095244657614, -5.738578059782475371, -1.260982935678979455 ) ) ;
#1827 = VECTOR ( 'NONE', #726, 1000.000000000000000 ) ;
#1828 = CARTESIAN_POINT ( 'NONE',  ( -1.348249446910800842, -5.500000000000000000, 0.6647267944350501168 ) ) ;
#1829 = CARTESIAN_POINT ( 'NONE',  ( 0.8660255029183782094, -1.997008483705811299, -0.4999998282949402184 ) ) ;
#1830 = CARTESIAN_POINT ( 'NONE',  ( 1.530808498934190091E-16, 24.00000000000000000, -1.249999999999998668 ) ) ;
#1831 = CARTESIAN_POINT ( 'NONE',  ( 2.349999999999999645, 30.00000000000000000, -1.356773132595620490 ) ) ;
#1832 = CARTESIAN_POINT ( 'NONE',  ( -1.000000000000000222, -6.000000000000000000, -0.06544983604148180145 ) ) ;
#1833 = CARTESIAN_POINT ( 'NONE',  ( -1.241025261724194362, -3.580341817039142338, -0.7165065970016086805 ) ) ;
#1834 = CARTESIAN_POINT ( 'NONE',  ( 0.5773500709217009863, -1.622008483705812631, 1.000000114470015689 ) ) ;
#1835 = CARTESIAN_POINT ( 'NONE',  ( -0.8273505533100442566, -5.455341817039141006, 1.433012537855179458 ) ) ;
#1836 = FACE_OUTER_BOUND ( 'NONE', #1011, .T. ) ;
#1837 = CARTESIAN_POINT ( 'NONE',  ( -0.5011506832209277063, -6.000000000000000000, 0.8678315929632065551 ) ) ;
#1838 = CARTESIAN_POINT ( 'NONE',  ( 0.9912401374411036192, -5.500000000000000000, -1.130080206118539321 ) ) ;
#1839 = CARTESIAN_POINT ( 'NONE',  ( 0.5773500709217032067, -2.122008483705811521, 1.000000114470013912 ) ) ;
#1840 = CARTESIAN_POINT ( 'NONE',  ( 0.5011506832209309259, -6.000000000000000000, -0.8678315929632055559 ) ) ;
#1841 = CARTESIAN_POINT ( 'NONE',  ( 1.299038254377462787, -0.2083333491109918001, -0.7499997424425919323 ) ) ;
#1842 = CARTESIAN_POINT ( 'NONE',  ( -1.269336797715801657, -1.605001634476474223E-17, 0.6650635291075791544 ) ) ;
#1843 = CARTESIAN_POINT ( 'NONE',  ( -0.8273499850691725666, -4.122008483705807969, -1.433012865929198298 ) ) ;
#1844 = CARTESIAN_POINT ( 'NONE',  ( 0.5773500709217012083, -2.622008483705810189, 1.000000114470014800 ) ) ;
#1845 = CARTESIAN_POINT ( 'NONE',  ( 0.5773500709217034288, -1.122008483705813076, 1.000000114470014578 ) ) ;
#1846 = ORIENTED_EDGE ( 'NONE', *, *, #1636, .T. ) ;
#1847 = DIRECTION ( 'NONE',  ( -0.000000000000000000, -1.000000000000000000, -0.000000000000000000 ) ) ;
#1848 = SURFACE_STYLE_FILL_AREA ( #1625 ) ;
#1849 = ORIENTED_EDGE ( 'NONE', *, *, #344, .T. ) ;
#1850 = CARTESIAN_POINT ( 'NONE',  ( 1.192661447462832314, -6.000000000000000888, 0.9149846742274144740 ) ) ;
#1851 = CARTESIAN_POINT ( 'NONE',  ( 1.192661447462830093, -5.500000000000000000, 0.9149846742274131417 ) ) ;
#1852 = CARTESIAN_POINT ( 'NONE',  ( -0.9942675332056014614, -5.843028182008428217, 0.6400344288330273024 ) ) ;
#1853 = CARTESIAN_POINT ( 'NONE',  ( 0.09817475406224855650, -5.500000000000000000, -1.500000000000000222 ) ) ;
#1854 = CARTESIAN_POINT ( 'NONE',  ( -1.644994237252969338, -5.537697500717808197, 0.01681148632799960713 ) ) ;
#1855 = CARTESIAN_POINT ( 'NONE',  ( -0.06544983604149909318, -6.000000000000000000, -1.000000000000000222 ) ) ;
#1856 = CARTESIAN_POINT ( 'NONE',  ( 0.000000000000000000, -6.000000000000000000, -1.000000000000000222 ) ) ;
#1857 = CARTESIAN_POINT ( 'NONE',  ( -2.841204349468244052E-07, -0.9136751503724810375, 1.433012701892190766 ) ) ;
#1858 = CARTESIAN_POINT ( 'NONE',  ( -1.154700538379228592, -0.2886751503724822032, -2.289400633012837439E-07 ) ) ;
#1859 = CARTESIAN_POINT ( 'NONE',  ( 2.841204358311988000E-07, -3.163675150372478040, -1.433012701892188323 ) ) ;
#1860 = EDGE_LOOP ( 'NONE', ( #26, #2214, #780, #2202, #1948, #712 ) ) ;
#1861 = CARTESIAN_POINT ( 'NONE',  ( -1.635352488689380879, -0.04062394640302201959, -0.03351211781979817478 ) ) ;
#1862 = EDGE_CURVE ( 'NONE', #356, #564, #1052, .T. ) ;
#1863 = CARTESIAN_POINT ( 'NONE',  ( 0.8273505533100606879, -0.7053418170391481112, -1.433012537855168356 ) ) ;
#1864 = EDGE_LOOP ( 'NONE', ( #1141, #126 ) ) ;
#1865 = CARTESIAN_POINT ( 'NONE',  ( 1.500000000000000222, -5.500000000000000000, -0.09817475406222023193 ) ) ;
#1866 = AXIS2_PLACEMENT_3D ( 'NONE', #617, #1807, #838 ) ;
#1867 = CARTESIAN_POINT ( 'NONE',  ( -0.9489261004153720647, -6.000000000000000000, 0.3222156684401490945 ) ) ;
#1868 = CARTESIAN_POINT ( 'NONE',  ( 0.4833235026602171747, -5.500000000000000000, -1.423389150623060706 ) ) ;
#1869 = CARTESIAN_POINT ( 'NONE',  ( -0.5773504674575263840, -5.705341817039136565, 0.9999998855299485623 ) ) ;
#1870 = FILL_AREA_STYLE_COLOUR ( '', #80 ) ;
#1871 = CARTESIAN_POINT ( 'NONE',  ( 1.299037956975804153, -0.2916666824443253092, 0.7500002575573788688 ) ) ;
#1872 = CARTESIAN_POINT ( 'NONE',  ( -1.000000000000000222, -6.000000000000000000, 0.06544983604147860956 ) ) ;
#1873 = CARTESIAN_POINT ( 'NONE',  ( 1.500000000000001110, -6.000000000000000888, 0.09817475406222010703 ) ) ;
#1874 = CARTESIAN_POINT ( 'NONE',  ( -1.154700538379228814, -5.788675150372469602, -2.289400640732911714E-07 ) ) ;
#1875 = CARTESIAN_POINT ( 'NONE',  ( 1.654700538379217045, -4.288675150372475819, 3.280740207234908856E-07 ) ) ;
#1876 = DIRECTION ( 'NONE',  ( -0.8660254037844387076, 0.000000000000000000, -0.4999999999999998890 ) ) ;
#1877 = CARTESIAN_POINT ( 'NONE',  ( -1.490330864988698378, -5.500000000000000000, -0.1963471293327608835 ) ) ;
#1878 = CARTESIAN_POINT ( 'NONE',  ( 1.982679114409641947E-07, -5.913675150372469602, -0.9999999999999806821 ) ) ;
#1879 = EDGE_LOOP ( 'NONE', ( #1915, #1998, #1901, #751, #1551 ) ) ;
#1880 = CARTESIAN_POINT ( 'NONE',  ( 0.9149846742274136968, -6.000000000000000000, -1.192661447462829871 ) ) ;
#1881 = CARTESIAN_POINT ( 'NONE',  ( 0.4833235026602262785, -5.500000000000000000, 1.423389150623056931 ) ) ;
#1882 = CARTESIAN_POINT ( 'NONE',  ( -0.3031848554216099445, -5.935801578376081800, -1.042975349563163956 ) ) ;
#1883 = CARTESIAN_POINT ( 'NONE',  ( 0.8273505533098453046, -0.2053418170391388964, -1.433012537855292257 ) ) ;
#1884 = CARTESIAN_POINT ( 'NONE',  ( -0.7533868040790259180, -6.000000000000000000, -0.6608267582940660079 ) ) ;
#1885 = CARTESIAN_POINT ( 'NONE',  ( -0.7951076316418869139, -6.000000000000000000, -0.6099897828182733184 ) ) ;
#1886 = CARTESIAN_POINT ( 'NONE',  ( 2.841204358901793982E-07, -1.163675150372481149, -1.433012701892187435 ) ) ;
#1887 = CARTESIAN_POINT ( 'NONE',  ( 1.982679218607781383E-07, -0.4136751503724814816, -0.9999999999999790168 ) ) ;
#1888 = CARTESIAN_POINT ( 'NONE',  ( -0.8273499850691725666, -3.622008483705810633, -1.433012865929198298 ) ) ;
#1889 = FILL_AREA_STYLE_COLOUR ( '', #1331 ) ;
#1890 = CARTESIAN_POINT ( 'NONE',  ( 0.8660255029183780984, -4.497008483705806192, -0.4999998282949412176 ) ) ;
#1891 = ORIENTED_EDGE ( 'NONE', *, *, #441, .T. ) ;
#1892 = CARTESIAN_POINT ( 'NONE',  ( -0.1308980862218403207, -6.000000000000000000, -0.9935539099924604045 ) ) ;
#1893 = CARTESIAN_POINT ( 'NONE',  ( -0.9149846742274155842, -6.000000000000000000, -1.192661447462826096 ) ) ;
#1894 = LINE ( 'NONE', #191, #695 ) ;
#1895 = CARTESIAN_POINT ( 'NONE',  ( 0.8273505533100442566, -5.205341817039140118, -1.433012537855179014 ) ) ;
#1896 = CARTESIAN_POINT ( 'NONE',  ( -0.7517260248313918369, -6.000000000000000888, 1.301747389444807057 ) ) ;
#1897 = CARTESIAN_POINT ( 'NONE',  ( -0.8988329646072008572, -6.000000000000000000, 0.4431511962900331336 ) ) ;
#1898 = CARTESIAN_POINT ( 'NONE',  ( 0.8660255029183777653, -5.497008483705804416, -0.4999998282949414397 ) ) ;
#1899 = CARTESIAN_POINT ( 'NONE',  ( -0.8660253046504639007, -0.8303418170391473341, -0.5000001717050399641 ) ) ;
#1900 = CARTESIAN_POINT ( 'NONE',  ( 1.241025261724195028, -2.330341817039147667, 0.7165065970016114560 ) ) ;
#1901 = ORIENTED_EDGE ( 'NONE', *, *, #971, .T. ) ;
#1902 = CARTESIAN_POINT ( 'NONE',  ( 0.9865380164140902242, 0.000000000000000000, 0.5695782501409598630 ) ) ;
#1903 = CARTESIAN_POINT ( 'NONE',  ( 1.982679114973427077E-07, -5.413675150372471379, -0.9999999999999804601 ) ) ;
#1904 = CARTESIAN_POINT ( 'NONE',  ( 0.9912401374411061727, -6.000000000000000000, 1.130080206118537989 ) ) ;
#1905 = CARTESIAN_POINT ( 'NONE',  ( -0.9912401374411038413, -5.500000000000000000, 1.130080206118539321 ) ) ;
#1906 = CARTESIAN_POINT ( 'NONE',  ( -2.473534505469849736E-14, -5.792966144998361600, 1.223938596436646487 ) ) ;
#1907 = VECTOR ( 'NONE', #1700, 1000.000000000000000 ) ;
#1908 = CARTESIAN_POINT ( 'NONE',  ( -2.841204397787437581E-07, -3.913675150372474931, 1.433012701892189877 ) ) ;
#1909 = ADVANCED_FACE ( 'NONE', ( #1412 ), #1616, .F. ) ;
#1910 = CARTESIAN_POINT ( 'NONE',  ( -0.7951076316418869139, -6.000000000000000000, -0.6099897828182733184 ) ) ;
#1911 = CARTESIAN_POINT ( 'NONE',  ( 0.8273499850691730106, -1.372008483705813076, 1.433012865929200741 ) ) ;
#1912 = CARTESIAN_POINT ( 'NONE',  ( 0.3889238367156285237, -5.500000000000000000, 1.452024976220992913 ) ) ;
#1913 = CARTESIAN_POINT ( 'NONE',  ( -1.982679167654433973E-07, -1.163675150372480482, 0.9999999999999822364 ) ) ;
#1914 = CARTESIAN_POINT ( 'NONE',  ( 1.241025545844631317, -2.747008483705812854, -0.7165061048905776442 ) ) ;
#1915 = ORIENTED_EDGE ( 'NONE', *, *, #886, .F. ) ;
#1916 = CARTESIAN_POINT ( 'NONE',  ( 0.000000000000000000, 24.00000000000000000, 0.000000000000000000 ) ) ;
#1917 = CARTESIAN_POINT ( 'NONE',  ( -0.8660255029183776543, -5.747008483705803528, 0.4999998282949421613 ) ) ;
#1918 = ORIENTED_EDGE ( 'NONE', *, *, #1528, .T. ) ;
#1919 = CARTESIAN_POINT ( 'NONE',  ( 7.490970600951138676E-17, 30.00000000000000000, -2.713546265191241424 ) ) ;
#1920 = VERTEX_POINT ( 'NONE', #1902 ) ;
#1921 = CARTESIAN_POINT ( 'NONE',  ( -0.8273505533100531384, -2.455341817039145003, 1.433012537855175017 ) ) ;
#1922 = CARTESIAN_POINT ( 'NONE',  ( -0.09817475406222006540, -5.500000000000000000, 1.500000000000000222 ) ) ;
#1923 = CARTESIAN_POINT ( 'NONE',  ( -0.7951076316418862477, -6.000000000000000000, 0.6099897828182744286 ) ) ;
#1924 = CARTESIAN_POINT ( 'NONE',  ( -1.982679113466365410E-07, -4.163675150372473155, 0.9999999999999811262 ) ) ;
#1925 = CARTESIAN_POINT ( 'NONE',  ( -2.841204350006008859E-07, 0.08632484962751377222, 1.433012701892191432 ) ) ;
#1926 = ORIENTED_EDGE ( 'NONE', *, *, #2222, .T. ) ;
#1927 =( NAMED_UNIT ( * ) PLANE_ANGLE_UNIT ( ) SI_UNIT ( $, .RADIAN. ) );
#1928 = EDGE_CURVE ( 'NONE', #213, #1294, #1648, .T. ) ;
#1929 = CARTESIAN_POINT ( 'NONE',  ( -0.5773504674575261619, -3.705341817039141450, 0.9999998855299491174 ) ) ;
#1930 = DIRECTION ( 'NONE',  ( 0.000000000000000000, 0.000000000000000000, 1.000000000000000000 ) ) ;
#1931 = CARTESIAN_POINT ( 'NONE',  ( -2.841204343930515226E-07, -4.413675150372474043, 1.433012701892189877 ) ) ;
#1932 = CARTESIAN_POINT ( 'NONE',  ( 1.500000000000000222, -5.500000000000000000, 0.09817475406222003764 ) ) ;
#1933 = CARTESIAN_POINT ( 'NONE',  ( -0.6099897828182758719, -6.000000000000000000, 0.7951076316418850265 ) ) ;
#1934 = CARTESIAN_POINT ( 'NONE',  ( 1.154700538379229036, -4.538675150372472267, 2.289400647718054675E-07 ) ) ;
#1935 = CARTESIAN_POINT ( 'NONE',  ( -1.241025261724194362, -1.580341817039148111, -0.7165065970016082364 ) ) ;
#1936 = EDGE_LOOP ( 'NONE', ( #1224, #612, #23, #105 ) ) ;
#1937 = CARTESIAN_POINT ( 'NONE',  ( 0.8273505533100445897, -4.705341817039139229, -1.433012537855178348 ) ) ;
#1938 = CARTESIAN_POINT ( 'NONE',  ( -0.8660255029183773212, -2.247008483705811077, 0.4999998282949432715 ) ) ;
#1939 = EDGE_CURVE ( 'NONE', #222, #564, #381, .T. ) ;
#1940 = CARTESIAN_POINT ( 'NONE',  ( 1.982679123448877922E-07, -4.413675150372473155, -0.9999999999999802380 ) ) ;
#1941 = CARTESIAN_POINT ( 'NONE',  ( -1.241025545844631539, -2.997008483705810633, 0.7165061048905777552 ) ) ;
#1942 = CARTESIAN_POINT ( 'NONE',  ( -1.423389150623064703, -6.000000000000000888, -0.4833235026602205608 ) ) ;
#1943 = CARTESIAN_POINT ( 'NONE',  ( -0.5773504674575257178, -2.205341817039144559, 0.9999998855299495615 ) ) ;
#1944 = CARTESIAN_POINT ( 'NONE',  ( -1.348249446910800842, -5.500000000000000000, 0.6647267944350501168 ) ) ;
#1945 = CARTESIAN_POINT ( 'NONE',  ( 0.8065898981185243288, -5.757873642864867136, 0.9819742477148133419 ) ) ;
#1946 = CIRCLE ( 'NONE', #1003, 1.249999999999988898 ) ;
#1947 = DIRECTION ( 'NONE',  ( -0.000000000000000000, -1.000000000000000000, -0.000000000000000000 ) ) ;
#1948 = ORIENTED_EDGE ( 'NONE', *, *, #676, .F. ) ;
#1949 = CARTESIAN_POINT ( 'NONE',  ( 1.241025545844630873, -4.747008483705807080, -0.7165061048905785324 ) ) ;
#1950 = AXIS2_PLACEMENT_3D ( 'NONE', #367, #1400, #551 ) ;
#1951 = CARTESIAN_POINT ( 'NONE',  ( -0.8660253046504656771, -1.330341817039146113, -0.5000001717050370775 ) ) ;
#1952 = CARTESIAN_POINT ( 'NONE',  ( -0.8273505533100535825, -1.955341817039145669, 1.433012537855174795 ) ) ;
#1953 = CARTESIAN_POINT ( 'NONE',  ( -1.348249446910798399, -6.000000000000000000, 0.6647267944350490065 ) ) ;
#1954 = CARTESIAN_POINT ( 'NONE',  ( 0.5773504674575266060, -3.955341817039140562, -0.9999998855299474521 ) ) ;
#1955 = CARTESIAN_POINT ( 'NONE',  ( 1.272573004429479404, -5.725123214884734857, 0.2796084292925746229 ) ) ;
#1956 = CARTESIAN_POINT ( 'NONE',  ( 2.841204361130913648E-07, -0.6636751503724833690, -1.433012701892187435 ) ) ;
#1957 = CARTESIAN_POINT ( 'NONE',  ( 1.241025261724194584, -5.830341817039137453, 0.7165065970016099017 ) ) ;
#1958 = CARTESIAN_POINT ( 'NONE',  ( -0.5773500709217027627, -2.872008483705810189, -1.000000114470011692 ) ) ;
#1959 = CARTESIAN_POINT ( 'NONE',  ( -1.241025545844637534, -0.4970084837058151850, 0.7165061048905682073 ) ) ;
#1960 = CARTESIAN_POINT ( 'NONE',  ( -0.09817475406224866752, -5.500000000000000000, -1.500000000000000222 ) ) ;
#1961 = EDGE_CURVE ( 'NONE', #2096, #1214, #2156, .T. ) ;
#1962 = CARTESIAN_POINT ( 'NONE',  ( -0.5773504674575259399, -2.705341817039143670, 0.9999998855299493394 ) ) ;
#1963 = PRESENTATION_STYLE_ASSIGNMENT (( #79 ) ) ;
#1964 = PLANE ( 'NONE',  #796 ) ;
#1965 = CARTESIAN_POINT ( 'NONE',  ( 1.241025545844631539, -0.7470084837058170724, -0.7165061048905769781 ) ) ;
#1966 = CARTESIAN_POINT ( 'NONE',  ( 2.841204354955298074E-07, -4.663675150372473155, -1.433012701892188767 ) ) ;
#1967 = CARTESIAN_POINT ( 'NONE',  ( -0.8660255029183774322, -2.747008483705810189, 0.4999998282949431605 ) ) ;
#1968 = CARTESIAN_POINT ( 'NONE',  ( 0.8778852044049575420, -1.658126881393951215E-14, 0.7747329132623569370 ) ) ;
#1969 = CARTESIAN_POINT ( 'NONE',  ( 0.4833235026602171747, -5.500000000000000000, -1.423389150623060706 ) ) ;
#1970 = CARTESIAN_POINT ( 'NONE',  ( -1.241025261724192585, -1.080341817039147667, -0.7165065970016106789 ) ) ;
#1971 = CARTESIAN_POINT ( 'NONE',  ( -1.192661447462829205, -5.500000000000000000, 0.9149846742274139189 ) ) ;
#1972 = CARTESIAN_POINT ( 'NONE',  ( 1.154700538379229702, -1.038675150372480260, 2.289400659375396434E-07 ) ) ;
#1973 = FACE_OUTER_BOUND ( 'NONE', #173, .T. ) ;
#1974 = CARTESIAN_POINT ( 'NONE',  ( -1.499999996408467595, -0.02232910782448250739, -0.4019239542444683067 ) ) ;
#1975 = CARTESIAN_POINT ( 'NONE',  ( -1.499999999999999778, 2.360402659465151452E-17, -1.340377341999037726E-08 ) ) ;
#1976 = CARTESIAN_POINT ( 'NONE',  ( -0.8273499850691726776, -5.122008483705806192, -1.433012865929198743 ) ) ;
#1977 = VECTOR ( 'NONE', #1947, 1000.000000000000000 ) ;
#1978 = CARTESIAN_POINT ( 'NONE',  ( 0.8660253046504633456, -2.080341817039145003, 0.5000001717050455152 ) ) ;
#1979 = CARTESIAN_POINT ( 'NONE',  ( -0.8273499850691726776, -5.622008483705806192, -1.433012865929199187 ) ) ;
#1980 =( BOUNDED_SURFACE ( )  B_SPLINE_SURFACE ( 2, 3, ( 
 ( #1153, #129, #287, #1790, #483, #1165, #1840, #1200, #730, #2038, #502, #1377, #1606, #49, #262, #71, #565, #742, #375, #19, #1760, #30, #1254, #1749, #194, #2093, #1580, #43, #231, #1738, #1592, #738, #1419, #1245, #724, #2102, #1045, #1396, #2082, #1933, #1407, #1220, #1923, #1071, #1897, #881, #362, #1727, #350, #1832, #1004, #1507, #1032, #1194, #1662, #1885, #485, #5, #181, #301, #871, #819, #844, #2184, #1337, #1856 ),
 ( #689, #1544, #2020, #1168, #992, #144, #856, #832, #2197, #2059, #665, #1348, #325, #1689, #2032, #1372, #167, #1873, #497, #1179, #339, #155, #526, #1518, #2210, #678, #1360, #510, #1018, #1702, #1530, #1664, #1480, #303, #2167, #2000, #1654, #291, #121, #984, #1326, #1147, #133, #1823, #821, #801, #473, #635, #1315, #810, #517, #1172, #2037, #1707, #307, #918, #186, #2028, #1673, #482, #1190, #2007, #1164, #828, #1475, #2163 ),
 ( #467, #1853, #1015, #958, #1969, #1992, #1130, #464, #1472, #1647, #804, #1320, #2192, #491, #2203, #521, #1865, #1709, #920, #1104, #411, #1601, #45, #572, #65, #1569, #592, #548, #78, #1234, #1912, #70, #2124, #596, #422, #2011, #655, #1339, #472, #1006, #846, #2022, #2140, #1763, #1944, #1436, #125, #115, #1493, #2039, #1877, #330, #201, #1118, #1285, #1660, #98, #278, #2141, #778, #1282, #438, #941, #641, #981, #130 ) ),
 .UNSPECIFIED., .F., .T., .F. ) 
 B_SPLINE_SURFACE_WITH_KNOTS ( ( 3, 3 ),
 ( 4, 2, 2, 2, 2, 2, 2, 2, 2, 2, 2, 2, 2, 2, 2, 2, 2, 2, 2, 2, 2, 2, 2, 2, 2, 2, 2, 2, 2, 2, 2, 2, 4 ),
 ( 0.000000000000000000, 1.000000000000000000 ),
 ( 0.000000000000000000, 0.1963495408493620697, 0.3926990816987241395, 0.5890486225480862092, 0.7853981633974482790, 0.9817477042468103487, 1.178097245096172418, 1.374446785945534488, 1.570796326794896558, 1.767145867644258628, 1.963495408493620697, 2.159844949342982545, 2.356194490192344837, 2.552544031041707129, 2.748893571891068976, 2.945243112740430824, 3.141592653589793116, 3.337942194439155408, 3.534291735288517255, 3.730641276137879103, 3.926990816987241395, 4.123340357836603687, 4.319689898685965090, 4.516039439535327382, 4.712388980384689674, 4.908738521234051966, 5.105088062083414258, 5.301437602932775661, 5.497787143782137953, 5.694136684631500245, 5.890486225480861648, 6.086835766330223940, 6.283185307179586232 ),
 .UNSPECIFIED. ) 
 GEOMETRIC_REPRESENTATION_ITEM ( )  RATIONAL_B_SPLINE_SURFACE ( (
 ( 1.000000000000000000, 1.000000000000000000, 1.000000000000000000, 1.000000000000000000, 1.000000000000000000, 1.000000000000000000, 1.000000000000000000, 1.000000000000000000, 1.000000000000000000, 1.000000000000000000, 1.000000000000000000, 1.000000000000000000, 1.000000000000000000, 1.000000000000000000, 1.000000000000000000, 1.000000000000000000, 1.000000000000000000, 1.000000000000000000, 1.000000000000000000, 1.000000000000000000, 1.000000000000000000, 1.000000000000000000, 1.000000000000000000, 1.000000000000000000, 1.000000000000000000, 1.000000000000000000, 1.000000000000000000, 1.000000000000000000, 1.000000000000000000, 1.000000000000000000, 1.000000000000000000, 1.000000000000000000, 1.000000000000000000, 1.000000000000000000, 1.000000000000000000, 1.000000000000000000, 1.000000000000000000, 1.000000000000000000, 1.000000000000000000, 1.000000000000000000, 1.000000000000000000, 1.000000000000000000, 1.000000000000000000, 1.000000000000000000, 1.000000000000000000, 1.000000000000000000, 1.000000000000000000, 1.000000000000000000, 1.000000000000000000, 1.000000000000000000, 1.000000000000000000, 1.000000000000000000, 1.000000000000000000, 1.000000000000000000, 1.000000000000000000, 1.000000000000000000, 1.000000000000000000, 1.000000000000000000, 1.000000000000000000, 1.000000000000000000, 1.000000000000000000, 1.000000000000000000, 1.000000000000000000, 1.000000000000000000, 1.000000000000000000, 1.000000000000000000),
 ( 0.03535533905932732729, 0.03535533905932732729, 0.03535533905932732729, 0.03535533905932732729, 0.03535533905932732729, 0.03535533905932732729, 0.03535533905932733423, 0.03535533905932733423, 0.03535533905932732729, 0.03535533905932732729, 0.03535533905932732729, 0.03535533905932732729, 0.03535533905932733423, 0.03535533905932733423, 0.03535533905932732729, 0.03535533905932732729, 0.03535533905932732729, 0.03535533905932732729, 0.03535533905932732729, 0.03535533905932732729, 0.03535533905932732035, 0.03535533905932732035, 0.03535533905932732729, 0.03535533905932732729, 0.03535533905932733423, 0.03535533905932733423, 0.03535533905932732729, 0.03535533905932732729, 0.03535533905932733423, 0.03535533905932733423, 0.03535533905932732729, 0.03535533905932732729, 0.03535533905932732729, 0.03535533905932732729, 0.03535533905932732729, 0.03535533905932732729, 0.03535533905932732729, 0.03535533905932732729, 0.03535533905932732729, 0.03535533905932732729, 0.03535533905932732729, 0.03535533905932732729, 0.03535533905932732729, 0.03535533905932732729, 0.03535533905932733423, 0.03535533905932733423, 0.03535533905932732729, 0.03535533905932732729, 0.03535533905932732729, 0.03535533905932732729, 0.03535533905932732729, 0.03535533905932732729, 0.03535533905932732729, 0.03535533905932732729, 0.03535533905932732729, 0.03535533905932732729, 0.03535533905932734117, 0.03535533905932734117, 0.03535533905932733423, 0.03535533905932733423, 0.03535533905932733423, 0.03535533905932733423, 0.03535533905932732729, 0.03535533905932732729, 0.03535533905932732729, 0.03535533905932732729),
 ( 1.000000000000000000, 1.000000000000000000, 1.000000000000000000, 1.000000000000000000, 1.000000000000000000, 1.000000000000000000, 1.000000000000000000, 1.000000000000000000, 1.000000000000000000, 1.000000000000000000, 1.000000000000000000, 1.000000000000000000, 1.000000000000000000, 1.000000000000000000, 1.000000000000000000, 1.000000000000000000, 1.000000000000000000, 1.000000000000000000, 1.000000000000000000, 1.000000000000000000, 1.000000000000000000, 1.000000000000000000, 1.000000000000000000, 1.000000000000000000, 1.000000000000000000, 1.000000000000000000, 1.000000000000000000, 1.000000000000000000, 1.000000000000000000, 1.000000000000000000, 1.000000000000000000, 1.000000000000000000, 1.000000000000000000, 1.000000000000000000, 1.000000000000000000, 1.000000000000000000, 1.000000000000000000, 1.000000000000000000, 1.000000000000000000, 1.000000000000000000, 1.000000000000000000, 1.000000000000000000, 1.000000000000000000, 1.000000000000000000, 1.000000000000000000, 1.000000000000000000, 1.000000000000000000, 1.000000000000000000, 1.000000000000000000, 1.000000000000000000, 1.000000000000000000, 1.000000000000000000, 1.000000000000000000, 1.000000000000000000, 1.000000000000000000, 1.000000000000000000, 1.000000000000000000, 1.000000000000000000, 1.000000000000000000, 1.000000000000000000, 1.000000000000000000, 1.000000000000000000, 1.000000000000000000, 1.000000000000000000, 1.000000000000000000, 1.000000000000000000) ) ) 
 REPRESENTATION_ITEM ( '' )  SURFACE ( )  );
#1981 = CARTESIAN_POINT ( 'NONE',  ( -0.3889238367156260812, -5.500000000000000000, -1.452024976220992913 ) ) ;
#1982 = LINE ( 'NONE', #446, #1088 ) ;
#1983 = CARTESIAN_POINT ( 'NONE',  ( -2.350000000000000089, 30.00000000000000000, -1.356773132595618936 ) ) ;
#1984 = CARTESIAN_POINT ( 'NONE',  ( -0.8660253046504655661, -1.830341817039145669, -0.5000001717050370775 ) ) ;
#1985 = LINE ( 'NONE', #298, #1409 ) ;
#1986 = CARTESIAN_POINT ( 'NONE',  ( 0.8678315929632065551, -6.000000000000000000, 0.5011506832209277063 ) ) ;
#1987 = CARTESIAN_POINT ( 'NONE',  ( 1.241025261724194806, -3.330341817039142782, 0.7165065970016107899 ) ) ;
#1988 = CARTESIAN_POINT ( 'NONE',  ( -1.154700538379229036, -2.788675150372476708, -2.289400709244915160E-07 ) ) ;
#1989 = CARTESIAN_POINT ( 'NONE',  ( 2.841204356620632611E-07, -4.663675150372474043, -1.433012701892188767 ) ) ;
#1990 = LINE ( 'NONE', #2024, #1646 ) ;
#1991 = EDGE_CURVE ( 'NONE', #1258, #47, #73, .T. ) ;
#1992 = CARTESIAN_POINT ( 'NONE',  ( 0.6647267944350524482, -5.500000000000000000, -1.348249446910800176 ) ) ;
#1993 = CARTESIAN_POINT ( 'NONE',  ( -0.3889238367156260812, -5.500000000000000000, -1.452024976220992913 ) ) ;
#1994 = CARTESIAN_POINT ( 'NONE',  ( -0.8660255029183768771, -0.2470084837058149352, 0.4999998282949438266 ) ) ;
#1995 = DIRECTION ( 'NONE',  ( -0.000000000000000000, 1.000000000000000000, -0.000000000000000000 ) ) ;
#1996 = CARTESIAN_POINT ( 'NONE',  ( 4.196207644450929669E-16, 0.000000000000000000, 2.713546265191241424 ) ) ;
#1997 = DIRECTION ( 'NONE',  ( 0.7499999141475192088, 0.4999999999999980016, 0.4330128505930462279 ) ) ;
#1998 = ORIENTED_EDGE ( 'NONE', *, *, #1528, .F. ) ;
#1999 = CARTESIAN_POINT ( 'NONE',  ( 0.8273505533100445897, -4.205341817039141006, -1.433012537855178126 ) ) ;
#2000 = CARTESIAN_POINT ( 'NONE',  ( -0.3889238367156232501, -6.000000000000000888, 1.452024976221000685 ) ) ;
#2001 = CARTESIAN_POINT ( 'NONE',  ( -0.8660253046504643448, -2.330341817039144559, -0.5000001717050398531 ) ) ;
#2002 = CARTESIAN_POINT ( 'NONE',  ( 1.654700538379216823, -5.288675150372474043, 3.280740203904240311E-07 ) ) ;
#2003 = CARTESIAN_POINT ( 'NONE',  ( 1.299037956975798380, -0.3690169516339537048, 0.7500002575573877506 ) ) ;
#2004 = ORIENTED_EDGE ( 'NONE', *, *, #1729, .T. ) ;
#2005 = CARTESIAN_POINT ( 'NONE',  ( 0.3222156684401453752, -6.000000000000000000, -0.9489261004153739520 ) ) ;
#2006 = DIRECTION ( 'NONE',  ( -0.8660254037844385966, 0.000000000000000000, 0.5000000000000001110 ) ) ;
#2007 = CARTESIAN_POINT ( 'NONE',  ( -0.4833235026602247797, -6.000000000000000000, -1.423389150623062704 ) ) ;
#2008 = CARTESIAN_POINT ( 'NONE',  ( -0.6135461215191548856, -6.000000000000000888, 0.8005647493684655558 ) ) ;
#2009 = CARTESIAN_POINT ( 'NONE',  ( -0.1308980862218389885, -6.000000000000000000, 0.9935539099924665107 ) ) ;
#2010 = CARTESIAN_POINT ( 'NONE',  ( -0.8273505533100438125, -3.455341817039142782, 1.433012537855179902 ) ) ;
#2011 = CARTESIAN_POINT ( 'NONE',  ( -0.3889238367156219178, -5.500000000000000000, 1.452024976220993802 ) ) ;
#2012 = CARTESIAN_POINT ( 'NONE',  ( -0.8660255029183793196, -2.747008483705810189, 0.4999998282949399964 ) ) ;
#2013 = CARTESIAN_POINT ( 'NONE',  ( 0.5773504674575272722, -0.4553418170391478337, -0.9999998855299465639 ) ) ;
#2014 = CARTESIAN_POINT ( 'NONE',  ( -0.4787413248865949877, -5.704088717560853006, -1.227903515626225683 ) ) ;
#2015 = CARTESIAN_POINT ( 'NONE',  ( 0.6099897828182770931, -6.000000000000000000, 0.7951076316418841383 ) ) ;
#2016 = CARTESIAN_POINT ( 'NONE',  ( -1.192661447462834312, -6.000000000000000888, -0.9149846742274175826 ) ) ;
#2017 = CARTESIAN_POINT ( 'NONE',  ( -1.982679110647439497E-07, -1.663675150372479150, 0.9999999999999820144 ) ) ;
#2018 = CARTESIAN_POINT ( 'NONE',  ( -1.241025545844530287, 0.002991516294193635218, 0.7165061048907538366 ) ) ;
#2019 = CARTESIAN_POINT ( 'NONE',  ( -1.397775686382406901, -7.276007409626682445E-18, 0.4653863990394168648 ) ) ;
#2020 = CARTESIAN_POINT ( 'NONE',  ( 0.1963471293327589962, -6.000000000000000888, -1.490330864988698378 ) ) ;
#2021 = CARTESIAN_POINT ( 'NONE',  ( -0.8273505533100438125, -2.955341817039144114, 1.433012537855180124 ) ) ;
#2022 = CARTESIAN_POINT ( 'NONE',  ( -1.130080206118540653, -5.500000000000000000, 0.9912401374411022870 ) ) ;
#2023 = CARTESIAN_POINT ( 'NONE',  ( 1.241025545844630873, -5.247008483705807080, -0.7165061048905785324 ) ) ;
#2024 = CARTESIAN_POINT ( 'NONE',  ( 2.349999999999999645, 30.00000000000000000, -1.356773132595620490 ) ) ;
#2025 = CARTESIAN_POINT ( 'NONE',  ( 1.241025261724240103, -0.3303418170391451691, 0.7165065970015341845 ) ) ;
#2026 = CARTESIAN_POINT ( 'NONE',  ( -0.4431511962900349655, -6.000000000000000000, -0.8988329646072008572 ) ) ;
#2027 = CARTESIAN_POINT ( 'NONE',  ( 1.500000000000000222, -5.500000000000000000, -0.09817475406222023193 ) ) ;
#2028 = CARTESIAN_POINT ( 'NONE',  ( -0.9912401374411197175, -6.000000000000000888, -1.130080206118545982 ) ) ;
#2029 = CARTESIAN_POINT ( 'NONE',  ( -0.8273499850691728996, -4.622008483705807969, -1.433012865929198298 ) ) ;
#2030 = ADVANCED_FACE ( 'NONE', ( #1115 ), #400, .F. ) ;
#2031 = CARTESIAN_POINT ( 'NONE',  ( -0.6099897828182778703, -6.000000000000000000, -0.7951076316418825840 ) ) ;
#2032 = CARTESIAN_POINT ( 'NONE',  ( 1.452024976220993580, -6.000000000000000888, -0.3889238367156254705 ) ) ;
#2033 = CARTESIAN_POINT ( 'NONE',  ( 0.8273499850691728996, -1.872008483705812631, 1.433012865929200741 ) ) ;
#2034 = CARTESIAN_POINT ( 'NONE',  ( -1.154700538379228592, -0.7886751503724809265, -2.289400713896379649E-07 ) ) ;
#2035 = CARTESIAN_POINT ( 'NONE',  ( -1.241025545844630207, -2.497008483705813298, 0.7165061048905806418 ) ) ;
#2036 = CARTESIAN_POINT ( 'NONE',  ( 1.241025261724240103, -0.3303418170391451691, 0.7165065970015341845 ) ) ;
#2037 = CARTESIAN_POINT ( 'NONE',  ( -1.423389150623064703, -6.000000000000000888, -0.4833235026602205608 ) ) ;
#2038 = CARTESIAN_POINT ( 'NONE',  ( 0.7533868040790285825, -6.000000000000000000, -0.6608267582940704488 ) ) ;
#2039 = CARTESIAN_POINT ( 'NONE',  ( -1.500000000000000000, -5.500000000000000000, -0.09817475406222261891 ) ) ;
#2040 = CARTESIAN_POINT ( 'NONE',  ( -0.8273499850691649060, -1.122008483705813964, -1.433012865929201629 ) ) ;
#2041 = CARTESIAN_POINT ( 'NONE',  ( -0.1308980862218389885, -6.000000000000000000, 0.9935539099924665107 ) ) ;
#2042 = CARTESIAN_POINT ( 'NONE',  ( 1.130080206118539321, -5.500000000000000000, -0.9912401374411036192 ) ) ;
#2043 = CARTESIAN_POINT ( 'NONE',  ( -0.9218509267179908484, -5.901181200165593665, -0.6406742085131384989 ) ) ;
#2044 = PRODUCT ( 'Hex pillar', 'Hex pillar', '', ( #765 ) ) ;
#2045 = CARTESIAN_POINT ( 'NONE',  ( -1.299037956975802821, -0.04166668244432570473, -0.7500002575573749830 ) ) ;
#2046 = CARTESIAN_POINT ( 'NONE',  ( 0.6647267944350505608, -6.000000000000000000, 1.348249446910810168 ) ) ;
#2047 = CARTESIAN_POINT ( 'NONE',  ( 2.841204360029364241E-07, -0.1636751503724829804, -1.433012701892187213 ) ) ;
#2048 = EDGE_CURVE ( 'NONE', #1064, #1484, #595, .T. ) ;
#2049 = CARTESIAN_POINT ( 'NONE',  ( 1.154700538379229702, -1.538675150372478928, 2.289400700847269849E-07 ) ) ;
#2050 = CARTESIAN_POINT ( 'NONE',  ( 0.8273499850691726776, -2.872008483705813298, 1.433012865929200519 ) ) ;
#2051 = PLANE ( 'NONE',  #2191 ) ;
#2052 = DIRECTION ( 'NONE',  ( -0.8660254037844383745, 0.000000000000000000, 0.5000000000000004441 ) ) ;
#2053 = CARTESIAN_POINT ( 'NONE',  ( -0.5011506832209284834, -6.000000000000000000, -0.8678315929632071102 ) ) ;
#2054 = CARTESIAN_POINT ( 'NONE',  ( -0.6647267944350490065, -6.000000000000000000, -1.348249446910798399 ) ) ;
#2055 = CARTESIAN_POINT ( 'NONE',  ( -0.9080876646184057321, -5.837144309244909124, 0.7666031323273948539 ) ) ;
#2056 = CONICAL_SURFACE ( 'NONE', #332, 1.249999999999998668, 1.029744258676653645 ) ;
#2057 = CARTESIAN_POINT ( 'NONE',  ( -2.350000000000000089, 0.000000000000000000, -1.356773132595618936 ) ) ;
#2058 = CARTESIAN_POINT ( 'NONE',  ( -0.8988329646072008572, -6.000000000000000000, 0.4431511962900331336 ) ) ;
#2059 = CARTESIAN_POINT ( 'NONE',  ( 1.130080206118543318, -6.000000000000000888, -0.9912401374411151656 ) ) ;
#2060 = CARTESIAN_POINT ( 'NONE',  ( -0.8273499850691722335, -0.6220084837058152960, -1.433012865929197188 ) ) ;
#2061 = CARTESIAN_POINT ( 'NONE',  ( 1.654700538379217045, -2.788675150372479372, 3.280740212230912467E-07 ) ) ;
#2062 =( NAMED_UNIT ( * ) SI_UNIT ( $, .STERADIAN. ) SOLID_ANGLE_UNIT ( ) );
#2063 = CARTESIAN_POINT ( 'NONE',  ( -0.8660253046504661212, -5.330341817039137453, -0.5000001717050382988 ) ) ;
#2064 = CARTESIAN_POINT ( 'NONE',  ( 0.000000000000000000, -6.000000000000000000, -1.000000000000000222 ) ) ;
#2065 = CARTESIAN_POINT ( 'NONE',  ( -1.452024976221002239, -6.000000000000000888, -0.3889238367156231946 ) ) ;
#2066 = CARTESIAN_POINT ( 'NONE',  ( 0.5773500709217023186, -5.122008483705804416, 1.000000114470013246 ) ) ;
#2067 = SURFACE_SIDE_STYLE ('',( #322 ) ) ;
#2068 = CARTESIAN_POINT ( 'NONE',  ( 2.841204345471073869E-07, -4.663675150372473155, -1.433012701892188989 ) ) ;
#2069 = CARTESIAN_POINT ( 'NONE',  ( -0.3222156684401473736, -6.000000000000000000, -0.9489261004153721757 ) ) ;
#2070 = CARTESIAN_POINT ( 'NONE',  ( 0.8273499850691731217, -0.3720084837058159621, 1.433012865929201185 ) ) ;
#2071 = LINE ( 'NONE', #1222, #1827 ) ;
#2072 = CARTESIAN_POINT ( 'NONE',  ( -1.654700538379216823, -3.538675150372478040, -3.280740191310769916E-07 ) ) ;
#2073 = DIRECTION ( 'NONE',  ( -0.000000000000000000, 1.000000000000000000, -0.000000000000000000 ) ) ;
#2074 = CARTESIAN_POINT ( 'NONE',  ( -0.5773504674575262730, -5.205341817039137453, 0.9999998855299487843 ) ) ;
#2075 = EDGE_CURVE ( 'NONE', #1399, #2226, #2084, .T. ) ;
#2076 = CARTESIAN_POINT ( 'NONE',  ( -0.09817475406222012091, -6.000000000000000888, 1.500000000000001110 ) ) ;
#2077 = CARTESIAN_POINT ( 'NONE',  ( -0.9650907556254264552, 1.966127937612461034E-15, 1.007191282262116072 ) ) ;
#2078 = CARTESIAN_POINT ( 'NONE',  ( -0.8660253046504662322, -5.830341817039137453, -0.5000001717050385208 ) ) ;
#2079 = CARTESIAN_POINT ( 'NONE',  ( -1.118214460417291667, -5.882272472691474796, -0.2337200999952486480 ) ) ;
#2080 = CARTESIAN_POINT ( 'NONE',  ( -1.654700538379216379, -2.038675150372478484, -3.280740281884760531E-07 ) ) ;
#2081 = CARTESIAN_POINT ( 'NONE',  ( 0.4833235026602211160, -6.000000000000000888, -1.423389150623061816 ) ) ;
#2082 = CARTESIAN_POINT ( 'NONE',  ( -0.5011506832209277063, -6.000000000000000000, 0.8678315929632065551 ) ) ;
#2083 = CARTESIAN_POINT ( 'NONE',  ( 1.241025545844631317, -0.7470084837058154070, -0.7165061048905770891 ) ) ;
#2084 =( BOUNDED_CURVE ( )  B_SPLINE_CURVE ( 2, ( #928, #1785, #1448 ),
 .UNSPECIFIED., .F., .T. ) 
 B_SPLINE_CURVE_WITH_KNOTS ( ( 3, 3 ),
 ( 0.000000000000000000, 0.2540347714778775079 ),
 .UNSPECIFIED. ) 
 CURVE ( )  GEOMETRIC_REPRESENTATION_ITEM ( )  RATIONAL_B_SPLINE_CURVE ( ( 1.000000000000000000, 0.7549467140005816645, 0.6343975390186937791 ) ) 
 REPRESENTATION_ITEM ( '' )  );
#2085 = CARTESIAN_POINT ( 'NONE',  ( -0.8660255029183794306, -1.247008483705813298, 0.4999998282949397743 ) ) ;
#2086 = CARTESIAN_POINT ( 'NONE',  ( -1.241025545844630429, -3.497008483705811077, 0.7165061048905803087 ) ) ;
#2087 = ORIENTED_EDGE ( 'NONE', *, *, #84, .T. ) ;
#2088 = CARTESIAN_POINT ( 'NONE',  ( 0.8660255029183780984, -4.997008483705805304, -0.4999998282949413286 ) ) ;
#2089 = CARTESIAN_POINT ( 'NONE',  ( -1.301747389444805947, -5.500000000000000000, -0.7517260248313947235 ) ) ;
#2090 = VECTOR ( 'NONE', #883, 1000.000000000000000 ) ;
#2091 = CARTESIAN_POINT ( 'NONE',  ( -0.8273505533100472542, -3.955341817039141450, 1.433012537855177904 ) ) ;
#2092 = CARTESIAN_POINT ( 'NONE',  ( 0.09817475406222044010, -5.500000000000000000, 1.500000000000000222 ) ) ;
#2093 = CARTESIAN_POINT ( 'NONE',  ( 0.6608267582940682283, -6.000000000000000000, 0.7533868040790272502 ) ) ;
#2094 = CARTESIAN_POINT ( 'NONE',  ( 1.982679116664781672E-07, -3.913675150372474043, -0.9999999999999799050 ) ) ;
#2095 = CARTESIAN_POINT ( 'NONE',  ( -1.241025545844630207, -0.9970084837058165173, 0.7165061048905809749 ) ) ;
#2096 = VERTEX_POINT ( 'NONE', #934 ) ;
#2097 = CARTESIAN_POINT ( 'NONE',  ( -1.113978387329182196, -5.587278336610476792, -0.8975628537642168503 ) ) ;
#2098 = LINE ( 'NONE', #1919, #1442 ) ;
#2099 = CARTESIAN_POINT ( 'NONE',  ( -0.8660255029183790976, -3.747008483705807524, 0.4999998282949399964 ) ) ;
#2100 = CARTESIAN_POINT ( 'NONE',  ( -1.241025545844631983, -1.997008483705812187, 0.7165061048905774221 ) ) ;
#2101 = CARTESIAN_POINT ( 'NONE',  ( -1.301747389444803726, -6.000000000000000888, -0.7517260248313897275 ) ) ;
#2102 = CARTESIAN_POINT ( 'NONE',  ( -0.2592825578104159812, -6.000000000000000000, 0.9680166508139952386 ) ) ;
#2103 = CARTESIAN_POINT ( 'NONE',  ( -0.8660253046504656771, -3.330341817039142338, -0.5000001717050375216 ) ) ;
#2104 = ADVANCED_FACE ( 'NONE', ( #613 ), #776, .F. ) ;
#2105 = CARTESIAN_POINT ( 'NONE',  ( 0.9745534949804876002, -5.999999999999998224, -0.2605354140359885662 ) ) ;
#2106 = CARTESIAN_POINT ( 'NONE',  ( -0.8273505533100440346, -4.955341817039140118, 1.433012537855179458 ) ) ;
#2107 = CARTESIAN_POINT ( 'NONE',  ( -0.8660253046504657881, -1.830341817039145669, -0.5000001717050371886 ) ) ;
#2108 = PLANE ( 'NONE',  #1371 ) ;
#2109 = CARTESIAN_POINT ( 'NONE',  ( 0.5773500709217015414, -3.622008483705807969, 1.000000114470014356 ) ) ;
#2110 = CARTESIAN_POINT ( 'NONE',  ( -1.241025261724193474, -2.580341817039144559, -0.7165065970016102348 ) ) ;
#2111 = CARTESIAN_POINT ( 'NONE',  ( -0.9912401374411197175, -6.000000000000000888, -1.130080206118545982 ) ) ;
#2112 = CARTESIAN_POINT ( 'NONE',  ( 1.982679118356137325E-07, -2.413675150372477152, -0.9999999999999794609 ) ) ;
#2113 = FILL_AREA_STYLE ('',( #57 ) ) ;
#2114 = CARTESIAN_POINT ( 'NONE',  ( 1.654700538379217489, 0.2113248496275138832, 3.280740222222920218E-07 ) ) ;
#2115 = CARTESIAN_POINT ( 'NONE',  ( -0.8273505533100439235, -4.455341817039140118, 1.433012537855179680 ) ) ;
#2116 = CARTESIAN_POINT ( 'NONE',  ( 1.982679119483708114E-07, -1.413675150372479816, -0.9999999999999792388 ) ) ;
#2117 = CARTESIAN_POINT ( 'NONE',  ( 0.8660255029183792086, -4.497008483705806192, -0.4999998282949391637 ) ) ;
#2118 = CARTESIAN_POINT ( 'NONE',  ( -1.241025261724193474, -3.080341817039143226, -0.7165065970016101238 ) ) ;
#2119 = CARTESIAN_POINT ( 'NONE',  ( -0.3889238367156264697, -6.000000000000000888, -1.452024976220994468 ) ) ;
#2120 = CARTESIAN_POINT ( 'NONE',  ( -0.8660255029183773212, -4.247008483705806192, 0.4999998282949424944 ) ) ;
#2121 = AXIS2_PLACEMENT_3D ( 'NONE', #1651, #118, #1463 ) ;
#2122 = CARTESIAN_POINT ( 'NONE',  ( 1.000072613845785163, -6.000000000000000888, 0.1322421399603495584 ) ) ;
#2123 = CARTESIAN_POINT ( 'NONE',  ( -1.255409883886881239, -5.578858140573790259, -0.6909930732095368455 ) ) ;
#2124 = CARTESIAN_POINT ( 'NONE',  ( 0.09817475406222044010, -5.500000000000000000, 1.500000000000000222 ) ) ;
#2125 = CARTESIAN_POINT ( 'NONE',  ( 1.154700538379229480, -3.538675150372474931, 2.289400651048724543E-07 ) ) ;
#2126 = EDGE_CURVE ( 'NONE', #1920, #185, #972, .T. ) ;
#2127 = CARTESIAN_POINT ( 'NONE',  ( 0.8660253046504655661, -5.080341817039138341, 0.5000001717050400751 ) ) ;
#2128 = CARTESIAN_POINT ( 'NONE',  ( 1.654700538379217489, -0.7886751503724818146, 3.280740263781167171E-07 ) ) ;
#2129 = CARTESIAN_POINT ( 'NONE',  ( 0.9149846742274148070, -5.500000000000000000, 1.192661447462828539 ) ) ;
#2130 = CARTESIAN_POINT ( 'NONE',  ( 0.5773504674575268281, -2.955341817039142782, -0.9999998855299471190 ) ) ;
#2131 = CARTESIAN_POINT ( 'NONE',  ( -1.653536667433273464E-15, 23.24892422621554999, 0.000000000000000000 ) ) ;
#2132 = CARTESIAN_POINT ( 'NONE',  ( 0.2604798378044898000, -6.000000000000000000, -0.9744193220887473750 ) ) ;
#2133 = CARTESIAN_POINT ( 'NONE',  ( 0.8273499850691725666, -5.372008483705805304, 1.433012865929199631 ) ) ;
#2134 = CARTESIAN_POINT ( 'NONE',  ( -0.8660255029183773212, -1.747008483705811965, 0.4999998282949434936 ) ) ;
#2135 = CARTESIAN_POINT ( 'NONE',  ( -0.5773504674575296036, -4.205341817039140118, 0.9999998855299468969 ) ) ;
#2136 = ADVANCED_FACE ( 'NONE', ( #1486 ), #1322, .F. ) ;
#2137 = SURFACE_STYLE_USAGE ( .BOTH. , #426 ) ;
#2138 = CARTESIAN_POINT ( 'NONE',  ( 1.299037956975743757, -0.2916666824443314154, 0.7500002575574831187 ) ) ;
#2139 = CARTESIAN_POINT ( 'NONE',  ( -0.5773504674575256068, -0.7053418170391480002, 0.9999998855299500056 ) ) ;
#2140 = CARTESIAN_POINT ( 'NONE',  ( -1.192661447462829205, -5.500000000000000000, 0.9149846742274139189 ) ) ;
#2141 = CARTESIAN_POINT ( 'NONE',  ( -0.9149846742274163613, -5.500000000000000000, -1.192661447462827429 ) ) ;
#2142 = CARTESIAN_POINT ( 'NONE',  ( -0.4431511962900325230, -6.000000000000000000, 0.8988329646072014123 ) ) ;
#2143 = ORIENTED_EDGE ( 'NONE', *, *, #2075, .T. ) ;
#2144 = CARTESIAN_POINT ( 'NONE',  ( -1.241025261724194362, -5.080341817039139229, -0.7165065970016091246 ) ) ;
#2145 = CARTESIAN_POINT ( 'NONE',  ( 0.5773500709217010973, -2.122008483705811521, 1.000000114470015244 ) ) ;
#2146 = CARTESIAN_POINT ( 'NONE',  ( -1.154700538379228814, -3.288675150372475375, -2.289400632406240088E-07 ) ) ;
#2147 = CARTESIAN_POINT ( 'NONE',  ( 0.1241228790072244070, 4.048042987091861568E-15, 1.270416623973415371 ) ) ;
#2148 = CARTESIAN_POINT ( 'NONE',  ( 1.241025261724191475, -1.330341817039147001, 0.7165065970016180064 ) ) ;
#2149 = CARTESIAN_POINT ( 'NONE',  ( 0.4431511962900344104, -6.000000000000000000, -0.8988329646071999690 ) ) ;
#2150 = CARTESIAN_POINT ( 'NONE',  ( -0.8660253046504653440, -0.3303418170391486108, -0.5000001717050366334 ) ) ;
#2151 = CARTESIAN_POINT ( 'NONE',  ( 1.530808498934183682E-16, 30.00000000000000000, -1.249999999999993783 ) ) ;
#2152 = ADVANCED_FACE ( 'NONE', ( #466 ), #297, .T. ) ;
#2153 = FACE_OUTER_BOUND ( 'NONE', #728, .T. ) ;
#2154 = EDGE_LOOP ( 'NONE', ( #198, #520, #2143, #959, #2087, #1572 ) ) ;
#2155 = CARTESIAN_POINT ( 'NONE',  ( -0.8273505533100439235, -3.955341817039141450, 1.433012537855179680 ) ) ;
#2156 = B_SPLINE_CURVE_WITH_KNOTS ( 'NONE', 3,
 ( #1559, #24, #896, #717, #1237, #1573, #34, #2097, #1249, #2123 ),
 .UNSPECIFIED., .F., .F.,
 ( 4, 2, 2, 2, 4 ),
 ( 0.007776107359970198599, 0.008156502411449240500, 0.008536897462928280667, 0.008917292514407322568, 0.009297687565886362734 ),
 .UNSPECIFIED. ) ;
#2157 = CIRCLE ( 'NONE', #1152, 1.500000000000000222 ) ;
#2158 = CARTESIAN_POINT ( 'NONE',  ( 0.5773504674575271611, -0.9553418170391476671, -0.9999998855299465639 ) ) ;
#2159 = DIRECTION ( 'NONE',  ( -0.000000000000000000, -1.000000000000000000, -0.000000000000000000 ) ) ;
#2160 =( GEOMETRIC_REPRESENTATION_CONTEXT ( 3 ) GLOBAL_UNCERTAINTY_ASSIGNED_CONTEXT ( ( #13 ) ) GLOBAL_UNIT_ASSIGNED_CONTEXT ( ( #662, #507, #359 ) ) REPRESENTATION_CONTEXT ( 'NONE', 'WORKASPACE' ) );
#2161 = CARTESIAN_POINT ( 'NONE',  ( 1.000000000000000222, -6.000000000000000000, -0.06544983604148016387 ) ) ;
#2162 = CARTESIAN_POINT ( 'NONE',  ( 0.5773504674575271611, -0.4553418170391478337, -0.9999998855299463418 ) ) ;
#2163 = CARTESIAN_POINT ( 'NONE',  ( 0.000000000000000000, -6.000000000000000888, -1.500000000000001110 ) ) ;
#2164 = CARTESIAN_POINT ( 'NONE',  ( -0.8732055700420856548, -6.000000000000000888, 0.5048314506942316315 ) ) ;
#2165 = CARTESIAN_POINT ( 'NONE',  ( 0.9935539099924665107, -6.000000000000000000, 0.1308980862218391272 ) ) ;
#2166 = CARTESIAN_POINT ( 'NONE',  ( -0.8273505533100437015, -1.955341817039145669, 1.433012537855180124 ) ) ;
#2167 = CARTESIAN_POINT ( 'NONE',  ( -0.1963471293327594958, -6.000000000000000888, 1.490330864988693493 ) ) ;
#2168 = ADVANCED_FACE ( 'NONE', ( #1000 ), #2056, .F. ) ;
#2169 = CARTESIAN_POINT ( 'NONE',  ( -0.8660255029183794306, -1.747008483705811965, 0.4999998282949398853 ) ) ;
#2170 = CARTESIAN_POINT ( 'NONE',  ( 1.982679121175063503E-07, 0.08632484962751724167, -0.9999999999999787947 ) ) ;
#2171 = CARTESIAN_POINT ( 'NONE',  ( 2.350000000000000533, 0.000000000000000000, 1.356773132595620712 ) ) ;
#2172 = EDGE_LOOP ( 'NONE', ( #683, #1575, #1404 ) ) ;
#2173 = CARTESIAN_POINT ( 'NONE',  ( 0.6608267582940682283, -6.000000000000000000, 0.7533868040790272502 ) ) ;
#2174 = CARTESIAN_POINT ( 'NONE',  ( 1.154700538379229480, -1.538675150372478928, 2.289400657710062162E-07 ) ) ;
#2175 = LINE ( 'NONE', #2151, #1683 ) ;
#2176 = CARTESIAN_POINT ( 'NONE',  ( 0.7951076316418850265, -6.000000000000000000, 0.6099897828182759829 ) ) ;
#2177 = CARTESIAN_POINT ( 'NONE',  ( 1.241025545844631095, -3.247008483705809745, -0.7165061048905779773 ) ) ;
#2178 = CARTESIAN_POINT ( 'NONE',  ( -0.8273505533100442566, -4.455341817039142782, 1.433012537855179902 ) ) ;
#2179 = CARTESIAN_POINT ( 'NONE',  ( -1.499999999999999778, 2.360402659465151452E-17, -1.340377341999037726E-08 ) ) ;
#2180 = DIRECTION ( 'NONE',  ( -3.196414039866297217E-16, 0.000000000000000000, -1.000000000000000000 ) ) ;
#2181 = CARTESIAN_POINT ( 'NONE',  ( 0.5773500709217034288, -0.6220084837058144078, 1.000000114470014578 ) ) ;
#2182 = CARTESIAN_POINT ( 'NONE',  ( 0.8273499850691735658, -5.372008483705805304, 1.433012865929198743 ) ) ;
#2183 = CARTESIAN_POINT ( 'NONE',  ( 0.7533868040790285825, -6.000000000000000000, -0.6608267582940704488 ) ) ;
#2184 = CARTESIAN_POINT ( 'NONE',  ( -0.1308980862218403207, -6.000000000000000000, -0.9935539099924604045 ) ) ;
#2185 = CARTESIAN_POINT ( 'NONE',  ( -1.654700538379216157, -2.538675150372477596, -3.280740186057137528E-07 ) ) ;
#2186 = CARTESIAN_POINT ( 'NONE',  ( -0.8660253046504642338, -1.830341817039145669, -0.5000001717050398531 ) ) ;
#2187 = CARTESIAN_POINT ( 'NONE',  ( 1.154700538379229924, -0.5386751503724815926, 2.289400661040732030E-07 ) ) ;
#2188 = CARTESIAN_POINT ( 'NONE',  ( 2.467601232781798509E-07, -5.772467269937818557, -1.244579223341904406 ) ) ;
#2189 = STYLED_ITEM ( 'NONE', ( #1109 ), #621 ) ;
#2190 =( NAMED_UNIT ( * ) SI_UNIT ( $, .STERADIAN. ) SOLID_ANGLE_UNIT ( ) );
#2191 = AXIS2_PLACEMENT_3D ( 'NONE', #1225, #515, #1876 ) ;
#2192 = CARTESIAN_POINT ( 'NONE',  ( 1.348249446910801286, -5.500000000000000000, -0.6647267944350498947 ) ) ;
#2193 = CARTESIAN_POINT ( 'NONE',  ( 0.7517260248313950566, -6.000000000000000000, -1.301747389444807279 ) ) ;
#2194 = CARTESIAN_POINT ( 'NONE',  ( -0.09817475406224870915, -6.000000000000000888, -1.500000000000001110 ) ) ;
#2195 = CARTESIAN_POINT ( 'NONE',  ( -1.241025545844630207, -4.997008483705806192, 0.7165061048905806418 ) ) ;
#2196 = CARTESIAN_POINT ( 'NONE',  ( 0.000000000000000000, -6.000000000000000888, -1.500000000000001110 ) ) ;
#2197 = CARTESIAN_POINT ( 'NONE',  ( 0.9912401374411008437, -6.000000000000000888, -1.130080206118529107 ) ) ;
#2198 = CARTESIAN_POINT ( 'NONE',  ( -0.8273499850691725666, -2.622008483705811077, -1.433012865929198076 ) ) ;
#2199 = CARTESIAN_POINT ( 'NONE',  ( 0.8660255029183785425, -0.9970084837058138527, -0.4999998282949399964 ) ) ;
#2200 = LINE ( 'NONE', #793, #149 ) ;
#2201 = CARTESIAN_POINT ( 'NONE',  ( 1.654700538379217489, -1.288675150372480482, 3.280740258062985387E-07 ) ) ;
#2202 = ORIENTED_EDGE ( 'NONE', *, *, #559, .F. ) ;
#2203 = CARTESIAN_POINT ( 'NONE',  ( 1.452024976220993135, -5.500000000000000000, -0.3889238367156272469 ) ) ;
#2204 = CARTESIAN_POINT ( 'NONE',  ( -0.6099897828182758719, -6.000000000000000000, 0.7951076316418850265 ) ) ;
#2205 =( BOUNDED_CURVE ( )  B_SPLINE_CURVE ( 2, ( #7, #704, #1386 ),
 .UNSPECIFIED., .F., .T. ) 
 B_SPLINE_CURVE_WITH_KNOTS ( ( 3, 3 ),
 ( 0.4855517493242957894, 0.6370271264295154223 ),
 .UNSPECIFIED. ) 
 CURVE ( )  GEOMETRIC_REPRESENTATION_ITEM ( )  RATIONAL_B_SPLINE_CURVE ( ( 0.5180804124330671279, 0.5138580581468092934, 0.5539028419479495868 ) ) 
 REPRESENTATION_ITEM ( '' )  );
#2206 = CARTESIAN_POINT ( 'NONE',  ( 0.7517260248313941684, -5.500000000000000000, 1.301747389444806169 ) ) ;
#2207 = EDGE_CURVE ( 'NONE', #2226, #47, #1029, .T. ) ;
#2208 = CARTESIAN_POINT ( 'NONE',  ( 1.241025261724295170, 0.1696581829608598824, 0.7165065970014389274 ) ) ;
#2209 = CARTESIAN_POINT ( 'NONE',  ( 1.192661447462832314, -6.000000000000000888, 0.9149846742274144740 ) ) ;
#2210 = CARTESIAN_POINT ( 'NONE',  ( 1.130080206118536212, -6.000000000000000000, 0.9912401374411079491 ) ) ;
#2211 = CARTESIAN_POINT ( 'NONE',  ( -0.5773504674575262730, -5.705341817039136565, 0.9999998855299483402 ) ) ;
#2212 = CARTESIAN_POINT ( 'NONE',  ( -0.8660253046504636787, -0.3303418170391486108, -0.5000001717050400751 ) ) ;
#2213 = CARTESIAN_POINT ( 'NONE',  ( -0.8273499850691725666, -3.122008483705811077, -1.433012865929198076 ) ) ;
#2214 = ORIENTED_EDGE ( 'NONE', *, *, #314, .F. ) ;
#2215 = FILL_AREA_STYLE ('',( #1889 ) ) ;
#2216 = CARTESIAN_POINT ( 'NONE',  ( 1.154700538379229480, -4.038675150372473155, 2.289400649383390006E-07 ) ) ;
#2217 = CARTESIAN_POINT ( 'NONE',  ( -1.000000000000000222, -6.000000000000000000, -0.06544983604148180145 ) ) ;
#2218 = CARTESIAN_POINT ( 'NONE',  ( -1.130080206118537989, -6.000000000000000888, 0.9912401374410924060 ) ) ;
#2219 = CARTESIAN_POINT ( 'NONE',  ( -0.8273505533098443054, 0.04465818296085999339, 1.433012537855296253 ) ) ;
#2220 = CARTESIAN_POINT ( 'NONE',  ( -0.5011506832209284834, -6.000000000000000000, -0.8678315929632071102 ) ) ;
#2221 = CARTESIAN_POINT ( 'NONE',  ( -0.5773500709217029847, -5.872008483705802639, -1.000000114470012580 ) ) ;
#2222 = EDGE_CURVE ( 'NONE', #1313, #159, #1894, .T. ) ;
#2223 = CARTESIAN_POINT ( 'NONE',  ( 1.654700538379217045, -3.788675150372477152, 3.280740208900244452E-07 ) ) ;
#2224 = CARTESIAN_POINT ( 'NONE',  ( 1.982679114409641947E-07, -5.913675150372469602, -0.9999999999999806821 ) ) ;
#2225 = CARTESIAN_POINT ( 'NONE',  ( 0.8660253046504661212, -5.580341817039136565, 0.5000001717050389649 ) ) ;
#2226 = VERTEX_POINT ( 'NONE', #1028 ) ;
#2227 = CLOSED_SHELL ( 'NONE', ( #275, #1102, #1665, #2168, #1112, #1376, #1561, #1043, #1817, #2136, #377, #1755, #1909, #621, #1181, #2030, #749, #516, #2104, #402, #2152, #1009 ) ) ;
#2228 = CARTESIAN_POINT ( 'NONE',  ( -0.7951076316418862477, -6.000000000000000000, 0.6099897828182744286 ) ) ;
#2229 = CARTESIAN_POINT ( 'NONE',  ( 0.09817475406222044010, -5.500000000000000000, 1.500000000000000222 ) ) ;
ENDSEC;
END-ISO-10303-21;
